{"type":"FeatureCollection","features":[{"type":"Feature","id":"Amarilla 2","properties":{"ref":"Amarilla 2","nombre":"Amarilla 2","variantes":2,"osmid":18178800,"paradas":0,"sin_nombre":false},"geometry":{"type":"MultiLineString","coordinates":[[[-101.1637804,19.7067356],[-101.1635419,19.7064945],[-101.1631072,19.7066552],[-101.1619471,19.7056402],[-101.1616957,19.7051483]],[[-101.1634289,19.704466],[-101.1616957,19.7051483]],[[-101.1638919,19.7054638],[-101.1634289,19.704466]],[[-101.1641089,19.7063832],[-101.1638919,19.7054638]],[[-101.1656597,19.7062498],[-101.1641089,19.7063832]],[[-101.1662658,19.7033503],[-101.1656597,19.7062498]],[[-101.1662658,19.7033503],[-101.1645017,19.7032053],[-101.1660167,19.6963234],[-101.1682834,19.6967552],[-101.1682996,19.6959152],[-101.1698836,19.6962717],[-101.171238,19.6901807],[-101.1721972,19.6903747],[-101.1742094,19.6819456],[-101.1812472,19.6815704],[-101.1813595,19.6818493],[-101.1801526,19.6882916],[-101.1985199,19.6931074],[-101.2002564,19.6937324],[-101.2026796,19.6952057],[-101.2029141,19.6948278]],[[-101.2032678,19.6938834],[-101.2029141,19.6948278]],[[-101.2034631,19.692416],[-101.2032678,19.6938834]],[[-101.2036367,19.6910942],[-101.2034631,19.692416]],[[-101.2036367,19.6910942],[-101.2119575,19.6922326],[-101.208181,19.7003275],[-101.2066918,19.7019513],[-101.2079292,19.706481],[-101.2088991,19.7083426]],[[-101.2090899,19.7083566],[-101.2088991,19.7083426]],[[-101.2092649,19.7083417],[-101.2090899,19.7083566]],[[-101.2093526,19.7083379],[-101.2092649,19.7083417]],[[-101.2101211,19.7084632],[-101.2093526,19.7083379]],[[-101.2106494,19.7085968],[-101.2101211,19.7084632]],[[-101.2115526,19.708959],[-101.2106494,19.7085968]],[[-101.211612,19.7089862],[-101.2115526,19.708959]],[[-101.2117851,19.7090562],[-101.211612,19.7089862]],[[-101.211843,19.7090788],[-101.2117851,19.7090562]],[[-101.211843,19.7090788],[-101.212952,19.7095083],[-101.214279,19.7095997],[-101.2139343,19.7081828]],[[-101.2153031,19.7079026],[-101.2139343,19.7081828]],[[-101.2153986,19.7078816],[-101.2153031,19.7079026]],[[-101.2177956,19.7082591],[-101.2153986,19.7078816]],[[-101.2177591,19.7080874],[-101.2177956,19.7082591]],[[-101.2177591,19.7080874],[-101.2186594,19.7080055],[-101.2194204,19.7108211]],[[-101.2186851,19.7109685],[-101.2194204,19.7108211]],[[-101.2186851,19.7109685],[-101.2188756,19.7115173]],[[-101.2179471,19.7117122],[-101.2188756,19.7115173]],[[-101.2185527,19.7172022],[-101.2186389,19.7142055],[-101.2179471,19.7117122]],[[-101.2185502,19.7172926],[-101.2185527,19.7172022]],[[-101.2185502,19.7172926],[-101.221981,19.7173944],[-101.2218028,19.7200667]],[[-101.2229261,19.7201735],[-101.2218028,19.7200667]],[[-101.2229395,19.7199888],[-101.2229261,19.7201735]],[[-101.2229395,19.7199888],[-101.2243132,19.7201379],[-101.2246102,19.7197756],[-101.2243085,19.7179942],[-101.2247905,19.7172275],[-101.2283546,19.7194901],[-101.2310774,19.7153467],[-101.2364297,19.7079341],[-101.2372314,19.7073002],[-101.2385042,19.7067192],[-101.2435242,19.7054271],[-101.2444739,19.7046446],[-101.244827,19.7037995]],[[-101.2457695,19.7042892],[-101.244827,19.7037995]],[[-101.2457695,19.7042892],[-101.2431114,19.7070255],[-101.2437654,19.7076001],[-101.2478477,19.7033688]],[[-101.2494135,19.7047317],[-101.2478477,19.7033688]],[[-101.250141,19.704011],[-101.2494135,19.7047317]],[[-101.2504446,19.7036933],[-101.250141,19.704011]],[[-101.2511091,19.7030424],[-101.2504446,19.7036933]],[[-101.2511091,19.7030424],[-101.2518916,19.702355],[-101.2543814,19.7016943]],[[-101.2545463,19.7028205],[-101.2543814,19.7016943]],[[-101.2549098,19.7046569],[-101.2545463,19.7028205]],[[-101.2546445,19.7046769],[-101.2549098,19.7046569]],[[-101.2548772,19.7060439],[-101.2546445,19.7046769]],[[-101.2552039,19.7087646],[-101.2548772,19.7060439]],[[-101.2552039,19.7087646],[-101.2545863,19.7089278]],[[-101.255735,19.7101231],[-101.2545863,19.7089278]],[[-101.2564386,19.7108624],[-101.255735,19.7101231]],[[-101.2566141,19.7107091],[-101.2564386,19.7108624]],[[-101.2584774,19.7125728],[-101.2566141,19.7107091]],[[-101.2584774,19.7125728],[-101.2603041,19.7109304]],[[-101.2603041,19.7109304],[-101.2605908,19.7106792]],[[-101.2584774,19.7125728],[-101.2603041,19.7109304]],[[-101.2584774,19.7125728],[-101.2566141,19.7107091],[-101.2564386,19.7108624],[-101.2545863,19.7089278]],[[-101.2552039,19.7087646],[-101.2545863,19.7089278]],[[-101.2552039,19.7087646],[-101.2548772,19.7060439],[-101.2551677,19.7060149],[-101.2543814,19.7016198],[-101.2517487,19.7023499],[-101.2494135,19.7047317],[-101.2478477,19.7033688]],[[-101.2462863,19.7049645],[-101.2478477,19.7033688]],[[-101.2461939,19.7050692],[-101.2462863,19.7049645]],[[-101.2461939,19.7050692],[-101.2443924,19.7069276]],[[-101.2437654,19.7076001],[-101.2443924,19.7069276]],[[-101.2431114,19.7070255],[-101.2437654,19.7076001]],[[-101.2445179,19.7055548],[-101.2431114,19.7070255]],[[-101.2457695,19.7042892],[-101.2445179,19.7055548]],[[-101.2457695,19.7042892],[-101.244827,19.7037995],[-101.2448034,19.7030903],[-101.2440155,19.7012082],[-101.2438008,19.7000162],[-101.2436766,19.6998998],[-101.2429822,19.7001137],[-101.2444136,19.7031851],[-101.2443278,19.7040336],[-101.2440274,19.7045336],[-101.243273,19.7050829],[-101.2382292,19.7063517],[-101.2362399,19.7074981],[-101.2313141,19.714193],[-101.2264024,19.721435],[-101.2243762,19.7200659]],[[-101.2243132,19.7201379],[-101.2243762,19.7200659]],[[-101.2229395,19.7199888],[-101.2243132,19.7201379]],[[-101.2229395,19.7199888],[-101.2229261,19.7201735],[-101.2218028,19.7200667]],[[-101.221981,19.7173944],[-101.2218028,19.7200667]],[[-101.2219859,19.7173211],[-101.221981,19.7173944]],[[-101.2219859,19.7173211],[-101.2185527,19.7172022],[-101.2186389,19.7142055],[-101.2179471,19.7117122],[-101.2188756,19.7115173]],[[-101.2186851,19.7109685],[-101.2188756,19.7115173]],[[-101.2186851,19.7109685],[-101.2194204,19.7108211]],[[-101.2186594,19.7080055],[-101.2194204,19.7108211]],[[-101.2177591,19.7080874],[-101.2186594,19.7080055]],[[-101.2177591,19.7080874],[-101.2177956,19.7082591],[-101.2153986,19.7078816],[-101.2139343,19.7081828]],[[-101.214279,19.7095997],[-101.2139343,19.7081828]],[[-101.2125841,19.7094005],[-101.214279,19.7095997]],[[-101.211843,19.7090788],[-101.2125841,19.7094005]],[[-101.211843,19.7090788],[-101.2106494,19.7085968],[-101.2093526,19.7083379],[-101.2085358,19.7070628],[-101.2074113,19.7032297],[-101.209801,19.7031704],[-101.2097047,19.7019998],[-101.2074175,19.7020528],[-101.2121832,19.6921733],[-101.203662,19.6909556],[-101.2031857,19.6943319],[-101.2029141,19.6948278],[-101.2012452,19.6937244],[-101.1996679,19.6930684],[-101.1810043,19.6881601]],[[-101.1810446,19.687621],[-101.1810043,19.6881601]],[[-101.1811134,19.6867355],[-101.1810446,19.687621]],[[-101.1811665,19.6861701],[-101.1811134,19.6867355]],[[-101.1811665,19.6861701],[-101.1805696,19.6860743]],[[-101.1806336,19.6857378],[-101.1805696,19.6860743]],[[-101.1807915,19.684892],[-101.1806336,19.6857378]],[[-101.1813595,19.6818493],[-101.1807915,19.684892]],[[-101.1813362,19.6812716],[-101.1813595,19.6818493]],[[-101.1813362,19.6812716],[-101.1741141,19.6817744],[-101.1720511,19.6903465],[-101.1721972,19.6903747],[-101.1707184,19.697083],[-101.164499,19.6958961],[-101.1634091,19.6958331],[-101.1635219,19.6959667],[-101.1660167,19.6963234]],[[-101.164786,19.7019139],[-101.1660167,19.6963234]],[[-101.1645017,19.7032053],[-101.164786,19.7019139]],[[-101.1662658,19.7033503],[-101.1645017,19.7032053]],[[-101.1662658,19.7033503],[-101.1656597,19.7062498]],[[-101.166203,19.7063674],[-101.1656597,19.7062498]],[[-101.166203,19.7063674],[-101.166241,19.707718],[-101.1657166,19.7077271]],[[-101.1657304,19.7092093],[-101.1657166,19.7077271]],[[-101.1657304,19.7092093],[-101.1651585,19.7092394],[-101.1634765,19.7072095]]]}},{"type":"Feature","id":"Arroyo Colorado","properties":{"ref":"Arroyo Colorado","nombre":"Arroyo Colorado","variantes":1,"osmid":18180696,"paradas":0,"sin_nombre":false},"geometry":{"type":"MultiLineString","coordinates":[[[-101.2547669,19.5951438],[-101.2551532,19.5932416],[-101.2554462,19.5930685],[-101.264842,19.5949024],[-101.2686802,19.5952523],[-101.2687647,19.5936794],[-101.2737188,19.594488]],[[-101.281984,19.5947356],[-101.2768771,19.595083],[-101.2737188,19.594488]],[[-101.281984,19.5947356],[-101.2826519,19.5948645]],[[-101.2845106,19.5949604],[-101.2826519,19.5948645]],[[-101.2864164,19.5952739],[-101.2845106,19.5949604]],[[-101.2864164,19.5952739],[-101.2878379,19.5944613]],[[-101.2879114,19.5945593],[-101.2878379,19.5944613]],[[-101.288082,19.5947027],[-101.2879114,19.5945593]],[[-101.2905879,19.599872],[-101.29026,19.5985701],[-101.2916172,19.5965916],[-101.2889202,19.5948897],[-101.288082,19.5947027]],[[-101.2905879,19.599872],[-101.2784031,19.6254558],[-101.2775024,19.6267829],[-101.2731918,19.6314342],[-101.272672,19.632315],[-101.2717981,19.6351583],[-101.2703736,19.6372406],[-101.2691174,19.6379429],[-101.266438,19.6381165],[-101.2609676,19.6396635],[-101.2579383,19.639625],[-101.2565647,19.6400702],[-101.2506929,19.644276],[-101.2500671,19.6449244],[-101.2448113,19.6527599],[-101.2406459,19.6585539],[-101.2385312,19.6597773],[-101.2263362,19.6648686],[-101.2253417,19.6655245],[-101.2244643,19.6664132],[-101.2184519,19.6786212],[-101.208181,19.7003275],[-101.2077407,19.7008754],[-101.2069133,19.7014106],[-101.2059698,19.6985271],[-101.2061708,19.6985411],[-101.2079236,19.7010269],[-101.2121315,19.6922971],[-101.2162356,19.6964361]]]}},{"type":"Feature","id":"Azul A Soriana-CBTA","properties":{"ref":"Azul A Soriana-CBTA","nombre":"Azul A Soriana-CBTA","variantes":3,"osmid":18097006,"paradas":0,"sin_nombre":false},"geometry":{"type":"MultiLineString","coordinates":[[[-101.2283331,19.6585373],[-101.228907,19.6605752],[-101.2307496,19.6622044],[-101.2322275,19.6645117],[-101.2352988,19.6673214],[-101.2358256,19.6689733],[-101.2357912,19.6695462]],[[-101.2359008,19.669568],[-101.2357912,19.6695462]],[[-101.2368263,19.6677237],[-101.2359008,19.669568]],[[-101.2368263,19.6677237],[-101.2368581,19.667763]],[[-101.2372127,19.6681325],[-101.2368581,19.667763]],[[-101.2394203,19.6677926],[-101.2372127,19.6681325]],[[-101.2409637,19.6714393],[-101.2394203,19.6677926]],[[-101.2409637,19.6714393],[-101.2400519,19.6717876],[-101.2410482,19.6742535],[-101.2409824,19.6747116],[-101.2442812,19.6819225],[-101.2382484,19.6872505],[-101.2380223,19.6872286],[-101.236983,19.684745],[-101.2292616,19.688447],[-101.2258277,19.6913583],[-101.2250583,19.6913832],[-101.2245442,19.6909668],[-101.2190388,19.695766],[-101.2181376,19.6969375],[-101.2127257,19.7018057],[-101.2075193,19.7021489],[-101.2076201,19.7015263],[-101.207013,19.7013209],[-101.205907,19.702244],[-101.2016882,19.7028391],[-101.2018998,19.7043489],[-101.1982716,19.7048779],[-101.185453,19.704533],[-101.1795494,19.7040445],[-101.1768906,19.7052553],[-101.1761448,19.705008],[-101.1725032,19.7049452],[-101.1667764,19.7049759],[-101.1650008,19.7052701],[-101.1639247,19.7029543],[-101.1603418,19.704385],[-101.1499653,19.6962732],[-101.1495126,19.6956725],[-101.1496873,19.6936738],[-101.150803,19.690253],[-101.1528873,19.687879],[-101.1534016,19.6875006],[-101.1538644,19.6874248],[-101.1578541,19.6877698],[-101.1578718,19.6876222],[-101.1574569,19.6875362],[-101.1538223,19.6871475],[-101.1530409,19.6873466],[-101.152479,19.6878612]],[[-101.2409637,19.6714393],[-101.2400519,19.6717876],[-101.2410482,19.6742535],[-101.2409824,19.6747116],[-101.2442812,19.6819225],[-101.2382484,19.6872505],[-101.2380223,19.6872286],[-101.236983,19.684745],[-101.2292616,19.688447],[-101.2258277,19.6913583],[-101.2250583,19.6913832],[-101.2245442,19.6909668],[-101.2190388,19.695766],[-101.2181376,19.6969375],[-101.2127257,19.7018057],[-101.2097047,19.7019998]],[[-101.2075193,19.7021489],[-101.2076201,19.7015263],[-101.207013,19.7013209],[-101.205907,19.702244],[-101.2016882,19.7028391],[-101.2018998,19.7043489],[-101.1984665,19.7048668],[-101.1950022,19.7047832]],[[-101.1940758,19.7047654],[-101.189618,19.7046494]],[[-101.1887336,19.7046252],[-101.1824662,19.7042712]],[[-101.1795494,19.7040445],[-101.1768906,19.7052553],[-101.1761448,19.705008]],[[-101.1752404,19.7049599],[-101.1667764,19.7049759],[-101.1650008,19.7052701],[-101.1639247,19.7029543],[-101.1603418,19.704385],[-101.1512064,19.6972346]],[[-101.1509065,19.6970102],[-101.1495126,19.6956725],[-101.1495153,19.6948689]],[[-101.1495481,19.6945941],[-101.1497415,19.6934817],[-101.1508548,19.6901447],[-101.1531295,19.687662],[-101.1538644,19.6874248],[-101.1578541,19.6877698],[-101.1578718,19.6876222],[-101.1574569,19.6875362],[-101.1538223,19.6871475],[-101.1530409,19.6873466],[-101.152479,19.6878612]],[[-101.1761448,19.705008],[-101.1752404,19.7049599]]]}},{"type":"Feature","id":"Azul B Michelena","properties":{"ref":"Azul B Michelena","nombre":"Azul B Michelena","variantes":2,"osmid":18073848,"paradas":0,"sin_nombre":false},"geometry":{"type":"MultiLineString","coordinates":[[[-101.2246154,19.6738101],[-101.2299718,19.6741094],[-101.2299583,19.6765277],[-101.2301099,19.676861]],[[-101.2303367,19.6772081],[-101.2336628,19.6784377],[-101.2342522,19.6788644],[-101.2368338,19.684817],[-101.2354986,19.6854623]],[[-101.2354519,19.685481],[-101.2326058,19.6868417]],[[-101.2272679,19.6901623],[-101.2256743,19.6914102],[-101.2250583,19.6913832],[-101.2245442,19.6909668],[-101.2190388,19.695766],[-101.2181376,19.6969375],[-101.2127257,19.7018057],[-101.2097047,19.7019998]],[[-101.2075193,19.7021489],[-101.2076201,19.7015263],[-101.207013,19.7013209],[-101.205907,19.702244],[-101.2016882,19.7028391],[-101.2018998,19.7043489],[-101.1984665,19.7048668],[-101.189618,19.7046494]],[[-101.1887336,19.7046252],[-101.1824662,19.7042712]],[[-101.1795494,19.7040445],[-101.1778103,19.7048486]],[[-101.1768906,19.7052553],[-101.1761448,19.705008]],[[-101.1752404,19.7049599],[-101.1676937,19.7049853],[-101.1676743,19.7074043],[-101.1667603,19.7074203]],[[-101.1667626,19.7077081],[-101.1667603,19.7074203]],[[-101.1667626,19.7077081],[-101.1640188,19.7077262],[-101.1610386,19.7051266],[-101.160847,19.7052591],[-101.1622685,19.7064231],[-101.155169,19.7090167]],[[-101.1484382,19.7115202],[-101.144068,19.7131382],[-101.1450325,19.7155739],[-101.1466293,19.7175189]],[[-101.1441158,19.7132542],[-101.1450325,19.7155739],[-101.1466293,19.7175189]],[[-101.1441158,19.7132542],[-101.1455199,19.7127467]],[[-101.1464666,19.7150454],[-101.1455199,19.7127467]],[[-101.1490738,19.7139827],[-101.1464666,19.7150454]],[[-101.148475,19.7116666],[-101.1490738,19.7139827]],[[-101.148475,19.7116666],[-101.1585123,19.7078455]],[[-101.1615729,19.7067629],[-101.1585123,19.7078455]],[[-101.1616387,19.706715],[-101.1615729,19.7067629]],[[-101.1597732,19.7052966],[-101.1616387,19.706715]],[[-101.1597732,19.7052966],[-101.1600682,19.7049505]],[[-101.1600818,19.7048752],[-101.1600682,19.7049505]],[[-101.160111,19.70467],[-101.1600818,19.7048752]],[[-101.160111,19.70467],[-101.1606207,19.705061],[-101.1607602,19.7049915],[-101.1601706,19.7044822]],[[-101.1603418,19.704385],[-101.1601706,19.7044822]],[[-101.1624055,19.7035512],[-101.1603418,19.704385]],[[-101.1639247,19.7029543],[-101.1624055,19.7035512]],[[-101.1650008,19.7052701],[-101.1639247,19.7029543]],[[-101.1676937,19.7049853],[-101.1650008,19.7052701]],[[-101.171595,19.7049682],[-101.1676937,19.7049853]],[[-101.1743293,19.7049542],[-101.171595,19.7049682]],[[-101.1752404,19.7049599],[-101.1743293,19.7049542]],[[-101.1761448,19.705008],[-101.1752404,19.7049599]],[[-101.1768906,19.7052553],[-101.1761448,19.705008]],[[-101.1778103,19.7048486],[-101.1768906,19.7052553]],[[-101.1812142,19.7061204],[-101.1787616,19.7057226],[-101.1778103,19.7048486]],[[-101.1822368,19.7061192],[-101.1812142,19.7061204]],[[-101.1822368,19.7061192],[-101.1854623,19.7056448],[-101.18938,19.7055964],[-101.1891116,19.7069041],[-101.1912416,19.7058913],[-101.1913578,19.7051992],[-101.1922972,19.7051928],[-101.1922895,19.7055628],[-101.2001109,19.7055711],[-101.200786,19.7060523],[-101.2009571,19.7057115],[-101.204004,19.7042621],[-101.2062627,19.7023348],[-101.21263,19.7020453],[-101.218131,19.6970712],[-101.219049,19.6958711],[-101.2244711,19.6911336],[-101.2250712,19.6915028],[-101.2257315,19.6915011],[-101.2272679,19.6901623]],[[-101.2284995,19.6890245],[-101.2272679,19.6901623]],[[-101.2289024,19.6897971],[-101.2284995,19.6890245]],[[-101.2337712,19.6889794],[-101.2325656,19.6902073],[-101.2315947,19.6905154],[-101.2289024,19.6897971]],[[-101.2337712,19.6889794],[-101.2326058,19.6868417]],[[-101.2353382,19.6855356],[-101.2326058,19.6868417]],[[-101.2354519,19.685481],[-101.2353382,19.6855356]],[[-101.2354986,19.6854623],[-101.2354519,19.685481]],[[-101.2365938,19.6849358],[-101.2354986,19.6854623]],[[-101.2368338,19.684817],[-101.2365938,19.6849358]],[[-101.236983,19.684745],[-101.2368338,19.684817]],[[-101.236983,19.684745],[-101.2342832,19.6787066],[-101.2336777,19.6782656],[-101.230373,19.6770195]],[[-101.230086,19.6767697],[-101.2301099,19.676861]],[[-101.2299718,19.6741094],[-101.230086,19.6767697]],[[-101.2283556,19.6739696],[-101.2299718,19.6741094]],[[-101.2263846,19.6739409],[-101.2283556,19.6739696]],[[-101.2251522,19.6738626],[-101.2263846,19.6739409]]]}},{"type":"Feature","id":"Azul B Xangari","properties":{"ref":"Azul B Xangari","nombre":"Azul B Xangari","variantes":2,"osmid":18074071,"paradas":0,"sin_nombre":false},"geometry":{"type":"MultiLineString","coordinates":[[[-101.1464666,19.7150454],[-101.1455199,19.7127467]],[[-101.1490738,19.7139827],[-101.1464666,19.7150454]],[[-101.148475,19.7116666],[-101.1490738,19.7139827]],[[-101.148475,19.7116666],[-101.1585123,19.7078455]],[[-101.1615729,19.7067629],[-101.1585123,19.7078455]],[[-101.1615729,19.7067629],[-101.1616914,19.7067538]],[[-101.1616387,19.706715],[-101.1616914,19.7067538]],[[-101.1597732,19.7052966],[-101.1616387,19.706715]],[[-101.1597732,19.7052966],[-101.160141,19.7049224],[-101.1607602,19.7049915],[-101.1601706,19.7044822]],[[-101.1603418,19.704385],[-101.1601706,19.7044822]],[[-101.1624055,19.7035512],[-101.1603418,19.704385]],[[-101.1639247,19.7029543],[-101.1624055,19.7035512]],[[-101.1650008,19.7052701],[-101.1639247,19.7029543]],[[-101.1676937,19.7049853],[-101.1650008,19.7052701]],[[-101.171595,19.7049682],[-101.1676937,19.7049853]],[[-101.1743293,19.7049542],[-101.171595,19.7049682]],[[-101.1752404,19.7049599],[-101.1743293,19.7049542]],[[-101.1761448,19.705008],[-101.1752404,19.7049599]],[[-101.1768906,19.7052553],[-101.1761448,19.705008]],[[-101.1778103,19.7048486],[-101.1768906,19.7052553]],[[-101.1812142,19.7061204],[-101.1787616,19.7057226],[-101.1778103,19.7048486]],[[-101.1822368,19.7061192],[-101.1812142,19.7061204]],[[-101.1822368,19.7061192],[-101.1854623,19.7056448],[-101.18938,19.7055964],[-101.1891116,19.7069041],[-101.1912416,19.7058913],[-101.1913578,19.7051992],[-101.1922972,19.7051928],[-101.1922895,19.7055628],[-101.2001109,19.7055711],[-101.20049,19.7059073],[-101.2033175,19.7046894],[-101.2062627,19.7023348],[-101.21263,19.7020453],[-101.218131,19.6970712],[-101.219049,19.6958711],[-101.2244711,19.6911336],[-101.2250712,19.6915028],[-101.2257315,19.6915011],[-101.2272679,19.6901623]],[[-101.2284995,19.6890245],[-101.2272679,19.6901623]],[[-101.2289024,19.6897971],[-101.2284995,19.6890245]],[[-101.2337712,19.6889794],[-101.2325656,19.6902073],[-101.2315947,19.6905154],[-101.2289024,19.6897971]],[[-101.2337712,19.6889794],[-101.2326058,19.6868417]],[[-101.2353382,19.6855356],[-101.2326058,19.6868417]],[[-101.2354519,19.685481],[-101.2353382,19.6855356]],[[-101.2354986,19.6854623],[-101.2354519,19.685481]],[[-101.2365938,19.6849358],[-101.2354986,19.6854623]],[[-101.2368338,19.684817],[-101.2365938,19.6849358]],[[-101.236983,19.684745],[-101.2368338,19.684817]],[[-101.236983,19.684745],[-101.2342832,19.6787066],[-101.2336777,19.6782656],[-101.230373,19.6770195]],[[-101.2300668,19.6769244],[-101.2232434,19.6766176],[-101.2214017,19.6768927],[-101.2209154,19.6767635],[-101.22028,19.6760226],[-101.2201899,19.6754748],[-101.2217528,19.6722727]],[[-101.2232053,19.6723777],[-101.2217528,19.6722727]],[[-101.2232101,19.6723463],[-101.2232053,19.6723777]],[[-101.2232631,19.6717068],[-101.2232101,19.6723463]],[[-101.2254768,19.67172],[-101.2232631,19.6717068]],[[-101.2254086,19.6723895],[-101.2254768,19.67172]],[[-101.2254086,19.6723895],[-101.225332,19.6723796]],[[-101.2251522,19.6738626],[-101.2263846,19.6739409],[-101.2265462,19.672518],[-101.2254086,19.6723895],[-101.2254768,19.67172],[-101.2232631,19.6717068],[-101.2232053,19.6723777],[-101.2217528,19.6722727],[-101.2236437,19.6681265],[-101.2246318,19.6665183],[-101.2257156,19.6654883],[-101.2255292,19.665256],[-101.2240164,19.6669684],[-101.2207248,19.6740315],[-101.2204441,19.6741685],[-101.2203037,19.6749445],[-101.2192975,19.6771148],[-101.2187136,19.6773835],[-101.2179131,19.6772918],[-101.2176994,19.6770958],[-101.2177477,19.6763242],[-101.2180528,19.6761841],[-101.220466,19.6771764],[-101.2232452,19.6767707],[-101.2294114,19.67697]],[[-101.2297252,19.6770111],[-101.2298416,19.6770417]],[[-101.2303367,19.6772081],[-101.2336628,19.6784377],[-101.2342522,19.6788644],[-101.2368338,19.684817],[-101.2326058,19.6868417]],[[-101.2337712,19.6889794],[-101.2326058,19.6868417]],[[-101.2337712,19.6889794],[-101.2325656,19.6902073],[-101.2315947,19.6905154],[-101.2289024,19.6897971],[-101.2284995,19.6890245],[-101.2258277,19.6913583],[-101.2250583,19.6913832],[-101.2245442,19.6909668],[-101.2190388,19.695766],[-101.2181376,19.6969375],[-101.2127257,19.7018057],[-101.2075193,19.7021489],[-101.2076201,19.7015263],[-101.207013,19.7013209],[-101.205907,19.702244],[-101.2016882,19.7028391],[-101.2018998,19.7043489],[-101.1984665,19.7048668],[-101.185453,19.704533],[-101.1795494,19.7040445],[-101.1768906,19.7052553],[-101.1752404,19.7049599],[-101.1676937,19.7049853],[-101.1676743,19.7074043],[-101.1667603,19.7074203]],[[-101.1667626,19.7077081],[-101.1667603,19.7074203]],[[-101.1667626,19.7077081],[-101.1640188,19.7077262],[-101.1610386,19.7051266],[-101.160847,19.7052591],[-101.1622685,19.7064231],[-101.155169,19.7090167]]]}},{"type":"Feature","id":"Azul C","properties":{"ref":"Azul C","nombre":"Azul C","variantes":1,"osmid":18096838,"paradas":0,"sin_nombre":false},"geometry":{"type":"MultiLineString","coordinates":[[[-101.2410482,19.6742535],[-101.2409691,19.6745802]],[[-101.2400519,19.6717876],[-101.2410482,19.6742535]],[[-101.2404718,19.6716191],[-101.2400519,19.6717876]],[[-101.2414639,19.6741062],[-101.2404718,19.6716191]],[[-101.2414639,19.6741062],[-101.2410482,19.6742535],[-101.2409824,19.6747116],[-101.2442812,19.6819225],[-101.2382484,19.6872505],[-101.2380223,19.6872286],[-101.2342832,19.6787066],[-101.2336777,19.6782656],[-101.230373,19.6770195]],[[-101.2303367,19.6772081],[-101.2336628,19.6784377],[-101.2342522,19.6788644],[-101.2368338,19.684817]],[[-101.2365938,19.6849358],[-101.2292616,19.688447],[-101.2258277,19.6913583],[-101.2250583,19.6913832],[-101.2245442,19.6909668],[-101.2190388,19.695766],[-101.2181376,19.6969375],[-101.2127257,19.7018057],[-101.2075193,19.7021489],[-101.2076201,19.7015263],[-101.2072159,19.7013236],[-101.206795,19.7017057],[-101.2066857,19.7020756],[-101.2079292,19.706481],[-101.2088991,19.7083426]],[[-101.2090899,19.7083566],[-101.2088991,19.7083426]],[[-101.2092649,19.7083417],[-101.2090899,19.7083566]],[[-101.2093526,19.7083379],[-101.2092649,19.7083417]],[[-101.2101211,19.7084632],[-101.2093526,19.7083379]],[[-101.2106494,19.7085968],[-101.2101211,19.7084632]],[[-101.2115526,19.708959],[-101.2106494,19.7085968]],[[-101.2115526,19.708959],[-101.210137,19.7113917],[-101.2091917,19.7125148],[-101.2071364,19.7138275],[-101.2052229,19.7143848],[-101.2028917,19.7143442],[-101.1920705,19.7119285],[-101.1903066,19.7119642],[-101.1862569,19.7131816],[-101.1780348,19.7191536],[-101.1778166,19.7191984],[-101.1769755,19.7186842],[-101.1768821,19.7188228],[-101.1787929,19.7202678]],[[-101.1776127,19.7211183],[-101.1787929,19.7202678]],[[-101.1773712,19.7215652],[-101.1776127,19.7211183]],[[-101.1751746,19.7238202],[-101.176977,19.7222999],[-101.1773712,19.7215652]],[[-101.1751746,19.7238202],[-101.1735919,19.7249939],[-101.1727981,19.725994],[-101.1728731,19.7271953],[-101.1731685,19.7278703],[-101.1729271,19.7279545],[-101.1729739,19.7283054],[-101.1711053,19.7324681],[-101.1641257,19.7326811],[-101.1640766,19.7351956]]]}},{"type":"Feature","id":"Café Oro 2A","properties":{"ref":"Café Oro 2A","nombre":"Café Oro 2A","variantes":1,"osmid":18179070,"paradas":0,"sin_nombre":false},"geometry":{"type":"MultiLineString","coordinates":[[[-101.1881365,19.7210635],[-101.1879818,19.7213994]],[[-101.1881365,19.7210635],[-101.185074,19.7196146],[-101.1829569,19.7189401],[-101.1820584,19.7189963],[-101.1798113,19.7200225],[-101.1785745,19.7197644],[-101.1666075,19.7106781],[-101.1663325,19.7098703],[-101.1654755,19.7095862],[-101.1638628,19.7075268],[-101.1601706,19.7044822]],[[-101.1603418,19.704385],[-101.1601706,19.7044822]],[[-101.1603418,19.704385],[-101.1499653,19.6962732],[-101.1495126,19.6956725],[-101.1496873,19.6936738],[-101.1508548,19.6901447],[-101.1528873,19.687879],[-101.1535918,19.6874484],[-101.1605249,19.6880498],[-101.1658031,19.6843914],[-101.1828298,19.6890536],[-101.1952508,19.6922395],[-101.1955241,19.6922907],[-101.1955406,19.6917526],[-101.1994068,19.6918079],[-101.2062577,19.692835]],[[-101.2060755,19.6942521],[-101.2062577,19.692835]],[[-101.2056081,19.6976868],[-101.2060755,19.6942521]],[[-101.2062785,19.6977522],[-101.2056081,19.6976868]],[[-101.2082464,19.6979938],[-101.2062785,19.6977522]],[[-101.2092273,19.6981392],[-101.2082464,19.6979938]],[[-101.2092273,19.6981392],[-101.2090498,19.6985027]],[[-101.2105136,19.6999906],[-101.2090498,19.6985027]],[[-101.2115503,19.6999519],[-101.2105136,19.6999906]],[[-101.2116883,19.7018157],[-101.2115503,19.6999519]],[[-101.2127257,19.7018057],[-101.2116883,19.7018157]],[[-101.2127257,19.7018057],[-101.21263,19.7020453],[-101.2157623,19.7037409],[-101.2161295,19.7037738],[-101.21551,19.7058167],[-101.2152277,19.7076131],[-101.2156251,19.7092827],[-101.2156491,19.710401],[-101.2161117,19.7114114],[-101.2160519,19.7121992]],[[-101.2161277,19.7122095],[-101.2160519,19.7121992]],[[-101.2161277,19.7122095],[-101.2166926,19.7120737],[-101.2171347,19.7113781],[-101.2184918,19.7105439]],[[-101.2184346,19.7104824],[-101.2184918,19.7105439]],[[-101.2182603,19.7099347],[-101.2184346,19.7104824]],[[-101.2182603,19.7099347],[-101.2202831,19.7095228]],[[-101.2201437,19.7089831],[-101.2202831,19.7095228]],[[-101.2198707,19.7078923],[-101.2201437,19.7089831]],[[-101.2198707,19.7078923],[-101.2210511,19.7077712],[-101.2254952,19.7066999],[-101.2260899,19.7089549]],[[-101.2262403,19.7089181],[-101.2260899,19.7089549]],[[-101.2262403,19.7089181],[-101.2259416,19.7077952]],[[-101.2277189,19.7074731],[-101.2259416,19.7077952]],[[-101.2281494,19.7091119],[-101.2277189,19.7074731]],[[-101.2282949,19.709644],[-101.2281494,19.7091119]],[[-101.2284438,19.7102084],[-101.2282949,19.709644]],[[-101.2285919,19.7107279],[-101.2284438,19.7102084]],[[-101.2285919,19.7107279],[-101.2292806,19.7106324],[-101.2311013,19.7118794]],[[-101.2316236,19.7118122],[-101.2311013,19.7118794]],[[-101.2321259,19.7120662],[-101.2316236,19.7118122]],[[-101.2320533,19.7121787],[-101.2321259,19.7120662]],[[-101.2320533,19.7121787],[-101.2325661,19.7125648],[-101.2278661,19.719185],[-101.2283546,19.7194901],[-101.2310774,19.7153467],[-101.2364297,19.7079341],[-101.2380935,19.706869],[-101.2424248,19.7057292]],[[-101.2424326,19.7058209],[-101.2424248,19.7057292]],[[-101.2427338,19.709807],[-101.2424326,19.7058209]],[[-101.2427865,19.7106213],[-101.2427338,19.709807]],[[-101.2427865,19.7106213],[-101.2394534,19.7147217]]]}},{"type":"Feature","id":"Café Oro 2B Madero","properties":{"ref":"Café Oro 2B Madero","nombre":"Café Oro 2B Madero","variantes":2,"osmid":17945393,"paradas":0,"sin_nombre":false},"geometry":{"type":"MultiLineString","coordinates":[[[-101.1821989,19.7066891],[-101.1822368,19.7061192],[-101.1854623,19.7056448],[-101.18938,19.7055964],[-101.1891116,19.7069041],[-101.1912416,19.7058913],[-101.1913578,19.7051992],[-101.1922972,19.7051928],[-101.1922895,19.7055628],[-101.1940639,19.7055952],[-101.1940359,19.707264],[-101.1961885,19.7073314],[-101.1980736,19.7068204],[-101.1982441,19.7056064],[-101.2001935,19.7055674],[-101.2009461,19.70526],[-101.2009812,19.7044825]],[[-101.2018998,19.7043489],[-101.2009812,19.7044825]],[[-101.2018222,19.7037953],[-101.2018998,19.7043489]],[[-101.2016882,19.7028391],[-101.2018222,19.7037953]],[[-101.2033319,19.7025896],[-101.2016882,19.7028391]],[[-101.2033319,19.7025896],[-101.2124116,19.7019589],[-101.2157623,19.7037409],[-101.2161295,19.7037738],[-101.21551,19.7058167],[-101.2152277,19.7076131],[-101.2156251,19.7092827],[-101.2156491,19.710401],[-101.2161117,19.7114114],[-101.2160519,19.7121992]],[[-101.2161277,19.7122095],[-101.2160519,19.7121992]],[[-101.2161277,19.7122095],[-101.2166926,19.7120737],[-101.2171347,19.7113781],[-101.2184918,19.7105439]],[[-101.2184346,19.7104824],[-101.2184918,19.7105439]],[[-101.2184346,19.7104824],[-101.2204293,19.7100777]],[[-101.2202831,19.7095228],[-101.2204293,19.7100777]],[[-101.2201437,19.7089831],[-101.2202831,19.7095228]],[[-101.2201437,19.7089831],[-101.2258004,19.707849],[-101.2272383,19.7132251],[-101.2294644,19.7150416],[-101.2293115,19.7157966],[-101.2297983,19.7163464],[-101.2278661,19.719185],[-101.2305405,19.7207576]],[[-101.2293993,19.7224598],[-101.2305405,19.7207576]],[[-101.2307076,19.7232471],[-101.2293993,19.7224598]],[[-101.2295746,19.7249694],[-101.2307076,19.7232471]],[[-101.2290125,19.7257139],[-101.2295746,19.7249694]],[[-101.2290125,19.7257139],[-101.2335778,19.7267828],[-101.2333303,19.7280554]],[[-101.2352029,19.7283416],[-101.2333303,19.7280554]],[[-101.2349228,19.7294914],[-101.2352029,19.7283416]],[[-101.2349228,19.7294914],[-101.2342115,19.7293889],[-101.2341478,19.7297704]],[[-101.2338457,19.7297256],[-101.2341478,19.7297704]],[[-101.2334909,19.7314822],[-101.2338457,19.7297256]],[[-101.2340587,19.7306682],[-101.2338665,19.731744]],[[-101.2340587,19.7306682],[-101.2342199,19.7301482],[-101.2341134,19.7299395]],[[-101.2341478,19.7297704],[-101.2341134,19.7299395]],[[-101.2341562,19.7297127],[-101.2341478,19.7297704]],[[-101.2342115,19.7293889],[-101.2341562,19.7297127]],[[-101.2349228,19.7294914],[-101.2342115,19.7293889]],[[-101.2349228,19.7294914],[-101.2352029,19.7283416],[-101.2333303,19.7280554]],[[-101.2335778,19.7267828],[-101.2333303,19.7280554]],[[-101.2324117,19.7263993],[-101.2335778,19.7267828]],[[-101.2290125,19.7257139],[-101.2324117,19.7263993]],[[-101.2290125,19.7257139],[-101.2318361,19.7215297]],[[-101.2305405,19.7207576],[-101.2318361,19.7215297]],[[-101.2287584,19.7196613],[-101.2305405,19.7207576]],[[-101.2287584,19.7196613],[-101.2284243,19.7193832],[-101.2297641,19.7173447],[-101.23232,19.7163316],[-101.2308654,19.7158341],[-101.2292224,19.7147761],[-101.2274513,19.7132738],[-101.2256439,19.7066656]],[[-101.2254952,19.7066999],[-101.2256439,19.7066656]],[[-101.2254952,19.7066999],[-101.2258004,19.707849]],[[-101.2212952,19.7087514],[-101.2258004,19.707849]],[[-101.2201437,19.7089831],[-101.2212952,19.7087514]],[[-101.2201437,19.7089831],[-101.2204293,19.7100777]],[[-101.2184346,19.7104824],[-101.2204293,19.7100777]],[[-101.2184346,19.7104824],[-101.2184918,19.7105439]],[[-101.2161277,19.7122095],[-101.2166926,19.7120737],[-101.2171347,19.7113781],[-101.2184918,19.7105439]],[[-101.2161277,19.7122095],[-101.2162987,19.7115643],[-101.2157549,19.7103896],[-101.2157268,19.7092609],[-101.2153337,19.7076095],[-101.2162684,19.7036385],[-101.2125891,19.7017717],[-101.2075193,19.7021489],[-101.2076201,19.7015263],[-101.207013,19.7013209],[-101.205907,19.702244],[-101.2016882,19.7028391],[-101.2018998,19.7043489],[-101.1984665,19.7048668],[-101.185453,19.704533],[-101.1795494,19.7040445]]]}},{"type":"Feature","id":"Café Oro 2B Michoacán","properties":{"ref":"Café Oro 2B Michoacán","nombre":"Café Oro 2B Michoacán","variantes":2,"osmid":17945639,"paradas":0,"sin_nombre":false},"geometry":{"type":"MultiLineString","coordinates":[[[-101.1822368,19.7061192],[-101.1824662,19.7042712]],[[-101.1822368,19.7061192],[-101.1854623,19.7056448],[-101.18938,19.7055964],[-101.1891116,19.7069041],[-101.1912416,19.7058913],[-101.1913578,19.7051992],[-101.1922972,19.7051928],[-101.1922895,19.7055628],[-101.1940639,19.7055952],[-101.1940359,19.707264],[-101.1961885,19.7073314],[-101.1980736,19.7068204],[-101.1982441,19.7056064],[-101.2001935,19.7055674],[-101.2009461,19.70526],[-101.2009812,19.7044825]],[[-101.2018998,19.7043489],[-101.2009812,19.7044825]],[[-101.2018222,19.7037953],[-101.2018998,19.7043489]],[[-101.2016882,19.7028391],[-101.2018222,19.7037953]],[[-101.2033319,19.7025896],[-101.2016882,19.7028391]],[[-101.2033319,19.7025896],[-101.2124116,19.7019589],[-101.2157623,19.7037409],[-101.2161295,19.7037738],[-101.21551,19.7058167],[-101.2152277,19.7076131],[-101.2156251,19.7092827],[-101.2156491,19.710401],[-101.2161117,19.7114114],[-101.2160519,19.7121992]],[[-101.2161277,19.7122095],[-101.2160519,19.7121992]],[[-101.2161277,19.7122095],[-101.2166926,19.7120737],[-101.2171347,19.7113781],[-101.2184918,19.7105439]],[[-101.2184346,19.7104824],[-101.2184918,19.7105439]],[[-101.2184346,19.7104824],[-101.2204293,19.7100777]],[[-101.2202831,19.7095228],[-101.2204293,19.7100777]],[[-101.2201437,19.7089831],[-101.2202831,19.7095228]],[[-101.2201437,19.7089831],[-101.2258004,19.707849],[-101.2272383,19.7132251],[-101.2294644,19.7150416],[-101.2293115,19.7157966],[-101.2297983,19.7163464],[-101.2278661,19.719185],[-101.2305405,19.7207576]],[[-101.2293993,19.7224598],[-101.2305405,19.7207576]],[[-101.2307076,19.7232471],[-101.2293993,19.7224598]],[[-101.2295746,19.7249694],[-101.2307076,19.7232471]],[[-101.2290125,19.7257139],[-101.2295746,19.7249694]],[[-101.2290125,19.7257139],[-101.2335778,19.7267828],[-101.2333303,19.7280554]],[[-101.2352029,19.7283416],[-101.2333303,19.7280554]],[[-101.2349228,19.7294914],[-101.2352029,19.7283416]],[[-101.2349228,19.7294914],[-101.2342115,19.7293889],[-101.2341478,19.7297704]],[[-101.2338457,19.7297256],[-101.2341478,19.7297704]],[[-101.2334909,19.7314822],[-101.2338457,19.7297256]],[[-101.2403687,19.6421628],[-101.2405076,19.6385356]],[[-101.2394742,19.6420934],[-101.2403687,19.6421628]],[[-101.2394742,19.6420934],[-101.2391089,19.6425623],[-101.2391305,19.6430574],[-101.2381082,19.643097],[-101.237931,19.6424498],[-101.2371903,19.642696],[-101.237001,19.6420885],[-101.2364464,19.6422662],[-101.236223,19.6416572],[-101.2350363,19.6420562],[-101.2358817,19.6447495],[-101.2374553,19.6447625]],[[-101.2369429,19.6479601],[-101.2374553,19.6447625]],[[-101.2369429,19.6479601],[-101.2370946,19.648347],[-101.2377981,19.6489986],[-101.2390582,19.6491236],[-101.2390397,19.6499333]],[[-101.2384602,19.650777],[-101.2390397,19.6499333]],[[-101.2365406,19.6523737],[-101.2374727,19.6522446],[-101.2384602,19.650777]],[[-101.2363959,19.6524071],[-101.2365406,19.6523737]],[[-101.2332467,19.653451],[-101.2342125,19.6529544],[-101.2363959,19.6524071]],[[-101.2307535,19.6542751],[-101.2316954,19.6542397],[-101.2332467,19.653451]],[[-101.2307535,19.6542751],[-101.2305416,19.6542097]],[[-101.2304371,19.654442],[-101.2305416,19.6542097]],[[-101.2283209,19.6581953],[-101.228842,19.65626],[-101.2302376,19.6549059],[-101.2304371,19.654442]],[[-101.2253481,19.6644048],[-101.2283209,19.6581953]],[[-101.2253481,19.6644048],[-101.2251698,19.6655717],[-101.2240164,19.6669684],[-101.20809,19.7004708],[-101.205907,19.702244],[-101.2042815,19.7023201],[-101.203891,19.7021446],[-101.2034108,19.7015618],[-101.2013987,19.6986417]],[[-101.1973714,19.6976316],[-101.2013987,19.6986417]],[[-101.1968819,19.6973484],[-101.1973714,19.6976316]],[[-101.1962107,19.69708],[-101.1968819,19.6973484]],[[-101.1952683,19.6968507],[-101.1962107,19.69708]],[[-101.1952683,19.6968507],[-101.1951188,19.6962549],[-101.1943004,19.6961633]],[[-101.1925813,19.6960189],[-101.1943004,19.6961633]],[[-101.1916736,19.6959116],[-101.1925813,19.6960189]],[[-101.1899216,19.6959258],[-101.1916736,19.6959116]],[[-101.1893666,19.6959538],[-101.1899216,19.6959258]],[[-101.1889708,19.6959309],[-101.1893666,19.6959538]],[[-101.1889708,19.6959309],[-101.1890126,19.6934901]],[[-101.1894523,19.6935332],[-101.1890126,19.6934901]],[[-101.1899263,19.6935624],[-101.1894523,19.6935332]],[[-101.1899263,19.6935624],[-101.1899216,19.6959258]]]}},{"type":"Feature","id":"Café1","properties":{"ref":"Café1","nombre":"Café1","variantes":1,"osmid":18074092,"paradas":0,"sin_nombre":false},"geometry":{"type":"MultiLineString","coordinates":[[[-101.2272848,19.7200119],[-101.2264024,19.721435],[-101.2243762,19.7200659]],[[-101.2243132,19.7201379],[-101.2243762,19.7200659]],[[-101.2229395,19.7199888],[-101.2243132,19.7201379]],[[-101.2229395,19.7199888],[-101.2229004,19.7214415],[-101.2231806,19.7223522],[-101.2208713,19.7211257],[-101.2168954,19.7183642],[-101.216376,19.7177398],[-101.2156866,19.7151568],[-101.2157592,19.7136143],[-101.2162987,19.7115643],[-101.2157549,19.7103896],[-101.2157268,19.7092609],[-101.2153337,19.7076095],[-101.2162684,19.7036385],[-101.2127257,19.7018057],[-101.2075193,19.7021489],[-101.2076201,19.7015263],[-101.207013,19.7013209],[-101.205907,19.702244],[-101.2016882,19.7028391],[-101.2001421,19.7030345],[-101.1950691,19.702965],[-101.1951122,19.7019116],[-101.1897752,19.7018098],[-101.1897674,19.7020364],[-101.1865993,19.7018711],[-101.1831819,19.702081],[-101.1831359,19.7006258]],[[-101.1821257,19.7005589],[-101.1831359,19.7006258]],[[-101.1821257,19.7005589],[-101.1824625,19.6982626],[-101.1825108,19.6963673],[-101.1806084,19.6962021],[-101.1808149,19.6950294],[-101.1790319,19.6947501]],[[-101.1792282,19.6935399],[-101.1790319,19.6947501]],[[-101.1795759,19.6914013],[-101.1792282,19.6935399]],[[-101.1796977,19.6907699],[-101.1795759,19.6914013]],[[-101.1797139,19.6906713],[-101.1796977,19.6907699]],[[-101.1798414,19.6899791],[-101.1797139,19.6906713]],[[-101.1800748,19.6886953],[-101.1798414,19.6899791]],[[-101.1801526,19.6882916],[-101.1800748,19.6886953]],[[-101.1801615,19.6882453],[-101.1801526,19.6882916]],[[-101.1802089,19.6879997],[-101.1801615,19.6882453]],[[-101.1802219,19.6879322],[-101.1802089,19.6879997]],[[-101.1802859,19.6876003],[-101.1802219,19.6879322]],[[-101.1805696,19.6860743],[-101.1802859,19.6876003]],[[-101.1806336,19.6857378],[-101.1805696,19.6860743]],[[-101.1807915,19.684892],[-101.1806336,19.6857378]],[[-101.1807915,19.684892],[-101.1736883,19.6835197],[-101.1721276,19.6900155],[-101.1608863,19.6877421],[-101.1602205,19.6878995],[-101.1539256,19.6871483],[-101.1530409,19.6873466],[-101.1510047,19.6893862],[-101.150592,19.6900388],[-101.1492981,19.6939128],[-101.1490779,19.695466],[-101.1492085,19.6961106],[-101.149686,19.6967138],[-101.1538486,19.6997377],[-101.1538076,19.7001669],[-101.1531799,19.7002822]],[[-101.1530661,19.7015275],[-101.1531799,19.7002822]],[[-101.1534326,19.7023599],[-101.1530661,19.7015275]],[[-101.1534326,19.7023599],[-101.1527727,19.70263],[-101.1540789,19.7054809]],[[-101.1558761,19.7047532],[-101.1540789,19.7054809]],[[-101.1564387,19.7060574],[-101.1558761,19.7047532]],[[-101.1491002,19.7063402],[-101.1564387,19.7060574]],[[-101.1491002,19.7063402],[-101.146402,19.7104928],[-101.1454367,19.7115193]]]}},{"type":"Feature","id":"Campestre (Misión del Valle)","properties":{"ref":"Campestre (Misión del Valle)","nombre":"Campestre (Misión del Valle)","variantes":1,"osmid":18074192,"paradas":0,"sin_nombre":false},"geometry":{"type":"MultiLineString","coordinates":[[[-101.1134873,19.7667456],[-101.1144394,19.7672028],[-101.1153088,19.7672533],[-101.1208261,19.7655409],[-101.1210654,19.7656549],[-101.1212319,19.76551],[-101.1211029,19.7652644],[-101.1213492,19.7645706],[-101.1219963,19.7639785]],[[-101.1225308,19.7640328],[-101.1219963,19.7639785]],[[-101.1225308,19.7640328],[-101.1227691,19.766548],[-101.1241857,19.7658087],[-101.126446,19.7654229]],[[-101.1266425,19.7661911],[-101.126446,19.7654229]],[[-101.1257956,19.7675038],[-101.1254007,19.7672286],[-101.1254275,19.766855],[-101.1259399,19.7664332],[-101.1266425,19.7661911]],[[-101.1261176,19.7676367],[-101.1257956,19.7675038]],[[-101.1261176,19.7676367],[-101.1261843,19.7678211]],[[-101.1264916,19.7671333],[-101.1261843,19.7678211]],[[-101.1264916,19.7671333],[-101.1275296,19.7701925],[-101.1273512,19.7713094],[-101.1287875,19.7726472],[-101.1300355,19.776579],[-101.1254245,19.7782459],[-101.1377339,19.7745782],[-101.1528904,19.7697368]],[[-101.1564121,19.7686025],[-101.1528904,19.7697368]],[[-101.1564121,19.7686025],[-101.1575892,19.7684166],[-101.1592244,19.7689614],[-101.1598284,19.768661],[-101.1599931,19.7681927],[-101.1599426,19.7672409],[-101.1604717,19.7664267],[-101.1666282,19.7605129],[-101.1779595,19.7390841],[-101.1785493,19.7386228],[-101.1815447,19.7371782],[-101.1824169,19.7362502],[-101.1827187,19.7350727],[-101.1833061,19.728013],[-101.1836309,19.7263878],[-101.1845243,19.7249235],[-101.18778,19.7221498],[-101.1885363,19.7205359],[-101.1888175,19.7164571],[-101.1891241,19.7152871],[-101.188283,19.7116953],[-101.1887582,19.7105863],[-101.1905797,19.7076536],[-101.1913488,19.7056004],[-101.1913568,19.7053514],[-101.1895907,19.7053488]]]}},{"type":"Feature","id":"Canteras Bachilleres (Alamos - San Bernabe)","properties":{"ref":"Canteras Bachilleres (Alamos - San Bernabe)","nombre":"Canteras Bachilleres (Alamos - San Bernabe)","variantes":2,"osmid":17992027,"paradas":0,"sin_nombre":false},"geometry":{"type":"MultiLineString","coordinates":[[[-101.1649229,19.7671359],[-101.1637561,19.7667448]],[[-101.1631693,19.7657363],[-101.1637561,19.7667448]],[[-101.1631693,19.7657363],[-101.1621099,19.7671007]],[[-101.1616561,19.7678823],[-101.1621099,19.7671007]],[[-101.1615716,19.7681188],[-101.1616561,19.7678823]],[[-101.1611004,19.7691227],[-101.1615716,19.7681188]],[[-101.1602908,19.7703901],[-101.1611004,19.7691227]],[[-101.1602908,19.7703901],[-101.159395,19.7699748],[-101.1579801,19.7699092],[-101.1586858,19.7684031],[-101.159727,19.7670813],[-101.1658222,19.7613677],[-101.1669228,19.7601125],[-101.1779595,19.7390841],[-101.1785493,19.7386228],[-101.1815447,19.7371782],[-101.1824169,19.7362502],[-101.1827187,19.7350727],[-101.1833061,19.728013],[-101.1836309,19.7263878],[-101.1845243,19.7249235],[-101.1873339,19.722638],[-101.1883544,19.721156],[-101.18859,19.7201926],[-101.1888175,19.7164571],[-101.1891241,19.7152871],[-101.188283,19.7116953],[-101.1887582,19.7105863],[-101.1905797,19.7076536],[-101.1913568,19.7053514],[-101.189423,19.7053498],[-101.1887987,19.7081359],[-101.1826367,19.7081985]],[[-101.1826363,19.7067573],[-101.1826367,19.7081985]],[[-101.1821989,19.7066891],[-101.1826363,19.7067573]],[[-101.1821989,19.7066891],[-101.1822368,19.7061192],[-101.1854623,19.7056448],[-101.1885062,19.7056532]],[[-101.18938,19.7055964],[-101.1891116,19.7069041],[-101.1905865,19.7062828],[-101.1909551,19.7063455],[-101.1903839,19.7078982],[-101.1888242,19.7103845],[-101.1884456,19.7104083],[-101.1881353,19.7119741],[-101.1882452,19.7125699],[-101.1861107,19.7132529],[-101.1821329,19.716109]],[[-101.1822201,19.7162226],[-101.1821329,19.716109]],[[-101.1823348,19.716372],[-101.1822201,19.7162226]],[[-101.1824115,19.7164719],[-101.1823348,19.716372]],[[-101.1824115,19.7164719],[-101.1861547,19.7136355],[-101.1883223,19.7128553],[-101.1890169,19.7152631],[-101.1887191,19.7164466],[-101.1884688,19.7203689],[-101.188215,19.7212755],[-101.1875961,19.7222386],[-101.1842228,19.7250633],[-101.1833999,19.7266358],[-101.1824198,19.7359071],[-101.1819552,19.7366394],[-101.1814266,19.7370696],[-101.1787298,19.7384054],[-101.1775504,19.7393803],[-101.166848,19.7600081],[-101.1657545,19.7612487],[-101.1596646,19.7670049],[-101.1586033,19.7683079],[-101.1572961,19.771148],[-101.1566695,19.7746626],[-101.1567168,19.775959],[-101.1571945,19.7785418]],[[-101.1574874,19.7794963],[-101.1567386,19.7751114],[-101.1572965,19.771481],[-101.1579801,19.7699092]],[[-101.1593403,19.7699777],[-101.1579801,19.7699092]],[[-101.1602908,19.7703901],[-101.1593403,19.7699777]],[[-101.1602908,19.7703901],[-101.1611004,19.7691227]],[[-101.1620347,19.7694501],[-101.1611004,19.7691227]],[[-101.1625842,19.7681853],[-101.1620347,19.7694501]],[[-101.1625842,19.7681853],[-101.1641217,19.7687156],[-101.1633721,19.7703108],[-101.1646653,19.7707586]],[[-101.1656598,19.7673651],[-101.1646653,19.7707586]],[[-101.1656598,19.7673651],[-101.1649229,19.7671359]]]}},{"type":"Feature","id":"Centros Comerciales (Lucio Cabañas)","properties":{"ref":"Centros Comerciales (Lucio Cabañas)","nombre":"Centros Comerciales (Lucio Cabañas)","variantes":1,"osmid":18097176,"paradas":0,"sin_nombre":false},"geometry":{"type":"MultiLineString","coordinates":[[[-101.1468298,19.6942408],[-101.1476953,19.6946388],[-101.1495153,19.6948689],[-101.1497415,19.6934817],[-101.1508548,19.6901447],[-101.1518477,19.6889394],[-101.1534016,19.6875006],[-101.1605249,19.6880498],[-101.1677881,19.6829967],[-101.1690404,19.6824097],[-101.1703171,19.6821731],[-101.181031,19.6814805],[-101.1813595,19.6818493],[-101.1792282,19.6935399],[-101.1819135,19.6939954],[-101.1877626,19.6957796],[-101.1943004,19.6961633],[-101.1942757,19.6966456],[-101.2013987,19.6986417]],[[-101.2034108,19.7015618],[-101.2013987,19.6986417]],[[-101.203891,19.7021446],[-101.2034108,19.7015618]],[[-101.203891,19.7021446],[-101.2041507,19.7025095],[-101.2124116,19.7019589],[-101.2157623,19.7037409],[-101.2161295,19.7037738],[-101.21551,19.7058167],[-101.2152277,19.7076131],[-101.2156251,19.7092827],[-101.2156491,19.710401],[-101.2161117,19.7114114],[-101.215647,19.7136368],[-101.2155757,19.7152639],[-101.2162372,19.7176945],[-101.216724,19.7183935],[-101.2210635,19.7213862],[-101.2232138,19.7224572],[-101.2241305,19.7247743]],[[-101.2242907,19.7252207],[-101.2241305,19.7247743]],[[-101.2243238,19.7253109],[-101.2242907,19.7252207]],[[-101.2243238,19.7253109],[-101.2275902,19.720809],[-101.2310774,19.7153467],[-101.236147,19.7082271],[-101.2372314,19.7073002],[-101.2380935,19.706869],[-101.2424248,19.7057292]],[[-101.2424326,19.7058209],[-101.2424248,19.7057292]],[[-101.2427338,19.709807],[-101.2424326,19.7058209]],[[-101.2440607,19.7090833],[-101.2427338,19.709807]],[[-101.2444607,19.7105989],[-101.2440607,19.7090833]],[[-101.2455625,19.7103339],[-101.2444607,19.7105989]],[[-101.2459299,19.7117241],[-101.2455625,19.7103339]],[[-101.2478657,19.7112247],[-101.2459299,19.7117241]],[[-101.248046,19.7115348],[-101.2478657,19.7112247]],[[-101.249686,19.7108504],[-101.248046,19.7115348]],[[-101.250295,19.7134072],[-101.2504976,19.7128096],[-101.249686,19.7108504]],[[-101.250295,19.7134072],[-101.2495129,19.7132072]],[[-101.2495226,19.7157204],[-101.2492015,19.7141447],[-101.2495129,19.7132072]],[[-101.2493971,19.7162775],[-101.2495226,19.7157204]],[[-101.2493971,19.7162775],[-101.2488256,19.7165422],[-101.248729,19.7188481]],[[-101.2496433,19.7189285],[-101.248729,19.7188481]]]}},{"type":"Feature","id":"Chihuerio","properties":{"ref":"Chihuerio","nombre":"Chihuerio","variantes":1,"osmid":18181263,"paradas":0,"sin_nombre":false},"geometry":{"type":"LineString","coordinates":[[-101.2175487,19.6975784],[-101.2121832,19.6921733],[-101.2243657,19.6667236],[-101.2253967,19.6655944],[-101.2263906,19.6649338],[-101.2386978,19.6598],[-101.2405147,19.6587773],[-101.2414181,19.6578133],[-101.2470877,19.6495027],[-101.2506797,19.6445981],[-101.256896,19.6399793]]}},{"type":"Feature","id":"Circuito Carrillo","properties":{"ref":"Circuito Carrillo","nombre":"Circuito Carrillo","variantes":2,"osmid":17992048,"paradas":0,"sin_nombre":false},"geometry":{"type":"MultiLineString","coordinates":[[[-101.2235204,19.6948875],[-101.224573,19.6950569]],[[-101.2235561,19.6956232],[-101.2233618,19.695338],[-101.2235204,19.6948875]],[[-101.2253062,19.6962434],[-101.2240712,19.6960324],[-101.2235561,19.6956232]],[[-101.2258977,19.6963374],[-101.2253062,19.6962434]],[[-101.2262023,19.6963855],[-101.2258977,19.6963374]],[[-101.2275988,19.6966063],[-101.2262023,19.6963855]],[[-101.2275988,19.6966063],[-101.2286015,19.6985469],[-101.2296194,19.7034025],[-101.2243418,19.7047432],[-101.2200737,19.7053896],[-101.2193122,19.7052248],[-101.2125891,19.7017717],[-101.2075193,19.7021489],[-101.2076201,19.7015263],[-101.207013,19.7013209],[-101.205907,19.702244],[-101.2042815,19.7023201],[-101.203891,19.7021446],[-101.2034108,19.7015618],[-101.2013987,19.6986417]],[[-101.1973714,19.6976316],[-101.2013987,19.6986417]],[[-101.1968819,19.6973484],[-101.1973714,19.6976316]],[[-101.1962107,19.69708],[-101.1968819,19.6973484]],[[-101.1952683,19.6968507],[-101.1962107,19.69708]],[[-101.1952683,19.6968507],[-101.1951188,19.6962549],[-101.1943004,19.6961633]],[[-101.1925813,19.6960189],[-101.1943004,19.6961633]],[[-101.1916736,19.6959116],[-101.1925813,19.6960189]],[[-101.1899216,19.6959258],[-101.1916736,19.6959116]],[[-101.1893666,19.6959538],[-101.1899216,19.6959258]],[[-101.1889708,19.6959309],[-101.1893666,19.6959538]],[[-101.1877626,19.6957796],[-101.1889708,19.6959309]],[[-101.1870661,19.6955766],[-101.1877626,19.6957796]],[[-101.1819135,19.6939954],[-101.1870661,19.6955766]],[[-101.1810424,19.6938419],[-101.1819135,19.6939954]],[[-101.1792282,19.6935399],[-101.1810424,19.6938419]],[[-101.1762403,19.693065],[-101.1792282,19.6935399]],[[-101.1659037,19.6955008],[-101.1762403,19.693065]],[[-101.1659037,19.6955008],[-101.164499,19.6958961],[-101.16354,19.6958457],[-101.1499083,19.6945377],[-101.1496321,19.694134],[-101.1496873,19.6936738],[-101.1508548,19.6901447],[-101.1518477,19.6889394],[-101.1534016,19.6875006]],[[-101.1534472,19.6873524],[-101.1534088,19.6872031],[-101.1529323,19.6874134],[-101.1521181,19.6882299]],[[-101.1521181,19.6882299],[-101.1507282,19.6897735],[-101.1492981,19.6939128],[-101.1489233,19.6943975],[-101.1481404,19.6944684],[-101.1472998,19.6942725],[-101.1454953,19.6930124],[-101.1444856,19.6925543],[-101.1466798,19.6941488],[-101.1476953,19.6946388],[-101.1658061,19.6962833],[-101.1659037,19.6955008],[-101.1762403,19.693065],[-101.1819135,19.6939954],[-101.1877626,19.6957796],[-101.1943004,19.6961633],[-101.1942757,19.6966456],[-101.2013987,19.6986417]],[[-101.2034108,19.7015618],[-101.2013987,19.6986417]],[[-101.203891,19.7021446],[-101.2034108,19.7015618]],[[-101.203891,19.7021446],[-101.2041507,19.7025095],[-101.2124116,19.7019589],[-101.2197968,19.705637],[-101.2241026,19.7049755],[-101.2296585,19.7035681]],[[-101.2296421,19.7035001],[-101.2296585,19.7035681]],[[-101.2296194,19.7034025],[-101.2296421,19.7035001]],[[-101.227772,19.6969558],[-101.2286015,19.6985469],[-101.2296194,19.7034025]],[[-101.2275988,19.6966063],[-101.227772,19.6969558]],[[-101.2275988,19.6966063],[-101.2240712,19.6960324],[-101.2233979,19.6954304],[-101.2235204,19.6948875]]]}},{"type":"Feature","id":"Cointzio","properties":{"ref":"Cointzio","nombre":"Cointzio","variantes":1,"osmid":18073898,"paradas":0,"sin_nombre":false},"geometry":{"type":"MultiLineString","coordinates":[[[-101.1893666,19.6959538],[-101.1916736,19.6959116],[-101.1943004,19.6961633],[-101.1942757,19.6966456],[-101.2013987,19.6986417]],[[-101.2034108,19.7015618],[-101.2013987,19.6986417]],[[-101.203891,19.7021446],[-101.2034108,19.7015618]],[[-101.203891,19.7021446],[-101.2041507,19.7025095],[-101.2124116,19.7019589],[-101.2194687,19.7055628],[-101.2202683,19.7056123],[-101.2241026,19.7049755],[-101.2434737,19.700495],[-101.2441665,19.700185],[-101.2527285,19.6981144],[-101.2644797,19.6962154],[-101.2673265,19.6953521],[-101.2670204,19.6928739],[-101.2688434,19.6900703],[-101.2685126,19.689506],[-101.2696371,19.6884453],[-101.2706409,19.6880154],[-101.2720746,19.6870576],[-101.2724211,19.6861744],[-101.2730188,19.6854298],[-101.2738084,19.6857387],[-101.2751167,19.6866767],[-101.2770689,19.6874754],[-101.2794327,19.6892753]],[[-101.2789714,19.6703863],[-101.2788107,19.6712097],[-101.2794327,19.6892753]],[[-101.2799127,19.6506567],[-101.2795196,19.6549928],[-101.2796636,19.6563874],[-101.2832812,19.6650224],[-101.2833729,19.6656323],[-101.2814286,19.6695138],[-101.2789714,19.6703863]],[[-101.2773506,19.6404542],[-101.2801211,19.6477048],[-101.2799127,19.6506567]],[[-101.2773222,19.6403877],[-101.2773506,19.6404542]],[[-101.2761816,19.6398635],[-101.2769638,19.6400131],[-101.2773222,19.6403877]]]}},{"type":"Feature","id":"Coral 1","properties":{"ref":"Coral 1","nombre":"Coral 1","variantes":2,"osmid":17992187,"paradas":0,"sin_nombre":false},"geometry":{"type":"MultiLineString","coordinates":[[[-101.1399246,19.6846552],[-101.1387545,19.6864255],[-101.1441947,19.6863451],[-101.1480815,19.6859214],[-101.1493001,19.6867051],[-101.14576,19.6872057],[-101.1460476,19.6889186]],[[-101.1478306,19.6882436],[-101.1460476,19.6889186]],[[-101.14845,19.6880114],[-101.1478306,19.6882436]],[[-101.1490789,19.6877757],[-101.14845,19.6880114]],[[-101.1490789,19.6877757],[-101.1503126,19.6907505],[-101.1504988,19.6907914],[-101.1511044,19.6897428],[-101.1534016,19.6875006],[-101.1587555,19.6879187],[-101.1590067,19.6882062],[-101.159323,19.6914113],[-101.1596842,19.6925978],[-101.1588489,19.6954641],[-101.1586258,19.6954461]],[[-101.1586186,19.6955943],[-101.1586258,19.6954461]],[[-101.1586157,19.6956666],[-101.1586186,19.6955943]],[[-101.1584268,19.6975694],[-101.1586157,19.6956666]],[[-101.1559634,19.6974463],[-101.1584268,19.6975694]],[[-101.1559634,19.6974463],[-101.1556072,19.7006296]],[[-101.156033,19.7009984],[-101.1556072,19.7006296]],[[-101.156033,19.7009984],[-101.1605171,19.7001778]],[[-101.1614688,19.7024666],[-101.1605171,19.7001778]],[[-101.1618617,19.7023065],[-101.1614688,19.7024666]],[[-101.1623824,19.7020981],[-101.1618617,19.7023065]],[[-101.1633679,19.7017561],[-101.1623824,19.7020981]],[[-101.1665309,19.7020821],[-101.1633679,19.7017561]],[[-101.1709163,19.7024859],[-101.1665309,19.7020821]],[[-101.1718371,19.7025666],[-101.1709163,19.7024859]],[[-101.1745345,19.7027867],[-101.1718371,19.7025666]],[[-101.1763596,19.7030323],[-101.1745345,19.7027867]],[[-101.1776593,19.7032614],[-101.1763596,19.7030323]],[[-101.1805269,19.7036416],[-101.1776593,19.7032614]],[[-101.1819322,19.7030391],[-101.1805269,19.7036416]],[[-101.1819322,19.7030391],[-101.1823012,19.7029575],[-101.1823753,19.7034476],[-101.1842052,19.7037778],[-101.1941063,19.7038945],[-101.1940639,19.7055952],[-101.2001109,19.7055711],[-101.2017621,19.7067199],[-101.2019633,19.7066981]],[[-101.2024329,19.7069561],[-101.2019633,19.7066981]],[[-101.2043269,19.7075668],[-101.2024329,19.7069561]],[[-101.204492,19.7098039],[-101.2043269,19.7075668]],[[-101.2055229,19.7098519],[-101.204492,19.7098039]],[[-101.2084113,19.7104501],[-101.2055229,19.7098519]],[[-101.2055229,19.7098519],[-101.204492,19.7098039],[-101.2043269,19.7075668],[-101.2032462,19.7073431],[-101.2019633,19.7066981],[-101.2019194,19.7065171],[-101.2017336,19.7065685]],[[-101.200786,19.7060523],[-101.2017336,19.7065685]],[[-101.20049,19.7059073],[-101.200786,19.7060523]],[[-101.2002768,19.7057938],[-101.20049,19.7059073]],[[-101.2001109,19.7055711],[-101.2002768,19.7057938]],[[-101.2001367,19.7046197],[-101.2001109,19.7055711]],[[-101.200145,19.7040609],[-101.2001367,19.7046197]],[[-101.2001421,19.7030345],[-101.200145,19.7040609]],[[-101.2001421,19.7030345],[-101.2001929,19.702061],[-101.1897752,19.7018098],[-101.1897674,19.7020364],[-101.1865993,19.7018711],[-101.1838982,19.7020479],[-101.1839336,19.7029249],[-101.1824214,19.7027255],[-101.1805269,19.7036416],[-101.1754308,19.7028665],[-101.1633679,19.7017561],[-101.1614688,19.7024666],[-101.1605171,19.7001778]],[[-101.1581347,19.7006092],[-101.1605171,19.7001778]],[[-101.1579551,19.7006453],[-101.1581347,19.7006092]],[[-101.1563737,19.7009307],[-101.1579551,19.7006453]],[[-101.156033,19.7009984],[-101.1563737,19.7009307]],[[-101.156033,19.7009984],[-101.1556072,19.7006296]],[[-101.1558503,19.6984703],[-101.1556072,19.7006296]],[[-101.1559634,19.6974463],[-101.1558503,19.6984703]],[[-101.1559634,19.6974463],[-101.1584268,19.6975694],[-101.1586186,19.6955943],[-101.1589149,19.6956157],[-101.159776,19.6927814],[-101.1590568,19.6877628],[-101.1542699,19.6871782],[-101.1532856,19.687242],[-101.1527084,19.6876136],[-101.1510047,19.6893862],[-101.1503126,19.6907505],[-101.1497205,19.6909781],[-101.14845,19.6880114],[-101.1460476,19.6889186]],[[-101.14576,19.6872057],[-101.1460476,19.6889186]],[[-101.1459019,19.6872367],[-101.14576,19.6872057]],[[-101.1493001,19.6867051],[-101.1459019,19.6872367]],[[-101.1493724,19.6866938],[-101.1493001,19.6867051]],[[-101.1493724,19.6866938],[-101.1480107,19.6856583],[-101.143865,19.6861321],[-101.1391624,19.6862019],[-101.1400004,19.6847927]]]}},{"type":"Feature","id":"Coral 2","properties":{"ref":"Coral 2","nombre":"Coral 2","variantes":2,"osmid":18073756,"paradas":0,"sin_nombre":false},"geometry":{"type":"MultiLineString","coordinates":[[[-101.2210747,19.7239982],[-101.2135682,19.7227553],[-101.2120286,19.7108415]],[[-101.2125841,19.7094005],[-101.2119834,19.710442],[-101.2120286,19.7108415]],[[-101.211843,19.7090788],[-101.2125841,19.7094005]],[[-101.211843,19.7090788],[-101.2106494,19.7085968]],[[-101.2101211,19.7084632],[-101.2093526,19.7083379],[-101.2085358,19.7070628],[-101.2083778,19.7064651]],[[-101.2042664,19.7067468],[-101.2079292,19.706481]],[[-101.2043269,19.7075668],[-101.2042664,19.7067468]],[[-101.2043269,19.7075668],[-101.2032462,19.7073431],[-101.2019633,19.7066981],[-101.2019194,19.7065171],[-101.2017336,19.7065685]],[[-101.200786,19.7060523],[-101.2017336,19.7065685]],[[-101.20049,19.7059073],[-101.200786,19.7060523]],[[-101.2001109,19.7055711],[-101.2002768,19.7057938]],[[-101.2001367,19.7046197],[-101.2001109,19.7055711]],[[-101.200145,19.7040609],[-101.2001367,19.7046197]],[[-101.2001421,19.7030345],[-101.200145,19.7040609]],[[-101.2001421,19.7030345],[-101.2001929,19.702061],[-101.1897752,19.7018098],[-101.1897674,19.7020364],[-101.1878576,19.7019465],[-101.1877438,19.6970446]],[[-101.1870661,19.6955766],[-101.1877626,19.6957796]],[[-101.1819135,19.6939954],[-101.1870661,19.6955766]],[[-101.1810424,19.6938419],[-101.1819135,19.6939954]],[[-101.1795759,19.6914013],[-101.1792282,19.6935399]],[[-101.1796977,19.6907699],[-101.1795759,19.6914013]],[[-101.1797139,19.6906713],[-101.1796977,19.6907699]],[[-101.1797139,19.6906713],[-101.1785286,19.6904105],[-101.1760939,19.6908075],[-101.1721276,19.6900155],[-101.1720233,19.6910153],[-101.1628634,19.6895749],[-101.1626313,19.6904306],[-101.1593023,19.6899009],[-101.1590568,19.6877628],[-101.1538223,19.6871475],[-101.1529323,19.6874134],[-101.1510047,19.6893862],[-101.1500513,19.6915053],[-101.1490406,19.6911351]],[[-101.1478306,19.6882436],[-101.1490406,19.6911351]],[[-101.1478306,19.6882436],[-101.1460476,19.6889186]],[[-101.14576,19.6872057],[-101.1460476,19.6889186]],[[-101.1459019,19.6872367],[-101.14576,19.6872057]],[[-101.1493001,19.6867051],[-101.1459019,19.6872367]],[[-101.1493724,19.6866938],[-101.1493001,19.6867051]],[[-101.1493724,19.6866938],[-101.1480107,19.6856583],[-101.143112,19.6861405]],[[-101.1387545,19.6864255],[-101.1456506,19.6861937],[-101.1460476,19.6889186]],[[-101.1478306,19.6882436],[-101.1460476,19.6889186]],[[-101.14845,19.6880114],[-101.1478306,19.6882436]],[[-101.1490789,19.6877757],[-101.14845,19.6880114]],[[-101.1490789,19.6877757],[-101.1504411,19.6907851],[-101.1506554,19.6907181],[-101.1511044,19.6897428],[-101.1528873,19.687879],[-101.1534016,19.6875006],[-101.1538644,19.6874248],[-101.1587555,19.6879187],[-101.1590067,19.6882062],[-101.1591848,19.6899843],[-101.1624943,19.6904396]],[[-101.162277,19.6920677],[-101.1624943,19.6904396]],[[-101.1629031,19.6921194],[-101.162277,19.6920677]],[[-101.1631262,19.690544],[-101.1629031,19.6921194]],[[-101.1631262,19.690544],[-101.1691529,19.6915616],[-101.1709066,19.6916672],[-101.171238,19.6901807],[-101.1760147,19.6911303],[-101.1784427,19.6905957],[-101.1796977,19.6907699],[-101.1792282,19.6935399],[-101.1819135,19.6939954],[-101.1877626,19.6957796],[-101.1899216,19.6959258],[-101.1897247,19.7037997],[-101.1941063,19.7038945],[-101.1940639,19.7055952],[-101.2001109,19.7055711],[-101.2017621,19.7067199],[-101.2019633,19.7066981]],[[-101.2024329,19.7069561],[-101.2019633,19.7066981]],[[-101.2043269,19.7075668],[-101.2024329,19.7069561]],[[-101.2043269,19.7075668],[-101.2042664,19.7067468],[-101.2079292,19.706481],[-101.2088991,19.7083426]],[[-101.2090899,19.7083566],[-101.2088991,19.7083426]],[[-101.2092649,19.7083417],[-101.2090899,19.7083566]],[[-101.2093526,19.7083379],[-101.2092649,19.7083417]],[[-101.2101211,19.7084632],[-101.2093526,19.7083379]],[[-101.2106494,19.7085968],[-101.2101211,19.7084632]],[[-101.2115526,19.708959],[-101.2106494,19.7085968]],[[-101.211612,19.7089862],[-101.2115526,19.708959]],[[-101.2117851,19.7090562],[-101.211612,19.7089862]],[[-101.211843,19.7090788],[-101.2117851,19.7090562]],[[-101.211843,19.7090788],[-101.2125841,19.7094005],[-101.2119834,19.710442],[-101.212003,19.7109466],[-101.2135181,19.7228847],[-101.2166329,19.7231892]],[[-101.2170214,19.7232521],[-101.2166329,19.7231892]],[[-101.2176958,19.7233717],[-101.2170214,19.7232521]],[[-101.2194717,19.7237395],[-101.2176958,19.7233717]],[[-101.2194717,19.7237395],[-101.2214883,19.7241961],[-101.2237306,19.7251101],[-101.223108,19.726161],[-101.2215675,19.725706],[-101.2210747,19.7239982]]]}},{"type":"Feature","id":"Coral 2 A","properties":{"ref":"Coral 2 A","nombre":"Coral 2 A","variantes":1,"osmid":18097008,"paradas":0,"sin_nombre":false},"geometry":{"type":"MultiLineString","coordinates":[[[-101.1685381,19.7189141],[-101.1690954,19.7215404],[-101.1688317,19.7216119]],[[-101.1688631,19.7217392],[-101.1688317,19.7216119]],[[-101.1688631,19.7217392],[-101.1702042,19.7212822],[-101.1708292,19.7203808]],[[-101.1712472,19.7212567],[-101.1708292,19.7203808]],[[-101.1708622,19.7214239],[-101.1712472,19.7212567]],[[-101.1710943,19.7217991],[-101.1708622,19.7214239]],[[-101.1734989,19.7210128],[-101.1710943,19.7217991]],[[-101.1734989,19.7210128],[-101.172843,19.7191885],[-101.1742594,19.7183614],[-101.1757897,19.7181396],[-101.1789834,19.7202172],[-101.1801217,19.7202021],[-101.1819448,19.7192964],[-101.1828499,19.7191787],[-101.1839049,19.7194396],[-101.1882056,19.7215003],[-101.1883544,19.721156],[-101.185074,19.7196146],[-101.1829569,19.7189401],[-101.1820584,19.7189963],[-101.1798113,19.7200225],[-101.1785745,19.7197644],[-101.1695268,19.7130007],[-101.1664364,19.710479],[-101.1664854,19.710025],[-101.1700058,19.7083114]],[[-101.1703796,19.7081474],[-101.1700058,19.7083114]],[[-101.1713598,19.707724],[-101.1703796,19.7081474]],[[-101.171595,19.7049682],[-101.1713598,19.707724]],[[-101.1718371,19.7025666],[-101.171595,19.7049682]],[[-101.1718371,19.7025666],[-101.1665309,19.7020821]],[[-101.1676541,19.6966354],[-101.1665309,19.7020821]],[[-101.1676809,19.6965033],[-101.1676541,19.6966354]],[[-101.1676809,19.6965033],[-101.1658282,19.6961498],[-101.1659386,19.6955671],[-101.1656811,19.6945601]],[[-101.1642088,19.6949077],[-101.1656811,19.6945601]],[[-101.1642088,19.6949077],[-101.1638992,19.6938521]],[[-101.1632575,19.6937787],[-101.1638992,19.6938521]],[[-101.1632575,19.6937787],[-101.1645956,19.6870974],[-101.1724109,19.6887891],[-101.1720511,19.6903465],[-101.1760147,19.6911303],[-101.1784427,19.6905957],[-101.1801879,19.6908323],[-101.1814392,19.6916661],[-101.1864448,19.6924833],[-101.1864302,19.6928359],[-101.1899237,19.6929222],[-101.1897247,19.7037997],[-101.1941063,19.7038945],[-101.1940639,19.7055952],[-101.2001109,19.7055711],[-101.2017621,19.7067199],[-101.2019633,19.7066981]],[[-101.2024329,19.7069561],[-101.2019633,19.7066981]],[[-101.2043269,19.7075668],[-101.2024329,19.7069561]],[[-101.2043269,19.7075668],[-101.2042664,19.7067468],[-101.2079292,19.706481],[-101.2088991,19.7083426]],[[-101.2090899,19.7083566],[-101.2088991,19.7083426]],[[-101.2092649,19.7083417],[-101.2090899,19.7083566]],[[-101.2093526,19.7083379],[-101.2092649,19.7083417]],[[-101.2101211,19.7084632],[-101.2093526,19.7083379]],[[-101.2106494,19.7085968],[-101.2101211,19.7084632]],[[-101.2115526,19.708959],[-101.2106494,19.7085968]],[[-101.211612,19.7089862],[-101.2115526,19.708959]],[[-101.2117851,19.7090562],[-101.211612,19.7089862]],[[-101.211843,19.7090788],[-101.2117851,19.7090562]],[[-101.211843,19.7090788],[-101.2125841,19.7094005],[-101.211978,19.7105588],[-101.2132169,19.7201768],[-101.2143302,19.7204208],[-101.2160029,19.7226576],[-101.2177644,19.7229317]],[[-101.2176958,19.7233717],[-101.2177644,19.7229317]],[[-101.2194717,19.7237395],[-101.2176958,19.7233717]],[[-101.2194717,19.7237395],[-101.2197212,19.7238244]]]}},{"type":"Feature","id":"Crema 1","properties":{"ref":"Crema 1","nombre":"Crema 1","variantes":2,"osmid":17992304,"paradas":0,"sin_nombre":false},"geometry":{"type":"MultiLineString","coordinates":[[[-101.1677188,19.721815],[-101.1654219,19.7222077],[-101.1651242,19.7205526]],[[-101.1661971,19.7203658],[-101.1651242,19.7205526]],[[-101.1668618,19.7202716],[-101.1661971,19.7203658]],[[-101.1666161,19.7191779],[-101.1668618,19.7202716]],[[-101.1655595,19.714172],[-101.1666161,19.7191779]],[[-101.1649097,19.7116051],[-101.1652904,19.7125054],[-101.1655595,19.714172]],[[-101.1645689,19.7108668],[-101.1649097,19.7116051]],[[-101.1645689,19.7108668],[-101.1661555,19.7103374],[-101.1665927,19.7099618],[-101.1694974,19.7085785],[-101.1756524,19.709],[-101.1752478,19.7124563]],[[-101.1761081,19.7124548],[-101.1752478,19.7124563]],[[-101.1760594,19.713249],[-101.1761081,19.7124548]],[[-101.1760594,19.713249],[-101.1801683,19.7132562],[-101.1801799,19.7124479]],[[-101.1814655,19.7124457],[-101.1801799,19.7124479]],[[-101.1814698,19.7132581],[-101.1814655,19.7124457]],[[-101.1814698,19.7132581],[-101.1840542,19.7132626],[-101.1866413,19.7113721],[-101.1877073,19.7108853],[-101.1886447,19.710833],[-101.1905797,19.7076536],[-101.1913578,19.7051992],[-101.1922972,19.7051928],[-101.1922895,19.7055628],[-101.1940639,19.7055952],[-101.1938707,19.710773]],[[-101.2013585,19.710843],[-101.1938707,19.710773]],[[-101.2023902,19.7108776],[-101.2013585,19.710843]],[[-101.2045739,19.7109135],[-101.2023902,19.7108776]],[[-101.2046628,19.7121182],[-101.2045739,19.7109135]],[[-101.2046628,19.7121182],[-101.2007626,19.7122692]],[[-101.2013846,19.713019],[-101.2007626,19.7122692]],[[-101.2016636,19.7140661],[-101.2017234,19.7138115],[-101.2013846,19.713019]],[[-101.2016318,19.714174],[-101.2016636,19.7140661]],[[-101.2015539,19.7144386],[-101.2016318,19.714174]],[[-101.2015451,19.7144644],[-101.2015539,19.7144386]],[[-101.2014345,19.7149143],[-101.2015451,19.7144644]],[[-101.2007139,19.7179011],[-101.2014345,19.7149143]],[[-101.2003221,19.7195245],[-101.2007139,19.7179011]],[[-101.2000754,19.7205469],[-101.2003221,19.7195245]],[[-101.2028935,19.7206103],[-101.2000754,19.7205469]],[[-101.2051865,19.7217774],[-101.2041651,19.7206939],[-101.2028935,19.7206103]],[[-101.2052187,19.7218582],[-101.2051865,19.7217774]],[[-101.205816,19.7239659],[-101.2052187,19.7218582]],[[-101.2052675,19.725433],[-101.205816,19.7239659]],[[-101.2051721,19.7258792],[-101.2052675,19.725433]],[[-101.2051721,19.7258792],[-101.2076676,19.7261794],[-101.2069123,19.7297707]],[[-101.206801,19.7298871],[-101.2069123,19.7297707]],[[-101.2063129,19.729851],[-101.206801,19.7298871]],[[-101.2063129,19.729851],[-101.2055769,19.7336247],[-101.2060526,19.7353543]],[[-101.206096,19.735333],[-101.2060526,19.7353543]],[[-101.206096,19.735333],[-101.2077599,19.7345032]],[[-101.2077945,19.7345541],[-101.2077599,19.7345032]],[[-101.2078561,19.7346425],[-101.2077945,19.7345541]],[[-101.2088619,19.7359724],[-101.2078561,19.7346425]],[[-101.2088619,19.7359724],[-101.2062831,19.7363537],[-101.2061879,19.73574]],[[-101.206252,19.7361046],[-101.2061879,19.73574]],[[-101.2062831,19.7363537],[-101.206252,19.7361046]],[[-101.2088619,19.7359724],[-101.2062831,19.7363537]],[[-101.2088619,19.7359724],[-101.2077599,19.7345032]],[[-101.206096,19.735333],[-101.2077599,19.7345032]],[[-101.206096,19.735333],[-101.2056621,19.7336152],[-101.2062202,19.730472]],[[-101.2066457,19.7305641],[-101.2062202,19.730472]],[[-101.2066457,19.7305641],[-101.2072244,19.7287478],[-101.2077362,19.7261843],[-101.2115657,19.7266372],[-101.2114084,19.7262102],[-101.2052675,19.725433],[-101.2058368,19.7237291],[-101.2050422,19.7215196],[-101.2041651,19.7206939],[-101.2028935,19.7206103],[-101.2021685,19.7199349]],[[-101.2038298,19.72027],[-101.2021685,19.7199349]],[[-101.2045156,19.7187471],[-101.2038298,19.72027]],[[-101.2044966,19.7186992],[-101.2045156,19.7187471]],[[-101.2044966,19.7186992],[-101.2007139,19.7179011],[-101.2017234,19.7138115],[-101.2013846,19.713019],[-101.2007626,19.7122692]],[[-101.2046628,19.7121182],[-101.2007626,19.7122692]],[[-101.2046628,19.7121182],[-101.2045739,19.7109135],[-101.1938707,19.710773]],[[-101.1939353,19.7089994],[-101.1938707,19.710773]],[[-101.1940284,19.707346],[-101.1939353,19.7089994]],[[-101.1940359,19.707264],[-101.1940284,19.707346]],[[-101.1940402,19.7071642],[-101.1940359,19.707264]],[[-101.1940402,19.7071642],[-101.1929753,19.707266],[-101.1922702,19.7076158],[-101.1902761,19.7103575],[-101.189268,19.7107805],[-101.1886761,19.7107553],[-101.1905797,19.7076536],[-101.1913488,19.7056004],[-101.1913568,19.7053514],[-101.189423,19.7053498],[-101.1883956,19.710737]],[[-101.1862911,19.7116052],[-101.1872129,19.711083],[-101.1883956,19.710737]],[[-101.1840542,19.7132626],[-101.1862911,19.7116052]],[[-101.1827307,19.7132604],[-101.1840542,19.7132626]],[[-101.1814698,19.7132581],[-101.1827307,19.7132604]],[[-101.1814698,19.7132581],[-101.1814655,19.7124457],[-101.1801799,19.7124479]],[[-101.1801683,19.7132562],[-101.1801799,19.7124479]],[[-101.1790209,19.713254],[-101.1801683,19.7132562]],[[-101.1786402,19.7132541],[-101.1790209,19.713254]],[[-101.1769488,19.713252],[-101.1786402,19.7132541]],[[-101.1769488,19.713252],[-101.1769976,19.7124533],[-101.1761081,19.7124548],[-101.1763187,19.7090008]],[[-101.1756524,19.709],[-101.1763187,19.7090008]],[[-101.1712543,19.7087464],[-101.1756524,19.709]],[[-101.1703315,19.7086541],[-101.1712543,19.7087464]],[[-101.1703796,19.7081474],[-101.1703315,19.7086541]],[[-101.1703796,19.7081474],[-101.1652972,19.7100824],[-101.1653401,19.7104132],[-101.1663648,19.7109495],[-101.1649097,19.7116051],[-101.1652904,19.7125054],[-101.1666161,19.7191779],[-101.164923,19.7194795]],[[-101.1651242,19.7205526],[-101.164923,19.7194795]],[[-101.1654219,19.7222077],[-101.1651242,19.7205526]],[[-101.1654501,19.7223289],[-101.1654219,19.7222077]],[[-101.1654501,19.7223289],[-101.167746,19.721933]]]}},{"type":"Feature","id":"Crema 2","properties":{"ref":"Crema 2","nombre":"Crema 2","variantes":1,"osmid":18097056,"paradas":0,"sin_nombre":false},"geometry":{"type":"MultiLineString","coordinates":[[[-101.1638718,19.7243494],[-101.1637278,19.7237356]],[[-101.1654106,19.7233414],[-101.1637278,19.7237356]],[[-101.1652192,19.7223772],[-101.1654106,19.7233414]],[[-101.1651892,19.7222513],[-101.1652192,19.7223772]],[[-101.1645074,19.7184513],[-101.1651892,19.7222513]],[[-101.1643523,19.7177066],[-101.1645074,19.7184513]],[[-101.1643523,19.7177066],[-101.1630978,19.7184588]],[[-101.1619833,19.7167175],[-101.1630978,19.7184588]],[[-101.161457,19.7158871],[-101.1619833,19.7167175]],[[-101.1655595,19.714172],[-101.1637496,19.7146181],[-101.161457,19.7158871]],[[-101.1649097,19.7116051],[-101.1652904,19.7125054],[-101.1655595,19.714172]],[[-101.1645689,19.7108668],[-101.1649097,19.7116051]],[[-101.1645689,19.7108668],[-101.165434,19.7104713],[-101.1659718,19.7106366],[-101.1718156,19.7150209]],[[-101.1723814,19.7154571],[-101.1780647,19.719716],[-101.1789834,19.7202172],[-101.1801217,19.7202021],[-101.1819448,19.7192964],[-101.1828499,19.7191787],[-101.1839049,19.7194396],[-101.1882056,19.7215003],[-101.1883544,19.721156],[-101.185074,19.7196146],[-101.1829569,19.7189401],[-101.181689,19.7191259],[-101.1800813,19.7199548],[-101.1789727,19.7199499],[-101.1750309,19.7171199],[-101.1751539,19.7169778],[-101.1736275,19.715781]],[[-101.1746705,19.7145426],[-101.1736275,19.715781]],[[-101.1746705,19.7145426],[-101.1758628,19.7145041],[-101.176203,19.7150112]],[[-101.1785317,19.7149862],[-101.176203,19.7150112]],[[-101.1786402,19.7132541],[-101.1785317,19.7149862]],[[-101.1786402,19.7132541],[-101.1827307,19.7132604],[-101.1827334,19.709869]],[[-101.1840408,19.7098811],[-101.1827334,19.709869]],[[-101.1853157,19.709866],[-101.1840408,19.7098811]],[[-101.185317,19.7082587],[-101.1853157,19.709866]],[[-101.1863946,19.7082512],[-101.185317,19.7082587]],[[-101.1863946,19.7082512],[-101.1865035,19.7037641],[-101.1887551,19.7037777],[-101.1888151,19.7020152],[-101.1878576,19.7019465],[-101.1878206,19.7008336],[-101.1897944,19.7008948],[-101.1897247,19.7037997]],[[-101.1896726,19.7038007],[-101.1897247,19.7037997]],[[-101.1896726,19.7038007],[-101.189585,19.7051595],[-101.189423,19.7053498]],[[-101.1895907,19.7053488],[-101.189423,19.7053498]],[[-101.1913568,19.7053514],[-101.1895907,19.7053488]],[[-101.1912416,19.7058913],[-101.1913568,19.7053514]],[[-101.1910374,19.7063594],[-101.1912416,19.7058913]],[[-101.1907019,19.7073387],[-101.1910374,19.7063594]],[[-101.1889123,19.7103242],[-101.1907019,19.7073387]],[[-101.1889123,19.7103242],[-101.1884456,19.7104083],[-101.1883956,19.710737],[-101.1891979,19.7109191],[-101.189802,19.710735]],[[-101.1938707,19.710773],[-101.189802,19.710735]],[[-101.1939353,19.7089994],[-101.1938707,19.710773]],[[-101.1939353,19.7089994],[-101.1978031,19.7090216],[-101.1980278,19.7070194]],[[-101.2006379,19.7072046],[-101.200173,19.7067026],[-101.1994675,19.7065133],[-101.1980278,19.7070194]],[[-101.2006379,19.7072046],[-101.2004449,19.7096024]],[[-101.2002335,19.7120128],[-101.2004449,19.7096024]],[[-101.2007626,19.7122692],[-101.2002335,19.7120128]],[[-101.2013846,19.713019],[-101.2007626,19.7122692]],[[-101.2016636,19.7140661],[-101.2017234,19.7138115],[-101.2013846,19.713019]],[[-101.2016318,19.714174],[-101.2016636,19.7140661]],[[-101.2015539,19.7144386],[-101.2016318,19.714174]],[[-101.2015451,19.7144644],[-101.2015539,19.7144386]],[[-101.2015451,19.7144644],[-101.2030844,19.7147759],[-101.2050874,19.720314],[-101.2051865,19.7217774]],[[-101.2052187,19.7218582],[-101.2051865,19.7217774]],[[-101.2055152,19.7219432],[-101.2052187,19.7218582]],[[-101.2055152,19.7219432],[-101.206508,19.7222412],[-101.2095146,19.7224936]],[[-101.2094258,19.7230695],[-101.2095146,19.7224936]],[[-101.2094258,19.7230695],[-101.2123894,19.7234852]],[[-101.2119582,19.7262785],[-101.2123894,19.7234852]],[[-101.2126323,19.7277029],[-101.2119582,19.7262785]],[[-101.212661,19.7277864],[-101.2126323,19.7277029]],[[-101.2128898,19.728324],[-101.212661,19.7277864]],[[-101.2171223,19.7281978],[-101.2140914,19.728473],[-101.2128898,19.728324]],[[-101.2171223,19.7281978],[-101.2169899,19.7289809],[-101.2164617,19.7301167],[-101.2168774,19.7302509],[-101.2157575,19.7310786]],[[-101.2157575,19.7311695],[-101.2157575,19.7310786]],[[-101.2157575,19.7311695],[-101.2144815,19.7310815],[-101.2143234,19.7313393],[-101.2104829,19.7321114],[-101.2108777,19.7338516]]]}},{"type":"Feature","id":"Crema 2A","properties":{"ref":"Crema 2A","nombre":"Crema 2A","variantes":1,"osmid":17945346,"paradas":0,"sin_nombre":false},"geometry":{"type":"MultiLineString","coordinates":[[[-101.1652192,19.7223772],[-101.1654106,19.7233414]],[[-101.1651892,19.7222513],[-101.1652192,19.7223772]],[[-101.1645074,19.7184513],[-101.1651892,19.7222513]],[[-101.1643523,19.7177066],[-101.1645074,19.7184513]],[[-101.1643523,19.7177066],[-101.1630978,19.7184588]],[[-101.1619833,19.7167175],[-101.1630978,19.7184588]],[[-101.161457,19.7158871],[-101.1619833,19.7167175]],[[-101.1655595,19.714172],[-101.1637496,19.7146181],[-101.161457,19.7158871]],[[-101.1649097,19.7116051],[-101.1652904,19.7125054],[-101.1655595,19.714172]],[[-101.1645689,19.7108668],[-101.1649097,19.7116051]],[[-101.1645689,19.7108668],[-101.165434,19.7104713],[-101.1659718,19.7106366],[-101.1718156,19.7150209]],[[-101.1723814,19.7154571],[-101.1780647,19.719716],[-101.1789834,19.7202172],[-101.1801217,19.7202021],[-101.1819448,19.7192964],[-101.1828499,19.7191787],[-101.1839049,19.7194396],[-101.1882056,19.7215003],[-101.1883544,19.721156],[-101.185074,19.7196146],[-101.1829569,19.7189401],[-101.181689,19.7191259],[-101.1800813,19.7199548],[-101.1789727,19.7199499],[-101.1750309,19.7171199],[-101.1751539,19.7169778],[-101.1736275,19.715781]],[[-101.1746705,19.7145426],[-101.1736275,19.715781]],[[-101.1746705,19.7145426],[-101.1758628,19.7145041],[-101.176203,19.7150112]],[[-101.1785317,19.7149862],[-101.176203,19.7150112]],[[-101.1786402,19.7132541],[-101.1785317,19.7149862]],[[-101.1786402,19.7132541],[-101.1827307,19.7132604],[-101.1827334,19.709869]],[[-101.1840408,19.7098811],[-101.1827334,19.709869]],[[-101.1853157,19.709866],[-101.1840408,19.7098811]],[[-101.185317,19.7082587],[-101.1853157,19.709866]],[[-101.1863946,19.7082512],[-101.185317,19.7082587]],[[-101.187298,19.7082417],[-101.1863946,19.7082512]],[[-101.1873044,19.7069956],[-101.187298,19.7082417]],[[-101.1873219,19.7045915],[-101.1873044,19.7069956]],[[-101.1873202,19.7037696],[-101.1873219,19.7045915]],[[-101.1873202,19.7037696],[-101.1887551,19.7037777],[-101.1888151,19.7020152],[-101.1878576,19.7019465],[-101.1878206,19.7008336],[-101.1897944,19.7008948]]]}},{"type":"Feature","id":"Dorado (Hospitales)","properties":{"ref":"Dorado (Hospitales)","nombre":"Dorado (Hospitales)","variantes":1,"osmid":18015944,"paradas":0,"sin_nombre":false},"geometry":{"type":"MultiLineString","coordinates":[[[-101.1897863,19.7013573],[-101.1897247,19.7037997]],[[-101.1896726,19.7038007],[-101.1897247,19.7037997]],[[-101.1896726,19.7038007],[-101.189618,19.7046494],[-101.184216,19.7044714],[-101.1795494,19.7040445],[-101.1700058,19.7083114],[-101.1662252,19.7098147]],[[-101.1661126,19.7097971],[-101.1655533,19.7098867],[-101.1648855,19.7104574],[-101.1580159,19.7136317],[-101.1380624,19.7284337],[-101.1366028,19.7291209],[-101.135138,19.7294931],[-101.1315724,19.729914]],[[-101.1207709,19.7306156],[-101.115976,19.7310995]],[[-101.1110284,19.73165],[-101.1073604,19.7320231],[-101.1069631,19.7316765],[-101.1060955,19.7298704],[-101.1051838,19.729453],[-101.1041737,19.729599],[-101.1010101,19.7307626],[-101.0956389,19.7299722],[-101.0953587,19.7295754],[-101.0950296,19.7295937],[-101.0933591,19.727332],[-101.0920845,19.7253914],[-101.092159,19.7250795],[-101.0917528,19.7251019]]]}},{"type":"Feature","id":"Dorado (Hospitales))","properties":{"ref":"Dorado (Hospitales))","nombre":"Dorado (Hospitales))","variantes":1,"osmid":17992318,"paradas":0,"sin_nombre":false},"geometry":{"type":"MultiLineString","coordinates":[[[-101.0917528,19.7251019],[-101.0950239,19.7300754],[-101.1010088,19.730902],[-101.1052358,19.729796],[-101.1058004,19.7300534],[-101.1064293,19.7308384],[-101.106585,19.7324546],[-101.1062431,19.7328629]],[[-101.1064293,19.7308384],[-101.106585,19.7324546],[-101.1062431,19.7328629]],[[-101.1064293,19.7308384],[-101.1072517,19.732418],[-101.1079604,19.7327928],[-101.1085479,19.7326325],[-101.1092362,19.7319799],[-101.1102979,19.7317341]],[[-101.1110284,19.73165],[-101.1102979,19.7317341]],[[-101.115976,19.7310995],[-101.1110284,19.73165]],[[-101.1207709,19.7306156],[-101.115976,19.7310995]],[[-101.1315724,19.729914],[-101.1207709,19.7306156]],[[-101.1315724,19.729914],[-101.1346319,19.7298382],[-101.136631,19.7293055],[-101.1374927,19.7288779],[-101.1381223,19.7289868],[-101.1382763,19.7286941],[-101.1582739,19.7137453],[-101.165434,19.7104713],[-101.1661555,19.7103374],[-101.1665927,19.7099618],[-101.1700058,19.7083114]],[[-101.1703796,19.7081474],[-101.1700058,19.7083114]],[[-101.1713598,19.707724],[-101.1703796,19.7081474]],[[-101.1732638,19.7068446],[-101.1713598,19.707724]],[[-101.175131,19.7060319],[-101.1732638,19.7068446]],[[-101.1768906,19.7052553],[-101.175131,19.7060319]],[[-101.1778103,19.7048486],[-101.1768906,19.7052553]],[[-101.1795494,19.7040445],[-101.1778103,19.7048486]],[[-101.1805269,19.7036416],[-101.1795494,19.7040445]],[[-101.1819322,19.7030391],[-101.1805269,19.7036416]],[[-101.1819322,19.7030391],[-101.1823012,19.7029575],[-101.1823753,19.7034476],[-101.1841017,19.7037679],[-101.1865035,19.7037641]],[[-101.1873202,19.7037696],[-101.1887551,19.7037777],[-101.1888151,19.7020152],[-101.1878576,19.7019465],[-101.1878415,19.7012998],[-101.1896572,19.7013534]]]}},{"type":"Feature","id":"Dorado (Industrial)","properties":{"ref":"Dorado (Industrial)","nombre":"Dorado (Industrial)","variantes":2,"osmid":17945368,"paradas":0,"sin_nombre":false},"geometry":{"type":"MultiLineString","coordinates":[[[-101.1897863,19.7013573],[-101.1897247,19.7037997]],[[-101.1896726,19.7038007],[-101.1897247,19.7037997]],[[-101.1896726,19.7038007],[-101.189618,19.7046494],[-101.184216,19.7044714],[-101.1795494,19.7040445],[-101.1680756,19.7091201],[-101.1662252,19.7098147],[-101.1655533,19.7098867],[-101.1648855,19.7104574],[-101.1591538,19.7129951],[-101.1553856,19.7154958],[-101.155605,19.7158149]],[[-101.1476535,19.7217272],[-101.155605,19.7158149]],[[-101.1431273,19.7250872],[-101.1476535,19.7217272]],[[-101.1429261,19.7252316],[-101.1431273,19.7250872]],[[-101.1407186,19.7268907],[-101.1429261,19.7252316]],[[-101.1381926,19.7288113],[-101.1407186,19.7268907]],[[-101.1381223,19.7289868],[-101.1381926,19.7288113]],[[-101.1377522,19.7306676],[-101.1381223,19.7289868]],[[-101.1377522,19.7306676],[-101.1362906,19.7310937],[-101.134928,19.7323611]],[[-101.1342682,19.7329923],[-101.134928,19.7323611]],[[-101.1309798,19.7361279],[-101.1342682,19.7329923]],[[-101.1309798,19.7361279],[-101.1297822,19.7368333],[-101.1284371,19.7370267],[-101.1222506,19.7352237],[-101.1195258,19.7372519]],[[-101.1189519,19.7390202],[-101.1195258,19.7372519]],[[-101.1189519,19.7390202],[-101.1184836,19.7392966],[-101.1181446,19.7387748],[-101.1167898,19.7396772],[-101.1151858,19.7375727],[-101.113228,19.7389689],[-101.1120155,19.737428]],[[-101.1120155,19.737428],[-101.1116856,19.7368869]],[[-101.113228,19.7389689],[-101.1120155,19.737428]],[[-101.1151858,19.7375727],[-101.113228,19.7389689]],[[-101.1167898,19.7396772],[-101.1151858,19.7375727]],[[-101.1181446,19.7387748],[-101.1167898,19.7396772]],[[-101.1184836,19.7392966],[-101.1181446,19.7387748]],[[-101.1189519,19.7390202],[-101.1184836,19.7392966]],[[-101.1189519,19.7390202],[-101.1195258,19.7372519]],[[-101.122383,19.7352326],[-101.1195258,19.7372519]],[[-101.1297822,19.7368333],[-101.1290752,19.737011],[-101.1280455,19.7369661],[-101.122383,19.7352326]],[[-101.1297822,19.7368333],[-101.13069,19.7366821],[-101.1309798,19.7361279],[-101.134928,19.7323611],[-101.1373957,19.732048],[-101.1382763,19.7286941],[-101.1574373,19.714322],[-101.1591805,19.7132655],[-101.165434,19.7104713],[-101.1661555,19.7103374],[-101.1665927,19.7099618],[-101.1700058,19.7083114]],[[-101.1703796,19.7081474],[-101.1700058,19.7083114]],[[-101.1713598,19.707724],[-101.1703796,19.7081474]],[[-101.1732638,19.7068446],[-101.1713598,19.707724]],[[-101.175131,19.7060319],[-101.1732638,19.7068446]],[[-101.1768906,19.7052553],[-101.175131,19.7060319]],[[-101.1778103,19.7048486],[-101.1768906,19.7052553]],[[-101.1795494,19.7040445],[-101.1778103,19.7048486]],[[-101.1805269,19.7036416],[-101.1795494,19.7040445]],[[-101.1819322,19.7030391],[-101.1805269,19.7036416]],[[-101.1819322,19.7030391],[-101.1823012,19.7029575],[-101.1823753,19.7034476],[-101.1841017,19.7037679],[-101.1887551,19.7037777],[-101.1888151,19.7020152],[-101.1878576,19.7019465],[-101.1878415,19.7012998],[-101.1896572,19.7013534]]]}},{"type":"Feature","id":"El Pedregal","properties":{"ref":"El Pedregal","nombre":"El Pedregal","variantes":2,"osmid":18073761,"paradas":0,"sin_nombre":false},"geometry":{"type":"MultiLineString","coordinates":[[[-101.1897752,19.7018098],[-101.1897247,19.7037997],[-101.1950253,19.7039012],[-101.1950691,19.702965]],[[-101.1968579,19.703001],[-101.1950691,19.702965]],[[-101.2001421,19.7030345],[-101.1968579,19.703001]],[[-101.2016882,19.7028391],[-101.2001421,19.7030345]],[[-101.2033319,19.7025896],[-101.2016882,19.7028391]],[[-101.2033319,19.7025896],[-101.2124116,19.7019589],[-101.2157623,19.7037409],[-101.2161295,19.7037738],[-101.21551,19.7058167],[-101.2152277,19.7076131],[-101.2156251,19.7092827],[-101.2156491,19.710401],[-101.2161117,19.7114114],[-101.2160519,19.7121992]],[[-101.2161277,19.7122095],[-101.2160519,19.7121992]],[[-101.2161277,19.7122095],[-101.2166926,19.7120737],[-101.2171347,19.7113781],[-101.2184918,19.7105439]],[[-101.2184346,19.7104824],[-101.2184918,19.7105439]],[[-101.2184346,19.7104824],[-101.2260899,19.7089549]],[[-101.2262403,19.7089181],[-101.2260899,19.7089549]],[[-101.2262403,19.7089181],[-101.2251095,19.7046781],[-101.2434737,19.700495],[-101.2441665,19.700185],[-101.2527285,19.6981144],[-101.2644797,19.6962154],[-101.2806315,19.6911092],[-101.2839893,19.6903959],[-101.284672,19.6922214],[-101.2863844,19.6916008]],[[-101.2867734,19.6923635],[-101.2863844,19.6916008]],[[-101.2867734,19.6923635],[-101.2869309,19.6926307],[-101.2879692,19.6922749]],[[-101.289114,19.6918858],[-101.2879692,19.6922749]],[[-101.289114,19.6918858],[-101.2898559,19.6916485]],[[-101.2910538,19.6948205],[-101.2898559,19.6916485]],[[-101.2897107,19.6952764],[-101.2910538,19.6948205]],[[-101.2897905,19.6955003],[-101.2898828,19.6957761]],[[-101.2897107,19.6952764],[-101.2897905,19.6955003]],[[-101.2897107,19.6952764],[-101.2910538,19.6948205],[-101.2898307,19.6915818],[-101.2879692,19.6922749],[-101.2867734,19.6923635],[-101.2863844,19.6916008]],[[-101.284672,19.6922214],[-101.2863844,19.6916008]],[[-101.2839893,19.6903959],[-101.284672,19.6922214]],[[-101.2839893,19.6903959],[-101.2870411,19.6897449],[-101.2877437,19.6892761],[-101.289167,19.6878346],[-101.2913254,19.6870317],[-101.2915032,19.686824],[-101.2890967,19.6877582],[-101.2869217,19.6896045],[-101.2795129,19.6913273]],[[-101.2794776,19.6912401],[-101.2795129,19.6913273]],[[-101.2794776,19.6912401],[-101.2644131,19.6960159],[-101.2574106,19.6971197]],[[-101.2543177,19.697614],[-101.2434486,19.6999346],[-101.2418238,19.7004898],[-101.2247904,19.7046434],[-101.2200737,19.7053896],[-101.2193122,19.7052248],[-101.2125891,19.7017717],[-101.2075193,19.7021489],[-101.2076201,19.7015263],[-101.207013,19.7013209],[-101.205907,19.702244],[-101.2040947,19.7024309],[-101.2024302,19.7021744],[-101.1968617,19.7019331]],[[-101.1959825,19.7019251],[-101.1897752,19.7018098],[-101.1897674,19.7020364],[-101.1888151,19.7020152],[-101.1878576,19.7019465],[-101.1878415,19.7012998],[-101.1897863,19.7013573],[-101.1897799,19.7015856]]]}},{"type":"Feature","id":"Espigas (Corona)","properties":{"ref":"Espigas (Corona)","nombre":"Espigas (Corona)","variantes":2,"osmid":17992334,"paradas":0,"sin_nombre":false},"geometry":{"type":"MultiLineString","coordinates":[[[-101.1400306,19.7941728],[-101.1423871,19.7940468],[-101.1455011,19.7914308],[-101.1457398,19.791407]],[[-101.1457076,19.7913671],[-101.1457398,19.791407]],[[-101.1457076,19.7913671],[-101.1456031,19.7912277]],[[-101.1455869,19.7912081],[-101.1456031,19.7912277]],[[-101.1455869,19.7912081],[-101.148473,19.7900529],[-101.1494577,19.7899884]],[[-101.153032,19.7878326],[-101.1526908,19.7875638],[-101.1522979,19.7875569],[-101.1494577,19.7899884]],[[-101.153032,19.7878326],[-101.1545116,19.7841942],[-101.1569359,19.7806441],[-101.1568616,19.7789989],[-101.1571945,19.7785418]],[[-101.1574874,19.7794963],[-101.1568144,19.775935],[-101.1567826,19.7746595],[-101.1572965,19.771481],[-101.1586858,19.7684031],[-101.159727,19.7670813],[-101.1658222,19.7613677],[-101.1669228,19.7601125],[-101.1779595,19.7390841],[-101.1785493,19.7386228],[-101.1815447,19.7371782],[-101.1824169,19.7362502],[-101.1827187,19.7350727],[-101.1833061,19.728013],[-101.1836309,19.7263878],[-101.1845243,19.7249235],[-101.18778,19.7221498],[-101.1885363,19.7205359],[-101.1888175,19.7164571],[-101.1891241,19.7152871],[-101.188283,19.7116953],[-101.1887582,19.7105863],[-101.1905797,19.7076536],[-101.1913488,19.7056004],[-101.1913568,19.7053514],[-101.189423,19.7053498],[-101.1891116,19.7069041],[-101.1903023,19.7064059]],[[-101.1903023,19.7064059],[-101.1909551,19.7063455],[-101.1906621,19.7073407],[-101.1888242,19.7103845],[-101.1884456,19.7104083],[-101.1881353,19.7119741],[-101.1882452,19.7125699],[-101.1861107,19.7132529],[-101.1821329,19.716109]],[[-101.1822201,19.7162226],[-101.1821329,19.716109]],[[-101.1823348,19.716372],[-101.1822201,19.7162226]],[[-101.1824115,19.7164719],[-101.1823348,19.716372]],[[-101.1824115,19.7164719],[-101.1861547,19.7136355],[-101.1883223,19.7128553],[-101.1890169,19.7152631],[-101.1887191,19.7164466],[-101.1883482,19.7201865],[-101.1879818,19.7213994],[-101.1872901,19.7222352],[-101.1844347,19.724778],[-101.1833999,19.7266358],[-101.1824198,19.7359071],[-101.1819552,19.7366394],[-101.1814266,19.7370696],[-101.1787298,19.7384054],[-101.1775504,19.7393803],[-101.166848,19.7600081],[-101.1657545,19.7612487],[-101.1596646,19.7670049],[-101.1586033,19.7683079],[-101.1572961,19.771148],[-101.1566695,19.7746626],[-101.1567168,19.775959],[-101.1571945,19.7785418]],[[-101.153032,19.7878326],[-101.1545116,19.7841942],[-101.1569359,19.7806441],[-101.1568616,19.7789989],[-101.1571945,19.7785418]],[[-101.153032,19.7878326],[-101.1526908,19.7875638],[-101.1522979,19.7875569],[-101.1494577,19.7899884]],[[-101.1455869,19.7912081],[-101.148473,19.7900529],[-101.1494577,19.7899884]],[[-101.1455869,19.7912081],[-101.1457398,19.791407]],[[-101.1455011,19.7914308],[-101.1457398,19.791407]],[[-101.1423871,19.7940468],[-101.1455011,19.7914308]],[[-101.1413187,19.7941058],[-101.1423871,19.7940468]]]}},{"type":"Feature","id":"Espigas (La Calera)","properties":{"ref":"Espigas (La Calera)","nombre":"Espigas (La Calera)","variantes":1,"osmid":18073839,"paradas":0,"sin_nombre":false},"geometry":{"type":"MultiLineString","coordinates":[[[-101.1400306,19.7941728],[-101.1423871,19.7940468],[-101.1455011,19.7914308],[-101.1457398,19.791407]],[[-101.1457076,19.7913671],[-101.1457398,19.791407]],[[-101.1457076,19.7913671],[-101.1456031,19.7912277]],[[-101.1455869,19.7912081],[-101.1456031,19.7912277]],[[-101.1455869,19.7912081],[-101.148473,19.7900529],[-101.1494577,19.7899884]],[[-101.153032,19.7878326],[-101.1526908,19.7875638],[-101.1522979,19.7875569],[-101.1494577,19.7899884]],[[-101.153032,19.7878326],[-101.1545116,19.7841942],[-101.1569359,19.7806441],[-101.1568616,19.7789989],[-101.1571945,19.7785418]],[[-101.1574874,19.7794963],[-101.1568144,19.775935],[-101.1567826,19.7746595],[-101.1572965,19.771481],[-101.1586858,19.7684031],[-101.159727,19.7670813],[-101.1658222,19.7613677],[-101.1669228,19.7601125],[-101.1779595,19.7390841],[-101.1785493,19.7386228],[-101.1815447,19.7371782],[-101.1824169,19.7362502],[-101.1827187,19.7350727],[-101.1833061,19.728013],[-101.1836309,19.7263878],[-101.1845243,19.7249235],[-101.18778,19.7221498],[-101.1883544,19.721156],[-101.18859,19.7201926]],[[-101.1886738,19.7186219],[-101.1888175,19.7164571],[-101.1891241,19.7152871],[-101.188283,19.7116953],[-101.1887582,19.7105863],[-101.1907019,19.7073387]],[[-101.1910374,19.7063594],[-101.1913568,19.7053514],[-101.189423,19.7053498],[-101.1887987,19.7081359],[-101.1826367,19.7081985]],[[-101.1826363,19.7067573],[-101.1826367,19.7081985]],[[-101.1821989,19.7066891],[-101.1826363,19.7067573]],[[-101.1821989,19.7066891],[-101.1822368,19.7061192],[-101.1854623,19.7056448],[-101.18938,19.7055964]]]}},{"type":"Feature","id":"Gris 2","properties":{"ref":"Gris 2","nombre":"Gris 2","variantes":1,"osmid":18180842,"paradas":0,"sin_nombre":false},"geometry":{"type":"MultiLineString","coordinates":[[[-101.2354986,19.6854623],[-101.2292616,19.688447],[-101.2258277,19.6913583],[-101.2250583,19.6913832],[-101.2245442,19.6909668],[-101.2190388,19.695766],[-101.2181376,19.6969375],[-101.2125967,19.7020251],[-101.2157623,19.7037409],[-101.2161295,19.7037738],[-101.21551,19.7058167],[-101.2152277,19.7076131],[-101.2156251,19.7092827],[-101.2156491,19.710401],[-101.2161117,19.7114114],[-101.215647,19.7136368],[-101.2155757,19.7152639],[-101.2162372,19.7176945],[-101.216724,19.7183935],[-101.2210635,19.7213862],[-101.2232138,19.7224572],[-101.2241305,19.7247743],[-101.2229103,19.7264797],[-101.2221273,19.7270379],[-101.2213883,19.7272641],[-101.2145142,19.7265949],[-101.1954031,19.7241268],[-101.185074,19.7196146],[-101.1831475,19.7189693],[-101.1820584,19.7189963],[-101.1798113,19.7200225],[-101.1787354,19.7198592],[-101.1666075,19.7106781],[-101.1663325,19.7098703],[-101.1654755,19.7095862],[-101.1630778,19.706787],[-101.1499653,19.6962732],[-101.1495126,19.6956725],[-101.1495153,19.6948689]],[[-101.1495481,19.6945941],[-101.1497415,19.6934817],[-101.1508548,19.6901447],[-101.1531819,19.6876295],[-101.1538644,19.6874248],[-101.1605249,19.6880498],[-101.1677881,19.6829967],[-101.1694024,19.6823074],[-101.181194,19.681529],[-101.1813595,19.6818493],[-101.1805696,19.6860743]],[[-101.1811665,19.6861701],[-101.1805696,19.6860743]],[[-101.1811665,19.6861701],[-101.1810446,19.687621]],[[-101.1843498,19.6877113],[-101.1810446,19.687621]],[[-101.1875484,19.6877987],[-101.1843498,19.6877113]],[[-101.1875446,19.6884281],[-101.1875484,19.6877987]],[[-101.1875446,19.6884281],[-101.1880449,19.6885042]],[[-101.1879814,19.6900174],[-101.1880449,19.6885042]],[[-101.187979,19.6901006],[-101.1879814,19.6900174]],[[-101.1879724,19.6903262],[-101.187979,19.6901006]],[[-101.1879698,19.6904159],[-101.1879724,19.6903262]],[[-101.1879593,19.6907763],[-101.1879698,19.6904159]],[[-101.187915,19.6922929],[-101.1879593,19.6907763]],[[-101.187892,19.6928748],[-101.187915,19.6922929]],[[-101.187892,19.6928748],[-101.1917792,19.6929804],[-101.1918303,19.6913552],[-101.1955241,19.6922907],[-101.1957578,19.6826683],[-101.1961093,19.681604],[-101.1969686,19.6810611],[-101.1988893,19.6812238],[-101.2002102,19.6809903],[-101.20087,19.6806746],[-101.2013769,19.6799338],[-101.2025846,19.6761404],[-101.202946,19.675545],[-101.2085967,19.6721207],[-101.2099414,19.6722279],[-101.2200044,19.6770714],[-101.220466,19.6771764],[-101.2232452,19.6767707],[-101.2294114,19.67697]],[[-101.2297252,19.6770111],[-101.2298416,19.6770417]],[[-101.2303367,19.6772081],[-101.2336628,19.6784377],[-101.2342522,19.6788644],[-101.2368338,19.684817],[-101.2365938,19.6849358]]]}},{"type":"Feature","id":"Gris 3 Furamo","properties":{"ref":"Gris 3 Furamo","nombre":"Gris 3 Furamo","variantes":2,"osmid":18180776,"paradas":0,"sin_nombre":false},"geometry":{"type":"MultiLineString","coordinates":[[[-101.1510714,19.716538],[-101.15178,19.7159499]],[[-101.1531964,19.7149876],[-101.15178,19.7159499]],[[-101.1531964,19.7149876],[-101.1548127,19.7138819]],[[-101.1547894,19.7138196],[-101.1548127,19.7138819]],[[-101.1542212,19.7121343],[-101.1547894,19.7138196]],[[-101.1553344,19.7112812],[-101.1542212,19.7121343]],[[-101.1553344,19.7112812],[-101.1542212,19.7121343]],[[-101.1553344,19.7112812],[-101.1542212,19.7121343]],[[-101.1547429,19.7095387],[-101.1553344,19.7112812]],[[-101.1546744,19.7093314],[-101.1547429,19.7095387]],[[-101.1546744,19.7093314],[-101.1550904,19.7091723],[-101.1555647,19.7105353]],[[-101.1563202,19.7099756],[-101.1555647,19.7105353]],[[-101.1563202,19.7099756],[-101.1564674,19.7104255]],[[-101.1571977,19.7098865],[-101.1564674,19.7104255]],[[-101.1571977,19.7098865],[-101.1577951,19.7115964]],[[-101.1594021,19.7105175],[-101.1577951,19.7115964]],[[-101.1594021,19.7105175],[-101.1642346,19.708675],[-101.1652744,19.7099641],[-101.165434,19.7104713],[-101.1661555,19.7103374],[-101.1663942,19.7099612],[-101.1654755,19.7095862],[-101.1638628,19.7075268],[-101.1621095,19.7059525],[-101.1514599,19.6976079]],[[-101.1495126,19.6956725],[-101.1496873,19.6936738],[-101.150803,19.690253],[-101.1531295,19.687662],[-101.1538644,19.6874248],[-101.1605249,19.6880498],[-101.1658031,19.6843914],[-101.1906276,19.6910666]],[[-101.1918303,19.6913552],[-101.1955241,19.6922907],[-101.1955406,19.6917526],[-101.2003325,19.6919467]],[[-101.2014317,19.6921104],[-101.2069363,19.6929367]],[[-101.2066533,19.6950086],[-101.2069363,19.6929367]],[[-101.2066533,19.6950086],[-101.2086397,19.6952531],[-101.2082464,19.6979938],[-101.2076275,19.7004683],[-101.207841,19.7009569],[-101.2105714,19.7008853],[-101.2106446,19.7019203]],[[-101.2106479,19.7020339],[-101.2106446,19.7019203]],[[-101.2106479,19.7020339],[-101.2125361,19.7019916],[-101.2157623,19.7037409],[-101.2161295,19.7037738],[-101.21551,19.7058167],[-101.2152277,19.7076131],[-101.2156251,19.7092827],[-101.2156491,19.710401],[-101.2161117,19.7114114],[-101.215647,19.7136368],[-101.2155757,19.7152639],[-101.2162372,19.7176945],[-101.216724,19.7183935],[-101.2210635,19.7213862],[-101.2232138,19.7224572],[-101.2241305,19.7247743]],[[-101.2242907,19.7252207],[-101.2241305,19.7247743]],[[-101.2243238,19.7253109],[-101.2242907,19.7252207]],[[-101.2243238,19.7253109],[-101.2275902,19.720809],[-101.2310774,19.7153467],[-101.2364297,19.7079341],[-101.2372314,19.7073002],[-101.2385042,19.7067192],[-101.2435242,19.7054271],[-101.2444739,19.7046446],[-101.2448529,19.7033732],[-101.2439419,19.7008696]],[[-101.2438758,19.700325],[-101.243068,19.6990364],[-101.239657,19.6909731]],[[-101.246112,19.6884493],[-101.2412156,19.6906996],[-101.239657,19.6909731]],[[-101.246112,19.6884493],[-101.2474884,19.6908806]],[[-101.248539,19.6901329],[-101.2474884,19.6908806]],[[-101.2491432,19.6905899],[-101.248539,19.6901329]],[[-101.249308,19.6925363],[-101.2491432,19.6905899]],[[-101.2504373,19.6925707],[-101.249308,19.6925363]],[[-101.2505646,19.6896979],[-101.2504373,19.6925707]],[[-101.2505646,19.6896979],[-101.2512406,19.6896998]],[[-101.2526322,19.6899931],[-101.2515558,19.6899313],[-101.2512406,19.6896998]],[[-101.2526098,19.6911399],[-101.2526322,19.6899931]],[[-101.2534149,19.6912133],[-101.2526098,19.6911399]],[[-101.2537806,19.691203],[-101.2534149,19.6912133]],[[-101.2543158,19.6907879],[-101.2537806,19.691203]],[[-101.2543158,19.6907879],[-101.2553959,19.6908608],[-101.2576228,19.6893869]],[[-101.2597395,19.6880871],[-101.2576228,19.6893869]],[[-101.2610459,19.6877648],[-101.2597395,19.6880871],[-101.2576228,19.6893869]],[[-101.2576147,19.6892142],[-101.2576228,19.6893869]],[[-101.257565,19.6883821],[-101.2576147,19.6892142]],[[-101.2575048,19.6872066],[-101.257565,19.6883821]],[[-101.2579004,19.686776],[-101.2575048,19.6872066]],[[-101.2575923,19.6860998],[-101.2579004,19.686776]],[[-101.2577006,19.6860992],[-101.2575923,19.6860998]],[[-101.2577006,19.6860992],[-101.2575135,19.6834165],[-101.2575923,19.6860998],[-101.2579004,19.686776],[-101.2575048,19.6872066],[-101.2576147,19.6892142],[-101.2553241,19.6906147],[-101.2545062,19.6906435],[-101.2537806,19.691203],[-101.252667,19.6911822],[-101.2526322,19.6899931],[-101.2515558,19.6899313],[-101.2511587,19.68964],[-101.2505631,19.6896394],[-101.2504373,19.6925707],[-101.249308,19.6925363],[-101.2491432,19.6905899],[-101.2486066,19.6901184],[-101.2474884,19.6908806]],[[-101.2464997,19.6890026],[-101.2474884,19.6908806]],[[-101.246112,19.6884493],[-101.2464997,19.6890026]],[[-101.246112,19.6884493],[-101.2412156,19.6906996],[-101.239657,19.6909731],[-101.236983,19.684745],[-101.2368338,19.684817],[-101.2415698,19.695825],[-101.2429276,19.6995842],[-101.2430137,19.7003377],[-101.2434393,19.7008861],[-101.2443332,19.7028771],[-101.2443278,19.7040336],[-101.2438343,19.7047358],[-101.243273,19.7050829],[-101.2382292,19.7063517],[-101.2360588,19.7076581],[-101.2272848,19.7200119],[-101.2259086,19.7192731],[-101.22572,19.7193249],[-101.225667,19.71977],[-101.2268493,19.7206638],[-101.2241305,19.7247743],[-101.2232929,19.7223173],[-101.2211718,19.7213259],[-101.2168954,19.7183642],[-101.216376,19.7177398],[-101.2156866,19.7151568],[-101.2157592,19.7136143],[-101.2162987,19.7115643],[-101.2157549,19.7103896],[-101.2157268,19.7092609],[-101.2153337,19.7076095],[-101.2162684,19.7036385],[-101.2127257,19.7018057],[-101.2116883,19.7018157],[-101.2115503,19.6999519],[-101.2105136,19.6999906],[-101.2090498,19.6985027],[-101.20809,19.7004708],[-101.2072159,19.7013236],[-101.2069133,19.7014106],[-101.206121,19.6989056]],[[-101.2059698,19.6985271],[-101.2061708,19.6985411],[-101.2062785,19.6977522],[-101.2056081,19.6976868],[-101.2062577,19.692835]],[[-101.2055758,19.6927327],[-101.2062577,19.692835]],[[-101.2048296,19.6926209],[-101.2055758,19.6927327]],[[-101.2044383,19.6925622],[-101.2048296,19.6926209]],[[-101.2039581,19.6924903],[-101.2044383,19.6925622]],[[-101.2034631,19.692416],[-101.2039581,19.6924903]],[[-101.2027704,19.6923122],[-101.2034631,19.692416]],[[-101.2020882,19.6922099],[-101.2027704,19.6923122]],[[-101.2014317,19.6921104],[-101.2020882,19.6922099]],[[-101.2003325,19.6919467],[-101.2014317,19.6921104]],[[-101.1990415,19.6917982],[-101.2003325,19.6919467]],[[-101.1970213,19.6917665],[-101.1990415,19.6917982]],[[-101.1970213,19.6917665],[-101.1970021,19.6924139],[-101.1952547,19.6919534]],[[-101.1918358,19.6910424],[-101.1810043,19.6881601]],[[-101.1952547,19.6919534],[-101.1918358,19.6910424]],[[-101.1802219,19.6879322],[-101.1658364,19.6840454],[-101.1604303,19.6878695],[-101.1535634,19.6871664],[-101.1529323,19.6874134],[-101.1510047,19.6893862],[-101.1503126,19.6907505],[-101.1492288,19.6941903],[-101.1490834,19.6957038],[-101.1493342,19.6963334],[-101.1626011,19.7066853],[-101.1633302,19.7073764],[-101.1648425,19.7094476],[-101.1639852,19.7097512],[-101.1636031,19.7088448],[-101.1594339,19.7104628],[-101.1577951,19.7115964]],[[-101.1571977,19.7098865],[-101.1577951,19.7115964]],[[-101.1571977,19.7098865],[-101.1564674,19.7104255]],[[-101.1563202,19.7099756],[-101.1564674,19.7104255]],[[-101.1563202,19.7099756],[-101.1555647,19.7105353]],[[-101.1551245,19.7092533],[-101.1555647,19.7105353]],[[-101.1550904,19.7091723],[-101.1551245,19.7092533]],[[-101.1550904,19.7091723],[-101.155169,19.7090167],[-101.1543508,19.7093025],[-101.1546744,19.7093314],[-101.1553344,19.7112812],[-101.1542212,19.7121343],[-101.1547894,19.7138196],[-101.1517143,19.7159612]]]}},{"type":"Feature","id":"Gris 3 Oxxo","properties":{"ref":"Gris 3 Oxxo","nombre":"Gris 3 Oxxo","variantes":2,"osmid":18180790,"paradas":0,"sin_nombre":false},"geometry":{"type":"MultiLineString","coordinates":[[[-101.1502711,19.7171299],[-101.15178,19.7159499]],[[-101.1531964,19.7149876],[-101.15178,19.7159499]],[[-101.1531964,19.7149876],[-101.1548127,19.7138819]],[[-101.1547894,19.7138196],[-101.1548127,19.7138819]],[[-101.1542212,19.7121343],[-101.1547894,19.7138196]],[[-101.1553344,19.7112812],[-101.1542212,19.7121343]],[[-101.1547429,19.7095387],[-101.1553344,19.7112812]],[[-101.1546744,19.7093314],[-101.1547429,19.7095387]],[[-101.1546744,19.7093314],[-101.1550904,19.7091723],[-101.1555647,19.7105353]],[[-101.1563202,19.7099756],[-101.1555647,19.7105353]],[[-101.1563202,19.7099756],[-101.1564674,19.7104255]],[[-101.1571977,19.7098865],[-101.1564674,19.7104255]],[[-101.1571977,19.7098865],[-101.1577951,19.7115964]],[[-101.1594021,19.7105175],[-101.1577951,19.7115964]],[[-101.1594021,19.7105175],[-101.1642346,19.708675],[-101.1652744,19.7099641],[-101.165434,19.7104713],[-101.1661555,19.7103374],[-101.1663942,19.7099612],[-101.1654755,19.7095862],[-101.1638628,19.7075268],[-101.1621095,19.7059525],[-101.1513198,19.6974251]],[[-101.1495126,19.6956725],[-101.1496873,19.6936738],[-101.150803,19.690253],[-101.1531295,19.687662],[-101.1538644,19.6874248],[-101.1605249,19.6880498],[-101.1658031,19.6843914],[-101.1828298,19.6890536],[-101.1952508,19.6922395],[-101.1955241,19.6922907],[-101.1955406,19.6917526],[-101.1994068,19.6918079],[-101.2069363,19.6929367]],[[-101.2066533,19.6950086],[-101.2069363,19.6929367]],[[-101.2066533,19.6950086],[-101.2086397,19.6952531],[-101.2082464,19.6979938],[-101.2076275,19.7004683],[-101.207841,19.7009569],[-101.2105714,19.7008853],[-101.2106446,19.7019203]],[[-101.2106479,19.7020339],[-101.2106446,19.7019203]],[[-101.2106479,19.7020339],[-101.212599,19.7019539],[-101.2161295,19.7037738],[-101.21551,19.7058167],[-101.2152277,19.7076131],[-101.2156251,19.7092827],[-101.2156491,19.710401],[-101.2161117,19.7114114],[-101.215647,19.7136368],[-101.2155757,19.7152639],[-101.2162372,19.7176945],[-101.216724,19.7183935],[-101.2210635,19.7213862],[-101.2232138,19.7224572],[-101.2241305,19.7247743]],[[-101.2242907,19.7252207],[-101.2241305,19.7247743]],[[-101.2243238,19.7253109],[-101.2242907,19.7252207]],[[-101.2243238,19.7253109],[-101.2275902,19.720809],[-101.2310774,19.7153467],[-101.236147,19.7082271],[-101.2372314,19.7073002],[-101.2380935,19.706869],[-101.2431754,19.7055478],[-101.2441969,19.7049779],[-101.2446161,19.7044152],[-101.2448457,19.7036485],[-101.2448034,19.7030903],[-101.2439419,19.7008696],[-101.2443565,19.7001409],[-101.2501455,19.6987428],[-101.250123,19.6985155]],[[-101.2502301,19.6977784],[-101.250123,19.6985155]],[[-101.2504373,19.6925707],[-101.2502301,19.6977784]],[[-101.2505646,19.6896979],[-101.2504373,19.6925707]],[[-101.2505646,19.6896979],[-101.2512406,19.6896998]],[[-101.2526322,19.6899931],[-101.2515558,19.6899313],[-101.2512406,19.6896998]],[[-101.2526098,19.6911399],[-101.2526322,19.6899931]],[[-101.2534149,19.6912133],[-101.2526098,19.6911399]],[[-101.2537806,19.691203],[-101.2534149,19.6912133]],[[-101.2543158,19.6907879],[-101.2537806,19.691203]],[[-101.2543158,19.6907879],[-101.2553959,19.6908608],[-101.2576228,19.6893869]],[[-101.2576147,19.6892142],[-101.2576228,19.6893869]],[[-101.257565,19.6883821],[-101.2576147,19.6892142]],[[-101.2575048,19.6872066],[-101.257565,19.6883821]],[[-101.2579004,19.686776],[-101.2575048,19.6872066]],[[-101.2575923,19.6860998],[-101.2579004,19.686776]],[[-101.2577006,19.6860992],[-101.2575923,19.6860998]],[[-101.2577006,19.6860992],[-101.2576309,19.6834146],[-101.2575923,19.6860998]],[[-101.2610459,19.6877648],[-101.2597395,19.6880871],[-101.2576228,19.6893869]],[[-101.2576147,19.6892142],[-101.2576228,19.6893869]],[[-101.257565,19.6883821],[-101.2576147,19.6892142]],[[-101.2575048,19.6872066],[-101.257565,19.6883821]],[[-101.2579004,19.686776],[-101.2575048,19.6872066]],[[-101.2575923,19.6860998],[-101.2579004,19.686776]],[[-101.2577006,19.6860992],[-101.2575923,19.6860998]],[[-101.2577006,19.6860992],[-101.2575135,19.6834165],[-101.2575923,19.6860998],[-101.2579004,19.686776],[-101.2575048,19.6872066],[-101.2576147,19.6892142],[-101.2553241,19.6906147],[-101.2545062,19.6906435],[-101.2537806,19.691203],[-101.252667,19.6911822],[-101.2526322,19.6899931],[-101.2515558,19.6899313],[-101.2511587,19.68964],[-101.2505631,19.6896394],[-101.250123,19.6985155],[-101.2429822,19.7001137],[-101.2444136,19.7031851],[-101.2443278,19.7040336],[-101.2440274,19.7045336],[-101.243273,19.7050829],[-101.2382292,19.7063517],[-101.2360588,19.7076581],[-101.2272848,19.7200119],[-101.2259086,19.7192731],[-101.22572,19.7193249],[-101.225667,19.71977],[-101.2268493,19.7206638],[-101.2241305,19.7247743],[-101.2232929,19.7223173],[-101.2211718,19.7213259],[-101.2168954,19.7183642],[-101.216376,19.7177398],[-101.2156866,19.7151568],[-101.2157592,19.7136143],[-101.2162987,19.7115643],[-101.2157549,19.7103896],[-101.2157268,19.7092609],[-101.2153337,19.7076095],[-101.2162684,19.7036385],[-101.2127257,19.7018057],[-101.2116883,19.7018157],[-101.2115503,19.6999519],[-101.2105136,19.6999906],[-101.2090498,19.6985027],[-101.20809,19.7004708],[-101.2072159,19.7013236],[-101.2069133,19.7014106],[-101.206121,19.6989056],[-101.2062785,19.6977522],[-101.2056081,19.6976868],[-101.2062577,19.692835]],[[-101.2055758,19.6927327],[-101.2062577,19.692835]],[[-101.2048296,19.6926209],[-101.2055758,19.6927327]],[[-101.2044383,19.6925622],[-101.2048296,19.6926209]],[[-101.2039581,19.6924903],[-101.2044383,19.6925622]],[[-101.2034631,19.692416],[-101.2039581,19.6924903]],[[-101.2027704,19.6923122],[-101.2034631,19.692416]],[[-101.2020882,19.6922099],[-101.2027704,19.6923122]],[[-101.2014317,19.6921104],[-101.2020882,19.6922099]],[[-101.2003325,19.6919467],[-101.2014317,19.6921104]],[[-101.1990415,19.6917982],[-101.2003325,19.6919467]],[[-101.1970213,19.6917665],[-101.1990415,19.6917982]],[[-101.1970213,19.6917665],[-101.1970021,19.6924139],[-101.1658364,19.6840454],[-101.1604303,19.6878695],[-101.1539256,19.6871483],[-101.1530409,19.6873466],[-101.1510047,19.6893862],[-101.150592,19.6900388],[-101.1492288,19.6941903],[-101.1490779,19.695466],[-101.1492085,19.6961106],[-101.149686,19.6967138],[-101.1515589,19.697945],[-101.1626011,19.7066853],[-101.1633302,19.7073764],[-101.1648425,19.7094476],[-101.1639852,19.7097512],[-101.1636031,19.7088448],[-101.1594339,19.7104628],[-101.1577951,19.7115964]],[[-101.1571977,19.7098865],[-101.1577951,19.7115964]],[[-101.1571977,19.7098865],[-101.1564674,19.7104255]],[[-101.1563202,19.7099756],[-101.1564674,19.7104255]],[[-101.1563202,19.7099756],[-101.1555647,19.7105353]],[[-101.1551245,19.7092533],[-101.1555647,19.7105353]],[[-101.1547429,19.7095387],[-101.1551245,19.7092533]],[[-101.1547429,19.7095387],[-101.1553344,19.7112812],[-101.1542212,19.7121343],[-101.1547894,19.7138196],[-101.15178,19.7159499]]]}},{"type":"Feature","id":"Gris 4","properties":{"ref":"Gris 4","nombre":"Gris 4","variantes":2,"osmid":18180699,"paradas":0,"sin_nombre":false},"geometry":{"type":"MultiLineString","coordinates":[[[-101.2133194,19.7024352],[-101.2127128,19.7039222],[-101.2119743,19.7082963],[-101.2096186,19.712085],[-101.2086983,19.7129234],[-101.2071364,19.7138275],[-101.2052229,19.7143848],[-101.2035989,19.7144329],[-101.1924665,19.711991],[-101.1903066,19.7119642],[-101.1861107,19.7132529],[-101.1778166,19.7191984],[-101.1666075,19.7106781],[-101.1663325,19.7098703],[-101.1654755,19.7095862],[-101.1630778,19.706787],[-101.1514599,19.6976079],[-101.1497897,19.6960951],[-101.1494905,19.6955487],[-101.1496621,19.6938007],[-101.1509387,19.6899865],[-101.1528873,19.687879],[-101.1535918,19.6874484],[-101.1605249,19.6880498],[-101.1677881,19.6829967],[-101.1687127,19.6825219],[-101.1698636,19.6822277],[-101.1863417,19.6811598],[-101.1872534,19.6812765],[-101.1900775,19.6824573],[-101.1909151,19.6824937],[-101.194636,19.6819375],[-101.1957748,19.6824116],[-101.1961093,19.681604],[-101.1969686,19.6810611],[-101.1988893,19.6812238],[-101.2002102,19.6809903],[-101.20087,19.6806746],[-101.2013769,19.6799338],[-101.2025846,19.6761404],[-101.2030506,19.675432],[-101.2088464,19.67206],[-101.2099414,19.6722279],[-101.2200044,19.6770714],[-101.220466,19.6771764],[-101.2232452,19.6767707],[-101.2294114,19.67697]],[[-101.2297252,19.6770111],[-101.2298416,19.6770417]],[[-101.2303367,19.6772081],[-101.2336628,19.6784377],[-101.2342522,19.6788644],[-101.2368338,19.684817],[-101.2292616,19.688447],[-101.2258277,19.6913583],[-101.2250583,19.6913832],[-101.2245442,19.6909668],[-101.2190388,19.695766],[-101.2181376,19.6969375],[-101.2127257,19.7018057],[-101.2125967,19.7020251],[-101.2133194,19.7024352]],[[-101.21263,19.7020453],[-101.2133194,19.7024352]],[[-101.2125967,19.7020251],[-101.21263,19.7020453]],[[-101.2127257,19.7018057],[-101.2125967,19.7020251]],[[-101.2174052,19.6975848],[-101.2127257,19.7018057]],[[-101.2241732,19.691291],[-101.2190388,19.695766],[-101.2174052,19.6975848]],[[-101.2243657,19.6911253],[-101.2241732,19.691291]],[[-101.2245442,19.6909668],[-101.2243657,19.6911253]],[[-101.2247457,19.6911733],[-101.2245442,19.6909668]],[[-101.2272679,19.6901623],[-101.2258277,19.6913583],[-101.2251718,19.6914178],[-101.2247457,19.6911733]],[[-101.2284995,19.6890245],[-101.2272679,19.6901623]],[[-101.2306177,19.6877908],[-101.2284995,19.6890245]],[[-101.2326058,19.6868417],[-101.2306177,19.6877908]],[[-101.2353382,19.6855356],[-101.2326058,19.6868417]],[[-101.2354519,19.685481],[-101.2353382,19.6855356]],[[-101.2354986,19.6854623],[-101.2354519,19.685481]],[[-101.2365938,19.6849358],[-101.2354986,19.6854623]],[[-101.2336628,19.6784377],[-101.2341664,19.6787696],[-101.2344808,19.6792634],[-101.2368338,19.684817]],[[-101.2316591,19.6776653],[-101.2336628,19.6784377]],[[-101.2303367,19.6772081],[-101.2316591,19.6776653]],[[-101.2259219,19.6768451],[-101.2294114,19.67697]],[[-101.2257324,19.6768404],[-101.2259219,19.6768451]],[[-101.220466,19.6771764],[-101.2227667,19.6767843],[-101.2257324,19.6768404]],[[-101.2197917,19.6769905],[-101.220466,19.6771764]],[[-101.2193409,19.6767696],[-101.2197917,19.6769905]],[[-101.2180528,19.6761841],[-101.2193409,19.6767696]],[[-101.2176534,19.675985],[-101.2180528,19.6761841]],[[-101.2170608,19.6756748],[-101.2176534,19.675985]],[[-101.2051626,19.6741255],[-101.2083772,19.6722113],[-101.2095061,19.6720813],[-101.2170608,19.6756748]],[[-101.2050786,19.6741744],[-101.2051626,19.6741255]],[[-101.2023693,19.6767789],[-101.2030506,19.675432],[-101.2050786,19.6741744]],[[-101.2023209,19.6769286],[-101.2023693,19.6767789]],[[-101.2023075,19.6769782],[-101.2023209,19.6769286]],[[-101.1976706,19.681101],[-101.1984748,19.6812454],[-101.1993561,19.6811511],[-101.2003738,19.6809372],[-101.2010115,19.6805575],[-101.2013769,19.6799338],[-101.2023075,19.6769782]],[[-101.1964884,19.6813001],[-101.1969686,19.6810611],[-101.1976706,19.681101]],[[-101.1959613,19.6821567],[-101.1961093,19.681604],[-101.1964884,19.6813001]],[[-101.1959622,19.6822115],[-101.1959613,19.6821567]],[[-101.1958456,19.6823844],[-101.1959622,19.6822115]],[[-101.1955593,19.6823618],[-101.1958456,19.6823844]],[[-101.1953743,19.682319],[-101.1955593,19.6823618]],[[-101.1920779,19.6823402],[-101.194636,19.6819375],[-101.1953743,19.682319]],[[-101.1918257,19.682378],[-101.1920779,19.6823402]],[[-101.1883052,19.6816897],[-101.1900775,19.6824573],[-101.1918257,19.682378]],[[-101.1863417,19.6811598],[-101.1872534,19.6812765],[-101.1883052,19.6816897]],[[-101.181031,19.6814805],[-101.1863417,19.6811598]],[[-101.1742094,19.6819456],[-101.181031,19.6814805]],[[-101.1709002,19.6821515],[-101.1742094,19.6819456]],[[-101.1660929,19.6841863],[-101.1687127,19.6825219],[-101.1709002,19.6821515]],[[-101.1658427,19.6843674],[-101.1660929,19.6841863]],[[-101.1658031,19.6843914],[-101.1658427,19.6843674]],[[-101.1619379,19.6871032],[-101.1658031,19.6843914]],[[-101.1606692,19.6879891],[-101.1619379,19.6871032]],[[-101.1603665,19.6880798],[-101.1606692,19.6879891]],[[-101.1602303,19.6880866],[-101.1603665,19.6880798]],[[-101.1590896,19.6879568],[-101.1602303,19.6880866]],[[-101.1587555,19.6879187],[-101.1590896,19.6879568]],[[-101.1580241,19.6878355],[-101.1587555,19.6879187]],[[-101.1578039,19.6878104],[-101.1580241,19.6878355]],[[-101.1576469,19.6877926],[-101.1578039,19.6878104]],[[-101.1548696,19.6875253],[-101.1576469,19.6877926]],[[-101.1534016,19.6875006],[-101.1548696,19.6875253]],[[-101.151636,19.6891653],[-101.1534016,19.6875006]],[[-101.1506554,19.6907181],[-101.1509387,19.6899865],[-101.151636,19.6891653]],[[-101.1502014,19.6920219],[-101.1506554,19.6907181]],[[-101.1498966,19.6930108],[-101.1502014,19.6920219]],[[-101.1496189,19.6940731],[-101.1498966,19.6930108]],[[-101.1495481,19.6945941],[-101.1496189,19.6940731]],[[-101.1495153,19.6948689],[-101.1495481,19.6945941]],[[-101.1495126,19.6956725],[-101.1495153,19.6948689]],[[-101.1547999,19.7002098],[-101.1514599,19.6976079]],[[-101.1549162,19.7002965],[-101.1547999,19.7002098]],[[-101.1601706,19.7044822],[-101.1549162,19.7002965]],[[-101.1607783,19.7049259],[-101.1601706,19.7044822]],[[-101.1610386,19.7051266],[-101.1607783,19.7049259]],[[-101.1634765,19.7072095],[-101.1610386,19.7051266]],[[-101.1638628,19.7075268],[-101.1634765,19.7072095]],[[-101.1640188,19.7077262],[-101.1638628,19.7075268]],[[-101.1651585,19.7092394],[-101.1640188,19.7077262]],[[-101.1661126,19.7097971],[-101.1654755,19.7095862],[-101.1651585,19.7092394]],[[-101.1662252,19.7098147],[-101.1661126,19.7097971]],[[-101.1663661,19.7101392],[-101.1662252,19.7098147]],[[-101.1687575,19.7123275],[-101.1666075,19.7106781],[-101.1663661,19.7101392]],[[-101.1695268,19.7130007],[-101.1687575,19.7123275]],[[-101.1720951,19.7148898],[-101.1695268,19.7130007]],[[-101.1748874,19.7170069],[-101.1720951,19.7148898]],[[-101.1750309,19.7171199],[-101.1748874,19.7170069]],[[-101.1766913,19.7183992],[-101.1750309,19.7171199]],[[-101.1768956,19.7185555],[-101.1766913,19.7183992]],[[-101.1770614,19.718669],[-101.1768956,19.7185555]],[[-101.1778166,19.7191984],[-101.1770614,19.718669]],[[-101.1821329,19.716109],[-101.1778166,19.7191984]],[[-101.1882452,19.7125699],[-101.1861107,19.7132529],[-101.1821329,19.716109]],[[-101.2016636,19.7140661],[-101.1920705,19.7119285],[-101.1903066,19.7119642],[-101.1882452,19.7125699]],[[-101.2058308,19.7142516],[-101.2035989,19.7144329],[-101.2016636,19.7140661]],[[-101.2115526,19.708959],[-101.210137,19.7113917],[-101.2091917,19.7125148],[-101.2076879,19.7135624],[-101.2058308,19.7142516]],[[-101.2133194,19.7024352],[-101.2127128,19.7039222],[-101.2120548,19.7080943],[-101.2115526,19.708959]]]}},{"type":"Feature","id":"Guinda 1 Mora","properties":{"ref":"Guinda 1 Mora","nombre":"Guinda 1 Mora","variantes":1,"osmid":18178772,"paradas":0,"sin_nombre":false},"geometry":{"type":"MultiLineString","coordinates":[[[-101.1830143,19.7373343],[-101.1858251,19.7254486]],[[-101.186949,19.7258678],[-101.1858251,19.7254486]],[[-101.1871029,19.7253189],[-101.186949,19.7258678]],[[-101.1876273,19.7254265],[-101.1871029,19.7253189]],[[-101.1876273,19.7254265],[-101.1876765,19.7248985],[-101.189484,19.7251971],[-101.1908576,19.7248511],[-101.1912298,19.7228443],[-101.1925544,19.7234202],[-101.1928747,19.7232596],[-101.1928087,19.7230756],[-101.1883544,19.721156],[-101.18859,19.7201926]],[[-101.1905334,19.7202863],[-101.1886106,19.7199427]],[[-101.1905334,19.7202863],[-101.1907785,19.715697]],[[-101.1936527,19.7166891],[-101.1907785,19.715697]],[[-101.1944274,19.7170568],[-101.1936527,19.7166891]],[[-101.1968988,19.7187133],[-101.1944274,19.7170568]],[[-101.1970153,19.7187733],[-101.1968988,19.7187133]],[[-101.1970153,19.7187733],[-101.1979739,19.7072054],[-101.1984665,19.7048668],[-101.1968286,19.7048086],[-101.1968617,19.7019331],[-101.1951122,19.7019116],[-101.1952683,19.6968507],[-101.1954677,19.6955458],[-101.1957578,19.6826683],[-101.1961093,19.681604],[-101.1969686,19.6810611],[-101.1988893,19.6812238],[-101.2002102,19.6809903],[-101.2010115,19.6805575],[-101.2013769,19.6799338],[-101.2027542,19.675797],[-101.2032835,19.6752348],[-101.2051626,19.6741255],[-101.2037326,19.6707002],[-101.2010998,19.671612]],[[-101.200847,19.6715874],[-101.2010998,19.671612]],[[-101.200847,19.6715874],[-101.2009637,19.6703565],[-101.2005726,19.6700805],[-101.1996602,19.6698712],[-101.1991964,19.6694394],[-101.1989571,19.6681082],[-101.1974117,19.663691]],[[-101.200272,19.6628546],[-101.1974117,19.663691]],[[-101.200272,19.6628546],[-101.1995473,19.6603377],[-101.200432,19.6591729],[-101.2017395,19.6580459]],[[-101.2019318,19.6579105],[-101.2017395,19.6580459]],[[-101.2021593,19.6578153],[-101.2019318,19.6579105]],[[-101.2021593,19.6578153],[-101.2024503,19.6565752],[-101.2027262,19.6529836]],[[-101.2026174,19.6512083],[-101.202804,19.6522346],[-101.2027262,19.6529836]],[[-101.2026174,19.6512083],[-101.2049537,19.6522555],[-101.2093134,19.6533783]],[[-101.2094184,19.6535841],[-101.2093134,19.6533783]],[[-101.2104466,19.6536023],[-101.2094184,19.6535841]],[[-101.2105237,19.6536048],[-101.2104466,19.6536023]],[[-101.2113703,19.6534266],[-101.2105237,19.6536048]],[[-101.2159839,19.6586977],[-101.2126433,19.6564232],[-101.2117923,19.6549956],[-101.2113703,19.6534266]]]}},{"type":"Feature","id":"Guinda 1 Praderas","properties":{"ref":"Guinda 1 Praderas","nombre":"Guinda 1 Praderas","variantes":1,"osmid":18073817,"paradas":0,"sin_nombre":false},"geometry":{"type":"MultiLineString","coordinates":[[[-101.1908876,19.6541636],[-101.1918168,19.6550576],[-101.1950147,19.6571036],[-101.196129,19.6584278],[-101.1977793,19.6615668],[-101.19833,19.6609286],[-101.1995473,19.6603377]],[[-101.200272,19.6628546],[-101.1995473,19.6603377]],[[-101.200272,19.6628546],[-101.1974117,19.663691]],[[-101.2009637,19.6703565],[-101.2005726,19.6700805],[-101.1996602,19.6698712],[-101.1991964,19.6694394],[-101.1989571,19.6681082],[-101.1974117,19.663691]],[[-101.2009637,19.6703565],[-101.2008311,19.6714734],[-101.2010998,19.671612]],[[-101.2023082,19.6712049],[-101.2010998,19.671612]],[[-101.2036682,19.6707235],[-101.2023082,19.6712049]],[[-101.2036682,19.6707235],[-101.2050227,19.6740455],[-101.2032054,19.6751567],[-101.2026548,19.6757456],[-101.2011483,19.6802817],[-101.2003296,19.6808779],[-101.1984863,19.6811302],[-101.1970075,19.680954],[-101.195744,19.6814293],[-101.1954748,19.6821991],[-101.195641,19.6832139]],[[-101.1955146,19.6833105],[-101.195641,19.6832139]],[[-101.1955146,19.6833105],[-101.1952233,19.6955497],[-101.1951188,19.6962549],[-101.1943004,19.6961633],[-101.1940774,19.7029512]],[[-101.1941278,19.7029519],[-101.1940774,19.7029512]],[[-101.1941278,19.7029519],[-101.1940284,19.707346],[-101.1968284,19.7073299]],[[-101.196829,19.7072524],[-101.1968284,19.7073299]],[[-101.196829,19.7072524],[-101.19771,19.7069858],[-101.1979739,19.7072054]],[[-101.1978031,19.7090216],[-101.1979739,19.7072054]],[[-101.197412,19.7132017],[-101.1978031,19.7090216]],[[-101.1973966,19.713413],[-101.197412,19.7132017]],[[-101.197429,19.7134768],[-101.1973966,19.713413]],[[-101.197429,19.7134768],[-101.1968988,19.7187133],[-101.1944274,19.7170568],[-101.1907785,19.715697]],[[-101.1905334,19.7202863],[-101.1907785,19.715697]],[[-101.1905334,19.7202863],[-101.1886106,19.7199427]],[[-101.18859,19.7201926],[-101.1886106,19.7199427]],[[-101.1883544,19.721156],[-101.18859,19.7201926]],[[-101.1883544,19.721156],[-101.1881365,19.7210635],[-101.1879818,19.7213994],[-101.1912298,19.7228443]],[[-101.1908778,19.7247536],[-101.1912298,19.7228443]],[[-101.1908778,19.7247536],[-101.1893364,19.7250316],[-101.1876788,19.7248246]],[[-101.1876765,19.7248985],[-101.1876788,19.7248246]],[[-101.1876273,19.7254265],[-101.1876765,19.7248985]],[[-101.1876273,19.7254265],[-101.1871029,19.7253189],[-101.186949,19.7258678],[-101.1856611,19.7253898],[-101.1847017,19.7293238]],[[-101.185746,19.7294088],[-101.1847017,19.7293238]],[[-101.1859167,19.7294791],[-101.185746,19.7294088]],[[-101.1868766,19.7304672],[-101.1859167,19.7294791]],[[-101.1868766,19.7304672],[-101.1877338,19.7294024],[-101.1878144,19.7289401]],[[-101.1882167,19.7270193],[-101.1878144,19.7289401]],[[-101.1872566,19.7268436],[-101.1882167,19.7270193]],[[-101.1872566,19.7268436],[-101.1876273,19.7254265],[-101.1871029,19.7253189],[-101.1859167,19.7294791],[-101.1847017,19.7293238],[-101.1828698,19.737307]]]}},{"type":"Feature","id":"Hospitales (Conexo - Salida Charo)","properties":{"ref":"Hospitales (Conexo - Salida Charo)","nombre":"Hospitales (Conexo - Salida Charo)","variantes":2,"osmid":18073777,"paradas":0,"sin_nombre":false},"geometry":{"type":"MultiLineString","coordinates":[[[-101.0917528,19.7251019],[-101.0950239,19.7300754],[-101.1010088,19.730902],[-101.1052358,19.729796],[-101.1058004,19.7300534],[-101.1064293,19.7308384],[-101.106585,19.7324546],[-101.1062431,19.7328629]],[[-101.1064293,19.7308384],[-101.106585,19.7324546],[-101.1062431,19.7328629]],[[-101.1064293,19.7308384],[-101.1072517,19.732418],[-101.1079604,19.7327928],[-101.1085479,19.7326325],[-101.1092362,19.7319799],[-101.1102979,19.7317341]],[[-101.1110284,19.73165],[-101.1102979,19.7317341]],[[-101.115976,19.7310995],[-101.1110284,19.73165]],[[-101.1207709,19.7306156],[-101.115976,19.7310995]],[[-101.1315724,19.729914],[-101.1207709,19.7306156]],[[-101.1315724,19.729914],[-101.1346319,19.7298382],[-101.136631,19.7293055],[-101.1374927,19.7288779],[-101.1381223,19.7289868],[-101.1382763,19.7286941],[-101.1579628,19.7139524],[-101.165434,19.7104713],[-101.1659718,19.7106366],[-101.1718156,19.7150209]],[[-101.1723814,19.7154571],[-101.1783245,19.7199005],[-101.1792317,19.7202632],[-101.1801217,19.7202021],[-101.1819448,19.7192964],[-101.1828499,19.7191787],[-101.1839049,19.7194396],[-101.1882056,19.7215003],[-101.1883544,19.721156],[-101.1879607,19.7209305],[-101.185074,19.7196146],[-101.1831475,19.7189693],[-101.1820584,19.7189963],[-101.1798113,19.7200225],[-101.1791204,19.7199925],[-101.1784282,19.7196604],[-101.1785027,19.7193809],[-101.1819528,19.7168197]],[[-101.1824115,19.7164719],[-101.1861547,19.7136355],[-101.1883223,19.7128553],[-101.189014,19.7154424],[-101.1887191,19.7164466],[-101.1881365,19.7210635],[-101.185074,19.7196146],[-101.1829569,19.7189401],[-101.1820584,19.7189963],[-101.1800813,19.7199548],[-101.1794037,19.720041],[-101.1784282,19.7196604],[-101.1695268,19.7130007],[-101.1666075,19.7106781],[-101.1663325,19.7098703],[-101.1656941,19.7098425],[-101.1648855,19.7104574],[-101.1580159,19.7136317],[-101.1380624,19.7284337],[-101.1366028,19.7291209],[-101.135138,19.7294931],[-101.1315724,19.729914]],[[-101.1207709,19.7306156],[-101.115976,19.7310995]],[[-101.1110284,19.73165],[-101.1073604,19.7320231],[-101.1069631,19.7316765],[-101.1060955,19.7298704],[-101.1051838,19.729453],[-101.1041737,19.729599],[-101.1010101,19.7307626],[-101.0956389,19.7299722],[-101.0953587,19.7295754],[-101.0950296,19.7295937],[-101.0933591,19.727332],[-101.0920845,19.7253914],[-101.092159,19.7250795],[-101.0917528,19.7251019]]]}},{"type":"Feature","id":"Industrial (Hospitales)","properties":{"ref":"Industrial (Hospitales)","nombre":"Industrial (Hospitales)","variantes":1,"osmid":18074172,"paradas":0,"sin_nombre":false},"geometry":{"type":"MultiLineString","coordinates":[[[-101.2085256,19.7070053],[-101.2099546,19.7058616],[-101.2097047,19.7019998]],[[-101.2075193,19.7021489],[-101.2076201,19.7015263],[-101.207013,19.7013209],[-101.205907,19.702244],[-101.2016882,19.7028391],[-101.2018998,19.7043489],[-101.1984665,19.7048668],[-101.189618,19.7046494]],[[-101.1887336,19.7046252],[-101.1824662,19.7042712]],[[-101.1795494,19.7040445],[-101.1703796,19.7081474]],[[-101.1700058,19.7083114],[-101.1684564,19.7089468]],[[-101.1680756,19.7091201],[-101.1662252,19.7098147],[-101.1655533,19.7098867],[-101.1648855,19.7104574],[-101.1586288,19.713276]],[[-101.1553856,19.7154958],[-101.1380624,19.7284337],[-101.1366028,19.7291209],[-101.135138,19.7294931],[-101.1315724,19.729914],[-101.119103,19.7306037],[-101.1185773,19.7304169],[-101.1181921,19.730018],[-101.118048,19.7294283],[-101.1181822,19.7288515]],[[-101.1182037,19.7275891],[-101.1183714,19.728132],[-101.1181822,19.7288515]],[[-101.1182868,19.7272053],[-101.1182037,19.7275891]],[[-101.1192118,19.7268256],[-101.1182868,19.7272053]],[[-101.1199585,19.7265226],[-101.1192118,19.7268256]],[[-101.1203514,19.7262019],[-101.1203972,19.726357],[-101.1199585,19.7265226]],[[-101.1203514,19.7262019],[-101.1182868,19.7272053]],[[-101.1182037,19.7275891],[-101.1180272,19.7272712],[-101.1182868,19.7272053]],[[-101.1182037,19.7275891],[-101.1183714,19.728132],[-101.1181822,19.7288515],[-101.1176457,19.7288527],[-101.1174048,19.7291429],[-101.1181754,19.7301113],[-101.1180409,19.7306794],[-101.115976,19.7310995],[-101.1075299,19.7320588],[-101.1069631,19.7316765],[-101.1060955,19.7298704],[-101.1051838,19.729453],[-101.1041737,19.729599],[-101.1010101,19.7307626],[-101.0956389,19.7299722],[-101.0953587,19.7295754],[-101.0950296,19.7295937],[-101.0933591,19.727332],[-101.0920845,19.7253914],[-101.092159,19.7250795],[-101.0917528,19.7251019]]]}},{"type":"Feature","id":"Industrial (Mariel)","properties":{"ref":"Industrial (Mariel)","nombre":"Industrial (Mariel)","variantes":2,"osmid":17991958,"paradas":0,"sin_nombre":false},"geometry":{"type":"MultiLineString","coordinates":[[[-101.2085256,19.7070053],[-101.2099546,19.7058616],[-101.2097363,19.7021007],[-101.2075193,19.7021489],[-101.2076201,19.7015263],[-101.2073354,19.7013236],[-101.207013,19.7013209],[-101.205907,19.702244],[-101.2016882,19.7028391],[-101.2018998,19.7043489],[-101.1984665,19.7048668],[-101.185453,19.704533],[-101.1795494,19.7040445],[-101.1680756,19.7091201],[-101.1662252,19.7098147],[-101.1655533,19.7098867],[-101.1648855,19.7104574],[-101.1591538,19.7129951],[-101.1553856,19.7154958],[-101.155605,19.7158149]],[[-101.1476535,19.7217272],[-101.155605,19.7158149]],[[-101.1431273,19.7250872],[-101.1476535,19.7217272]],[[-101.1429261,19.7252316],[-101.1431273,19.7250872]],[[-101.1407186,19.7268907],[-101.1429261,19.7252316]],[[-101.1381926,19.7288113],[-101.1407186,19.7268907]],[[-101.1381223,19.7289868],[-101.1381926,19.7288113]],[[-101.1377522,19.7306676],[-101.1381223,19.7289868]],[[-101.1377522,19.7306676],[-101.1362906,19.7310937],[-101.134928,19.7323611]],[[-101.1342682,19.7329923],[-101.134928,19.7323611]],[[-101.1342682,19.7329923],[-101.1350475,19.7343055],[-101.1341787,19.7358354],[-101.1339168,19.7366745]],[[-101.1340056,19.7366708],[-101.1339168,19.7366745]],[[-101.1347765,19.7366507],[-101.1340056,19.7366708]],[[-101.1358254,19.7385267],[-101.1347765,19.7366507]],[[-101.138416,19.7385711],[-101.1358254,19.7385267]],[[-101.138416,19.7385711],[-101.1381391,19.7398674]],[[-101.1392248,19.7401182],[-101.1381391,19.7398674]],[[-101.1392046,19.7402715],[-101.1392248,19.7401182]],[[-101.1404821,19.7403762],[-101.1392046,19.7402715]],[[-101.1404821,19.7403762],[-101.1392046,19.7402715],[-101.1392248,19.7401182],[-101.1381391,19.7398674]],[[-101.138416,19.7385711],[-101.1381391,19.7398674]],[[-101.138416,19.7385711],[-101.1358254,19.7385267],[-101.1348173,19.7366906],[-101.1340056,19.7366708],[-101.1350475,19.7343055]],[[-101.1348898,19.7339144],[-101.1350475,19.7343055]],[[-101.134749,19.7336714],[-101.1348898,19.7339144]],[[-101.1342682,19.7329923],[-101.134749,19.7336714]],[[-101.1342682,19.7329923],[-101.1351587,19.7322601],[-101.1373957,19.732048],[-101.1382763,19.7286941],[-101.1582739,19.7137453],[-101.165434,19.7104713],[-101.1661555,19.7103374],[-101.1665927,19.7099618],[-101.1694974,19.7085785],[-101.1763187,19.7090008],[-101.1764322,19.7071499],[-101.1759407,19.707083]],[[-101.1760847,19.7056031],[-101.1759407,19.707083]],[[-101.1760847,19.7056031],[-101.1763596,19.7030323]],[[-101.1776593,19.7032614],[-101.1763596,19.7030323]],[[-101.1776593,19.7032614],[-101.1781075,19.699081]],[[-101.1781805,19.698998],[-101.1781075,19.699081]],[[-101.1782399,19.6989315],[-101.1781805,19.698998]],[[-101.178676,19.6965845],[-101.1782399,19.6989315]],[[-101.1787619,19.6961692],[-101.178676,19.6965845]],[[-101.1787619,19.6961692],[-101.1823824,19.6967468],[-101.1816481,19.7005294],[-101.1968525,19.7010504],[-101.2034108,19.7015618]],[[-101.203891,19.7021446],[-101.2034108,19.7015618]],[[-101.203891,19.7021446],[-101.2041507,19.7025095],[-101.208876,19.7021673],[-101.2091303,19.7079469]]]}},{"type":"Feature","id":"Jaripeo","properties":{"ref":"Jaripeo","nombre":"Jaripeo","variantes":2,"osmid":18015651,"paradas":0,"sin_nombre":false},"geometry":{"type":"MultiLineString","coordinates":[[[-101.1893666,19.6959538],[-101.1899216,19.6959258]],[[-101.1889708,19.6959309],[-101.1893666,19.6959538]],[[-101.1877626,19.6957796],[-101.1889708,19.6959309]],[[-101.1870661,19.6955766],[-101.1877626,19.6957796]],[[-101.1819135,19.6939954],[-101.1870661,19.6955766]],[[-101.1810424,19.6938419],[-101.1819135,19.6939954]],[[-101.1792282,19.6935399],[-101.1810424,19.6938419]],[[-101.1762403,19.693065],[-101.1792282,19.6935399]],[[-101.1659037,19.6955008],[-101.1762403,19.693065]],[[-101.1659037,19.6955008],[-101.164499,19.6958961],[-101.16354,19.6958457],[-101.147797,19.6944211],[-101.1467938,19.693995],[-101.1453135,19.692909],[-101.1434049,19.6920189],[-101.1412315,19.6919235],[-101.1402428,19.6910093]],[[-101.0828736,19.6819163],[-101.0835207,19.6808816]],[[-101.0796806,19.6867578],[-101.0828736,19.6819163]],[[-101.0796806,19.6867578],[-101.0859641,19.6888773],[-101.0877691,19.6893136],[-101.0903541,19.6890193],[-101.0934967,19.6892732],[-101.0961038,19.6886974],[-101.0972679,19.6888842],[-101.0990784,19.6898363],[-101.0999091,19.6899759],[-101.1030284,19.688809],[-101.1049634,19.6874602],[-101.1090122,19.6888287],[-101.1097632,19.6888994],[-101.1266938,19.6876919],[-101.1308147,19.6857722],[-101.1312086,19.6857439],[-101.1336364,19.6865955],[-101.1359005,19.6878811],[-101.1364089,19.6884911],[-101.1365571,19.6895787],[-101.1369793,19.6901169],[-101.1397778,19.6909171],[-101.1405002,19.6913192],[-101.1412887,19.6921739],[-101.1431596,19.6922032],[-101.1444878,19.6926399],[-101.1470578,19.6943809],[-101.14821,19.6947439],[-101.1658061,19.6962833],[-101.1659037,19.6955008],[-101.1762403,19.693065],[-101.1819135,19.6939954],[-101.1870661,19.6955766]],[[-101.1877626,19.6957796],[-101.187915,19.6922929]],[[-101.1878828,19.6932098],[-101.1890126,19.6934901]],[[-101.1894523,19.6935332],[-101.1890126,19.6934901]],[[-101.1899263,19.6935624],[-101.1894523,19.6935332]],[[-101.1899263,19.6935624],[-101.1899216,19.6959258]]]}},{"type":"Feature","id":"La Concha","properties":{"ref":"La Concha","nombre":"La Concha","variantes":1,"osmid":18073935,"paradas":0,"sin_nombre":false},"geometry":{"type":"MultiLineString","coordinates":[[[-101.1893666,19.6959538],[-101.1916736,19.6959116],[-101.1943004,19.6961633],[-101.1942757,19.6966456],[-101.2013987,19.6986417]],[[-101.2034108,19.7015618],[-101.2013987,19.6986417]],[[-101.203891,19.7021446],[-101.2034108,19.7015618]],[[-101.203891,19.7021446],[-101.2041507,19.7025095],[-101.2106479,19.7020339]],[[-101.2115776,19.7019782],[-101.2125361,19.7019916],[-101.2192329,19.7054589],[-101.2199567,19.705642],[-101.2241026,19.7049755],[-101.2346309,19.7024834]],[[-101.2363013,19.7020952],[-101.2434737,19.700495],[-101.2441665,19.700185],[-101.2527285,19.6981144],[-101.2644797,19.6962154]],[[-101.2681108,19.6975565],[-101.2665119,19.6968294],[-101.2649849,19.6964976],[-101.2644797,19.6962154]],[[-101.2712749,19.6987369],[-101.2697928,19.6983252],[-101.2681108,19.6975565]],[[-101.2716762,19.6988502],[-101.2712749,19.6987369]],[[-101.275261,19.6998525],[-101.2716762,19.6988502]],[[-101.275261,19.6998525],[-101.2768433,19.7004248],[-101.2772042,19.6999103],[-101.2775255,19.6998677],[-101.2784952,19.6990165]],[[-101.2782596,19.6987596],[-101.2784952,19.6990165]],[[-101.2782596,19.6987596],[-101.2768492,19.7001204],[-101.2753594,19.6999183]],[[-101.2754666,19.7008878],[-101.2753594,19.6999183]],[[-101.2774923,19.7014819],[-101.2762349,19.7013368],[-101.2754666,19.7008878]],[[-101.2788291,19.7016009],[-101.2774923,19.7014819]],[[-101.2793712,19.7016714],[-101.2788291,19.7016009]],[[-101.3013892,19.7053129],[-101.2994358,19.7053316],[-101.2939265,19.7040741],[-101.2922206,19.7039428],[-101.2883421,19.7040943],[-101.2856173,19.7022509],[-101.283332,19.7018368],[-101.2813525,19.7017054],[-101.2805747,19.7019832],[-101.2793712,19.7016714]],[[-101.3122465,19.7055151],[-101.3090429,19.7049268],[-101.3078453,19.7051049],[-101.3063585,19.7050528],[-101.3041739,19.7057194],[-101.3013892,19.7053129]]]}},{"type":"Feature","id":"La Hacienda","properties":{"ref":"La Hacienda","nombre":"La Hacienda","variantes":1,"osmid":18073803,"paradas":0,"sin_nombre":false},"geometry":{"type":"MultiLineString","coordinates":[[[-101.3150074,19.6809169],[-101.3149215,19.6868657],[-101.3026033,19.6877115],[-101.2962732,19.6864739],[-101.292906,19.6864262],[-101.2890967,19.6877582],[-101.2873617,19.6893781],[-101.2867285,19.6896768],[-101.2795129,19.6913273],[-101.2651297,19.6959171],[-101.2526991,19.6979727],[-101.2468151,19.6993957],[-101.2429822,19.7001137]],[[-101.2397384,19.7010717],[-101.2243418,19.7047432],[-101.2196633,19.7053618],[-101.2127257,19.7018057],[-101.2074175,19.7020528],[-101.2121315,19.6922971],[-101.2162356,19.6964361]]]}},{"type":"Feature","id":"La Joya","properties":{"ref":"La Joya","nombre":"La Joya","variantes":2,"osmid":18073928,"paradas":0,"sin_nombre":false},"geometry":{"type":"MultiLineString","coordinates":[[[-101.2163316,19.6963888],[-101.2122749,19.6921465],[-101.222721,19.6700165],[-101.2242219,19.6669532],[-101.2247444,19.666238],[-101.2263906,19.6649338],[-101.2386978,19.6598],[-101.2402947,19.6589389],[-101.2414181,19.6578133],[-101.2470877,19.6495027],[-101.2502672,19.6450814],[-101.2512832,19.644041],[-101.2561812,19.6404176],[-101.2571923,19.6398643],[-101.2609662,19.6397545],[-101.2656882,19.6383979],[-101.2687419,19.6381126],[-101.2701244,19.6375965],[-101.27186,19.63551],[-101.272416,19.634324],[-101.2731151,19.6318006],[-101.2742836,19.6303683],[-101.2769557,19.6276433],[-101.2793003,19.6273575]],[[-101.2796256,19.6273027],[-101.2793003,19.6273575]],[[-101.2796256,19.6273027],[-101.2972403,19.6263965],[-101.2999153,19.6269709],[-101.3023921,19.6272301],[-101.3083161,19.626799],[-101.3092851,19.6273577],[-101.3100376,19.6270479],[-101.3108395,19.6271818],[-101.3117032,19.6276593],[-101.3119688,19.6280888],[-101.3123918,19.6281422],[-101.3125092,19.6277038],[-101.3116844,19.6256332],[-101.3109519,19.6227234],[-101.3114105,19.6222067],[-101.3137233,19.6208332],[-101.3149691,19.6196398],[-101.315445,19.6157802]],[[-101.315445,19.6157802],[-101.3124832,19.6150848],[-101.2971559,19.612659],[-101.2950933,19.6131214],[-101.2922072,19.6127778],[-101.2854769,19.6109738],[-101.2907133,19.6000394],[-101.2905879,19.599872],[-101.2784031,19.6254558],[-101.2775024,19.6267829],[-101.2731918,19.6314342],[-101.272672,19.632315],[-101.2717981,19.6351583],[-101.2703736,19.6372406],[-101.2691174,19.6379429],[-101.266438,19.6381165],[-101.2609676,19.6396635],[-101.2579383,19.639625],[-101.2565647,19.6400702],[-101.2506929,19.644276],[-101.2500671,19.6449244],[-101.2448113,19.6527599],[-101.2406459,19.6585539],[-101.2385312,19.6597773],[-101.2267775,19.6646543],[-101.2253417,19.6655245],[-101.2244643,19.6664132],[-101.2235489,19.6680148],[-101.20809,19.7004708],[-101.2069133,19.7014106],[-101.2059698,19.6985271],[-101.2044759,19.696292],[-101.2029141,19.6948278]],[[-101.2028789,19.6948912],[-101.2029141,19.6948278]],[[-101.2027053,19.6951625],[-101.2028789,19.6948912]],[[-101.2026796,19.6952057],[-101.2027053,19.6951625]],[[-101.2025374,19.6954333],[-101.2026796,19.6952057]],[[-101.1977045,19.6955039],[-101.2025374,19.6954333]],[[-101.1969057,19.6955104],[-101.1977045,19.6955039]],[[-101.1969736,19.6933751],[-101.1969057,19.6955104]],[[-101.1969957,19.6926875],[-101.1969736,19.6933751]],[[-101.1969957,19.6926875],[-101.2002564,19.6937324],[-101.2026796,19.6952057],[-101.2029141,19.6948278]],[[-101.2032678,19.6938834],[-101.2029141,19.6948278]],[[-101.2034631,19.692416],[-101.2032678,19.6938834]],[[-101.2036367,19.6910942],[-101.2034631,19.692416]],[[-101.2036367,19.6910942],[-101.2121315,19.6922971],[-101.2162356,19.6964361]]]}},{"type":"Feature","id":"Las Flores","properties":{"ref":"Las Flores","nombre":"Las Flores","variantes":2,"osmid":18015654,"paradas":0,"sin_nombre":false},"geometry":{"type":"MultiLineString","coordinates":[[[-101.1894523,19.6935332],[-101.1890126,19.6934901]],[[-101.1894523,19.6935332],[-101.1893666,19.6959538],[-101.1916736,19.6959116],[-101.1943004,19.6961633],[-101.1942757,19.6966456],[-101.2013987,19.6986417]],[[-101.2034108,19.7015618],[-101.2013987,19.6986417]],[[-101.203891,19.7021446],[-101.2034108,19.7015618]],[[-101.203891,19.7021446],[-101.2041507,19.7025095],[-101.2124116,19.7019589],[-101.2192329,19.7054589],[-101.2201216,19.7056288],[-101.2241026,19.7049755],[-101.2434737,19.700495],[-101.2441665,19.700185],[-101.2522993,19.6982104],[-101.2563134,19.6975488],[-101.2573417,19.7017698]],[[-101.2562091,19.7019646],[-101.2573417,19.7017698]],[[-101.2566258,19.7030485],[-101.2562091,19.7019646]],[[-101.2567069,19.7030541],[-101.2566258,19.7030485]],[[-101.257079,19.7041251],[-101.2567069,19.7030541]],[[-101.257079,19.7041251],[-101.2578601,19.7052934]],[[-101.2551677,19.7060149],[-101.256773,19.7057703],[-101.2578601,19.7052934]],[[-101.2556357,19.7087115],[-101.2551677,19.7060149]],[[-101.2556357,19.7087115],[-101.2545863,19.7089278]],[[-101.255735,19.7101231],[-101.2545863,19.7089278]],[[-101.2564386,19.7108624],[-101.255735,19.7101231]],[[-101.2566141,19.7107091],[-101.2564386,19.7108624]],[[-101.2584774,19.7125728],[-101.2566141,19.7107091]],[[-101.2589666,19.7130219],[-101.2584774,19.7125728]],[[-101.2593515,19.7128748],[-101.2589666,19.7130219]],[[-101.2603094,19.7124174],[-101.2593515,19.7128748]],[[-101.2610883,19.7137542],[-101.260827,19.7135796],[-101.2604653,19.7124576],[-101.2603094,19.7124174]],[[-101.2620609,19.7133675],[-101.26151,19.713758],[-101.2610883,19.7137542]],[[-101.2627459,19.7171313],[-101.262659,19.7167624],[-101.2631267,19.7152357],[-101.2630691,19.7141171],[-101.2627514,19.7135989],[-101.2620609,19.7133675]],[[-101.2718133,19.7154734],[-101.2699278,19.7154481],[-101.2678803,19.7148052],[-101.2667812,19.715706],[-101.265305,19.7165036],[-101.2636592,19.7168441],[-101.2630027,19.7172159],[-101.2627459,19.7171313]],[[-101.2743638,19.719078],[-101.2739839,19.7185085],[-101.2729803,19.7178889],[-101.2745934,19.7167472],[-101.2746873,19.7164682],[-101.274455,19.7157786],[-101.2737013,19.7153657],[-101.2718133,19.7154734]],[[-101.2743638,19.719078],[-101.2739839,19.7185085],[-101.2729812,19.717957],[-101.27312,19.7176691],[-101.2737794,19.7173835],[-101.2746645,19.7166361],[-101.274455,19.7157786],[-101.2738469,19.7153828],[-101.2699278,19.7154481],[-101.2678803,19.7148052],[-101.2667812,19.715706],[-101.265305,19.7165036],[-101.2628049,19.7171843],[-101.262659,19.7167624],[-101.2631683,19.7147484],[-101.2628639,19.7137037],[-101.2620609,19.7133675],[-101.2614691,19.7137734],[-101.2610202,19.7137311],[-101.2607416,19.7134209],[-101.260409,19.7124247],[-101.2589023,19.7129995],[-101.2566141,19.7107091],[-101.2564386,19.7108624],[-101.2545863,19.7089278]],[[-101.2552039,19.7087646],[-101.2545863,19.7089278]],[[-101.2556357,19.7087115],[-101.2552039,19.7087646]],[[-101.2556357,19.7087115],[-101.2551677,19.7060149],[-101.256773,19.7057703],[-101.2578601,19.7052934]],[[-101.257079,19.7041251],[-101.2578601,19.7052934]],[[-101.257079,19.7041251],[-101.2562091,19.7019646],[-101.2573417,19.7017698]],[[-101.2563134,19.6975488],[-101.2573417,19.7017698]],[[-101.2563134,19.6975488],[-101.2644797,19.6962154],[-101.2644131,19.6960159],[-101.2526781,19.6978838],[-101.2429822,19.7001137]],[[-101.2397384,19.7010717],[-101.2243418,19.7047432],[-101.219922,19.7053965],[-101.2125891,19.7017717],[-101.2075193,19.7021489],[-101.2076201,19.7015263],[-101.207013,19.7013209],[-101.205907,19.702244],[-101.2040947,19.7024309]],[[-101.203891,19.7021446],[-101.2040947,19.7024309]],[[-101.203891,19.7021446],[-101.2013987,19.6986417]],[[-101.1973714,19.6976316],[-101.2013987,19.6986417]],[[-101.1968819,19.6973484],[-101.1973714,19.6976316]],[[-101.1962107,19.69708],[-101.1968819,19.6973484]],[[-101.1952683,19.6968507],[-101.1962107,19.69708]],[[-101.1952683,19.6968507],[-101.1951188,19.6962549],[-101.1943004,19.6961633]],[[-101.1925813,19.6960189],[-101.1943004,19.6961633]],[[-101.1916736,19.6959116],[-101.1925813,19.6960189]],[[-101.1899216,19.6959258],[-101.1916736,19.6959116]],[[-101.1893666,19.6959538],[-101.1899216,19.6959258]],[[-101.1889708,19.6959309],[-101.1893666,19.6959538]],[[-101.1877626,19.6957796],[-101.1889708,19.6959309]],[[-101.1877626,19.6957796],[-101.1878828,19.6932098]]]}},{"type":"Feature","id":"Laureles Aurea (Trebol - Posta - Monarcas)","properties":{"ref":"Laureles Aurea (Trebol - Posta - Monarcas)","nombre":"Laureles Aurea (Trebol - Posta - Monarcas)","variantes":2,"osmid":17992230,"paradas":0,"sin_nombre":false},"geometry":{"type":"MultiLineString","coordinates":[[[-101.1260999,19.7781523],[-101.1528904,19.7697368]],[[-101.1564121,19.7686025],[-101.1528904,19.7697368]],[[-101.1564121,19.7686025],[-101.1575892,19.7684166],[-101.1592244,19.7689614],[-101.1598284,19.768661],[-101.1599931,19.7681927],[-101.1599426,19.7672409],[-101.1604717,19.7664267],[-101.1666282,19.7605129],[-101.1779595,19.7390841],[-101.1785493,19.7386228],[-101.1815447,19.7371782],[-101.1824169,19.7362502],[-101.1827187,19.7350727],[-101.1833061,19.728013],[-101.1836309,19.7263878],[-101.1845243,19.7249235],[-101.1873339,19.722638],[-101.1880394,19.7217982],[-101.1885363,19.7205359],[-101.1886738,19.7186219]],[[-101.1886106,19.7199427],[-101.1886738,19.7186219]],[[-101.1886106,19.7199427],[-101.1888175,19.7164571],[-101.1891241,19.7152871],[-101.188283,19.7116953],[-101.1887582,19.7105863],[-101.1905797,19.7076536],[-101.1913488,19.7056004],[-101.1913568,19.7053514],[-101.189423,19.7053498],[-101.1891116,19.7069041]],[[-101.0969189,19.8360533],[-101.092939,19.8364817],[-101.091681,19.835503],[-101.0913309,19.8347787],[-101.0914872,19.8339555],[-101.0918601,19.8334363],[-101.0938101,19.8323986],[-101.0943558,19.8318],[-101.0962055,19.8310086]],[[-101.09606,19.8305352],[-101.0962055,19.8310086]],[[-101.0960323,19.8304137],[-101.09606,19.8305352]],[[-101.0950776,19.8235116],[-101.0953711,19.8242038],[-101.0960323,19.8304137]],[[-101.0950245,19.8234181],[-101.0950776,19.8235116]],[[-101.0949339,19.8232603],[-101.0950245,19.8234181]],[[-101.0926758,19.8078767],[-101.0925225,19.8088622],[-101.0948614,19.8157057],[-101.0946039,19.8163638],[-101.0929302,19.818221],[-101.0927156,19.8189962],[-101.0929088,19.8196947],[-101.0949339,19.8232603]],[[-101.0927082,19.8077784],[-101.0926758,19.8078767]],[[-101.0877559,19.7931065],[-101.088008,19.7936026],[-101.088362,19.7963042],[-101.090481,19.8002841],[-101.0928226,19.8065022],[-101.0929084,19.8071734],[-101.0927082,19.8077784]],[[-101.0876995,19.7930146],[-101.0877559,19.7931065]],[[-101.0869713,19.7911861],[-101.0873213,19.7916164],[-101.0876995,19.7930146]],[[-101.0869713,19.7911861],[-101.0889347,19.7902624],[-101.09019,19.7893185],[-101.091169,19.7888856],[-101.1377339,19.7745782],[-101.1528904,19.7697368]],[[-101.1564121,19.7686025],[-101.1575892,19.7684166],[-101.1592244,19.7689614],[-101.1598284,19.768661],[-101.1599931,19.7681927],[-101.1599426,19.7672409],[-101.1604717,19.7664267],[-101.1666282,19.7605129],[-101.1779595,19.7390841],[-101.1785493,19.7386228],[-101.1815447,19.7371782],[-101.1824169,19.7362502],[-101.1827187,19.7350727],[-101.1834598,19.726943],[-101.1845243,19.7249235],[-101.1873339,19.722638],[-101.1883544,19.721156],[-101.18859,19.7201926],[-101.1888175,19.7164571],[-101.1891241,19.7152871],[-101.188283,19.7116953],[-101.1887582,19.7105863],[-101.1905797,19.7076536],[-101.1913568,19.7053514],[-101.189423,19.7053498],[-101.1887987,19.7081359],[-101.1826367,19.7081985]],[[-101.1826363,19.7067573],[-101.1826367,19.7081985]],[[-101.1821989,19.7066891],[-101.1826363,19.7067573]],[[-101.1821989,19.7066891],[-101.1822368,19.7061192],[-101.1854623,19.7056448],[-101.18938,19.7055964]]]}},{"type":"Feature","id":"Loma","properties":{"ref":"Loma","nombre":"Loma","variantes":1,"osmid":18073962,"paradas":0,"sin_nombre":false},"geometry":{"type":"MultiLineString","coordinates":[[[-101.1889708,19.6959309],[-101.1893666,19.6959538]],[[-101.1877626,19.6957796],[-101.1889708,19.6959309]],[[-101.1870661,19.6955766],[-101.1877626,19.6957796]],[[-101.1819135,19.6939954],[-101.1870661,19.6955766]],[[-101.1810424,19.6938419],[-101.1819135,19.6939954]],[[-101.1792282,19.6935399],[-101.1810424,19.6938419]],[[-101.1762403,19.693065],[-101.1792282,19.6935399]],[[-101.1659037,19.6955008],[-101.1762403,19.693065]],[[-101.1659037,19.6955008],[-101.164499,19.6958961],[-101.1477318,19.6945903],[-101.1454953,19.6930124],[-101.1441639,19.6923317],[-101.143047,19.6919277],[-101.1413391,19.691969],[-101.1404637,19.691143],[-101.1393216,19.6904544],[-101.1370416,19.6900181],[-101.1366689,19.6895609],[-101.1365451,19.6885744],[-101.1361455,19.6879559],[-101.1347366,19.686976],[-101.1328261,19.6861057],[-101.1309238,19.6856567],[-101.128122,19.6870848]],[[-101.1262657,19.6877395],[-101.1271776,19.6875549],[-101.128122,19.6870848]],[[-101.1212862,19.6880642],[-101.1262657,19.6877395]],[[-101.1133663,19.6886383],[-101.1212862,19.6880642]],[[-101.1088026,19.688765],[-101.1097632,19.6888994],[-101.1133663,19.6886383]],[[-101.1082436,19.6885782],[-101.1088026,19.688765]],[[-101.0796806,19.6867578],[-101.0859641,19.6888773],[-101.0882304,19.6893439],[-101.0898529,19.6890238],[-101.0934967,19.6892732],[-101.0961038,19.6886974],[-101.0972679,19.6888842],[-101.0990784,19.6898363],[-101.0999091,19.6899759],[-101.1030284,19.688809],[-101.1049634,19.6874602],[-101.1082436,19.6885782]],[[-101.0742322,19.683551],[-101.0796806,19.6867578]],[[-101.0651981,19.6817343],[-101.0717404,19.6823817],[-101.0727062,19.6827016],[-101.0742322,19.683551]],[[-101.059263,19.6811885],[-101.0651981,19.6817343]],[[-101.059263,19.6811885],[-101.0573315,19.6810191],[-101.0559879,19.6815768]],[[-101.0501645,19.6850304],[-101.0559879,19.6815768]]]}},{"type":"Feature","id":"Morada 1 Aldea","properties":{"ref":"Morada 1 Aldea","nombre":"Morada 1 Aldea","variantes":1,"osmid":18097216,"paradas":0,"sin_nombre":false},"geometry":{"type":"MultiLineString","coordinates":[[[-101.1443826,19.7542237],[-101.1439226,19.7544345],[-101.1430858,19.7540418],[-101.1421298,19.7530465],[-101.143692,19.7452379]],[[-101.1449542,19.7385013],[-101.1447908,19.7395803],[-101.144901,19.7409801],[-101.144327,19.744567],[-101.143692,19.7452379]],[[-101.1449542,19.7385013],[-101.1392035,19.737239],[-101.1373802,19.7371396],[-101.1347768,19.7348755],[-101.1350475,19.7343055]],[[-101.1348898,19.7339144],[-101.1350475,19.7343055]],[[-101.134749,19.7336714],[-101.1348898,19.7339144]],[[-101.1342682,19.7329923],[-101.134749,19.7336714]],[[-101.1342682,19.7329923],[-101.1351587,19.7322601],[-101.137283,19.7321288],[-101.1375434,19.7315757]],[[-101.14547,19.728358],[-101.141079,19.7314254],[-101.1375434,19.7315757]],[[-101.1457749,19.7283426],[-101.14547,19.728358]],[[-101.1457749,19.7283426],[-101.1431273,19.7250872],[-101.1582739,19.7137453],[-101.165434,19.7104713],[-101.1661555,19.7103374],[-101.1665927,19.7099618],[-101.1700058,19.7083114]],[[-101.1703796,19.7081474],[-101.1700058,19.7083114]],[[-101.1713598,19.707724],[-101.1703796,19.7081474]],[[-101.1732638,19.7068446],[-101.1713598,19.707724]],[[-101.175131,19.7060319],[-101.1732638,19.7068446]],[[-101.1768906,19.7052553],[-101.175131,19.7060319]],[[-101.1778103,19.7048486],[-101.1768906,19.7052553]],[[-101.1812142,19.7061204],[-101.1787616,19.7057226],[-101.1778103,19.7048486]],[[-101.1812142,19.7061204],[-101.1814197,19.706592],[-101.1826363,19.7067573],[-101.1826367,19.7081985]],[[-101.1838252,19.7082316],[-101.1826367,19.7081985]],[[-101.185317,19.7082587],[-101.1838252,19.7082316]],[[-101.1863946,19.7082512],[-101.185317,19.7082587]],[[-101.1863946,19.7082512],[-101.1864249,19.7056747],[-101.18938,19.7055964],[-101.1891116,19.7069041],[-101.1905865,19.7062828],[-101.1909551,19.7063455],[-101.1903839,19.7078982],[-101.1888242,19.7103845],[-101.1884456,19.7104083],[-101.1883956,19.710737],[-101.1891979,19.7109191],[-101.1904994,19.7103016],[-101.1921275,19.7078922],[-101.1927861,19.7074159],[-101.1950282,19.7072375],[-101.1961885,19.7073314],[-101.19771,19.7069858],[-101.1979739,19.7072054],[-101.1980736,19.7068204],[-101.2033175,19.7046894],[-101.2061532,19.7024004],[-101.2074175,19.7020528],[-101.2079522,19.7009627],[-101.207771,19.7004635],[-101.2084764,19.6980263],[-101.2088911,19.695284]],[[-101.2087644,19.6952684],[-101.2088911,19.695284]],[[-101.2086397,19.6952531],[-101.2087644,19.6952684]],[[-101.2066533,19.6950086],[-101.2086397,19.6952531]],[[-101.2066533,19.6950086],[-101.2069363,19.6929367]],[[-101.2062577,19.692835],[-101.2069363,19.6929367]],[[-101.2055758,19.6927327],[-101.2062577,19.692835]],[[-101.2048296,19.6926209],[-101.2055758,19.6927327]],[[-101.2048296,19.6926209],[-101.2036681,19.6911],[-101.2121315,19.6922971],[-101.2236437,19.6681265],[-101.2246318,19.6665183],[-101.2257156,19.6654883],[-101.2255292,19.665256],[-101.225396,19.6653518],[-101.2242122,19.6666426],[-101.2222598,19.670799],[-101.21997,19.67062],[-101.21773,19.6699311]]]}},{"type":"Feature","id":"Morada 2 Satelite","properties":{"ref":"Morada 2 Satelite","nombre":"Morada 2 Satelite","variantes":1,"osmid":18074138,"paradas":0,"sin_nombre":false},"geometry":{"type":"MultiLineString","coordinates":[[[-101.1654232,19.7352128],[-101.1640766,19.7351956]],[[-101.1641257,19.7326811],[-101.1640766,19.7351956]],[[-101.1677785,19.7325452],[-101.1641257,19.7326811]],[[-101.1711053,19.7324681],[-101.1677785,19.7325452]],[[-101.1714249,19.731773],[-101.1711053,19.7324681]],[[-101.1714785,19.7316544],[-101.1714249,19.731773]],[[-101.1717467,19.7310434],[-101.1714785,19.7316544]],[[-101.1718228,19.7308647],[-101.1717467,19.7310434]],[[-101.1722839,19.7298371],[-101.1718228,19.7308647]],[[-101.1729271,19.7279545],[-101.1729739,19.7283054],[-101.1722839,19.7298371]],[[-101.1731685,19.7278703],[-101.1729271,19.7279545]],[[-101.1751746,19.7238202],[-101.1735919,19.7249939],[-101.1727981,19.725994],[-101.1728731,19.7271953],[-101.1731685,19.7278703]],[[-101.1751746,19.7238202],[-101.176977,19.7222999],[-101.1776127,19.7211183],[-101.1787929,19.7202678],[-101.1791831,19.7205525],[-101.1794464,19.7203461],[-101.180723,19.7201339],[-101.1823142,19.7194044],[-101.1833455,19.7192504],[-101.1882056,19.7215003],[-101.1883544,19.721156],[-101.185074,19.7196146],[-101.1829569,19.7189401],[-101.1820584,19.7189963],[-101.1798113,19.7200225],[-101.1785745,19.7197644],[-101.1695268,19.7130007],[-101.1664364,19.710479],[-101.1664854,19.710025],[-101.1700058,19.7083114]],[[-101.1703796,19.7081474],[-101.1700058,19.7083114]],[[-101.1713598,19.707724],[-101.1703796,19.7081474]],[[-101.1732638,19.7068446],[-101.1713598,19.707724]],[[-101.175131,19.7060319],[-101.1732638,19.7068446]],[[-101.1768906,19.7052553],[-101.175131,19.7060319]],[[-101.1778103,19.7048486],[-101.1768906,19.7052553]],[[-101.1795494,19.7040445],[-101.1778103,19.7048486]],[[-101.1805269,19.7036416],[-101.1795494,19.7040445]],[[-101.1819322,19.7030391],[-101.1805269,19.7036416]],[[-101.1819322,19.7030391],[-101.1823012,19.7029575],[-101.1823753,19.7034476],[-101.1841017,19.7037679],[-101.1896726,19.7038007],[-101.189585,19.7051595],[-101.1891116,19.7069041],[-101.1912416,19.7058913],[-101.1913578,19.7051992],[-101.1922972,19.7051928],[-101.1922895,19.7055628],[-101.1940639,19.7055952],[-101.1940359,19.707264],[-101.1969597,19.7072266],[-101.20049,19.7059073]],[[-101.2002768,19.7057938],[-101.20049,19.7059073]],[[-101.2001109,19.7055711],[-101.2002768,19.7057938]],[[-101.2001367,19.7046197],[-101.2001109,19.7055711]],[[-101.2009812,19.7044825],[-101.2001367,19.7046197]],[[-101.2018998,19.7043489],[-101.2009812,19.7044825]],[[-101.2018222,19.7037953],[-101.2018998,19.7043489]],[[-101.2016882,19.7028391],[-101.2018222,19.7037953]],[[-101.2033319,19.7025896],[-101.2016882,19.7028391]],[[-101.2033319,19.7025896],[-101.2066408,19.7023104],[-101.2074175,19.7020528],[-101.2217528,19.6722727]],[[-101.2232053,19.6723777],[-101.2217528,19.6722727]],[[-101.2232101,19.6723463],[-101.2232053,19.6723777]],[[-101.2232631,19.6717068],[-101.2232101,19.6723463]],[[-101.2254768,19.67172],[-101.2232631,19.6717068]],[[-101.2254086,19.6723895],[-101.2254768,19.67172]],[[-101.2254086,19.6723895],[-101.225332,19.6723796]],[[-101.2251522,19.6738626],[-101.225332,19.6723796]],[[-101.2251522,19.6738626],[-101.2299718,19.6741094]],[[-101.2301245,19.6729048],[-101.2299718,19.6741094]]]}},{"type":"Feature","id":"Morada 2A","properties":{"ref":"Morada 2A","nombre":"Morada 2A","variantes":2,"osmid":17992335,"paradas":0,"sin_nombre":false},"geometry":{"type":"MultiLineString","coordinates":[[[-101.1723814,19.7154571],[-101.1788438,19.7201719],[-101.1799713,19.7202385],[-101.1819448,19.7192964],[-101.1831317,19.7192179],[-101.1882056,19.7215003],[-101.1883544,19.721156],[-101.1879607,19.7209305],[-101.185074,19.7196146],[-101.1831475,19.7189693],[-101.1820584,19.7189963],[-101.1798113,19.7200225],[-101.1791204,19.7199925],[-101.1784282,19.7196604],[-101.1785027,19.7193809],[-101.1864739,19.7134406],[-101.1900743,19.7123483],[-101.1918721,19.7122081],[-101.2026783,19.7147358],[-101.2047297,19.7148549],[-101.2070969,19.7142852],[-101.208975,19.7131893],[-101.2102447,19.7118216],[-101.211843,19.7090788],[-101.2101211,19.7084632],[-101.2097047,19.7019998],[-101.2074175,19.7020528],[-101.2217528,19.6722727]],[[-101.2232053,19.6723777],[-101.2217528,19.6722727]],[[-101.2232101,19.6723463],[-101.2232053,19.6723777]],[[-101.2232631,19.6717068],[-101.2232101,19.6723463]],[[-101.2254768,19.67172],[-101.2232631,19.6717068]],[[-101.2254086,19.6723895],[-101.2254768,19.67172]],[[-101.2254086,19.6723895],[-101.225332,19.6723796]],[[-101.2251522,19.6738626],[-101.225332,19.6723796]],[[-101.2251522,19.6738626],[-101.2283556,19.6739696]],[[-101.2285564,19.6727367],[-101.2283556,19.6739696]],[[-101.2285564,19.6727367],[-101.2254086,19.6723895],[-101.2254768,19.67172],[-101.2232631,19.6717068],[-101.2232053,19.6723777],[-101.2217528,19.6722727],[-101.2242154,19.667145],[-101.2248104,19.6663051],[-101.2257156,19.6654883],[-101.2255292,19.665256],[-101.2243866,19.6663976],[-101.208181,19.7003275],[-101.206795,19.7017057],[-101.2066857,19.7020756],[-101.2068624,19.7023032]],[[-101.2071178,19.7022887],[-101.208876,19.7021673],[-101.2091303,19.7079469]],[[-101.2093526,19.7083379],[-101.2091303,19.7079469]],[[-101.2101211,19.7084632],[-101.2093526,19.7083379]],[[-101.2106494,19.7085968],[-101.2101211,19.7084632]],[[-101.2115526,19.708959],[-101.2106494,19.7085968]],[[-101.2115526,19.708959],[-101.210137,19.7113917],[-101.2091917,19.7125148],[-101.2076879,19.7135624],[-101.2058308,19.7142516],[-101.2043642,19.7144516],[-101.2028917,19.7143442],[-101.1924665,19.711991],[-101.1903066,19.7119642],[-101.1861107,19.7132529],[-101.1779762,19.7191757],[-101.1768956,19.7185555],[-101.1720951,19.7148898]]]}},{"type":"Feature","id":"Naranja 1 ISSTE","properties":{"ref":"Naranja 1 ISSTE","nombre":"Naranja 1 ISSTE","variantes":2,"osmid":17945631,"paradas":0,"sin_nombre":false},"geometry":{"type":"MultiLineString","coordinates":[[[-101.2195626,19.6741498],[-101.2202597,19.674305],[-101.2203037,19.6749445],[-101.2195164,19.6762263],[-101.2190857,19.6763984],[-101.2099911,19.6721067],[-101.2095152,19.6719473],[-101.2086199,19.6720053],[-101.2029793,19.6753442],[-101.2024941,19.6760363],[-101.2012341,19.6801132],[-101.2007042,19.6807068],[-101.1984863,19.6811302],[-101.1970075,19.680954],[-101.1945579,19.6817549],[-101.1919727,19.6821759],[-101.191316,19.6831182],[-101.1907849,19.6833578],[-101.1903023,19.7064059],[-101.1910374,19.7063594]],[[-101.1907019,19.7073387],[-101.1910374,19.7063594]],[[-101.1889123,19.7103242],[-101.1907019,19.7073387]],[[-101.1889123,19.7103242],[-101.1884456,19.7104083],[-101.1881353,19.7119741],[-101.189014,19.7154424],[-101.1887191,19.7164466],[-101.1883205,19.7203456],[-101.1878778,19.7215757],[-101.1842228,19.7250633],[-101.1835006,19.7263441],[-101.1831607,19.7280006],[-101.1812574,19.7277522],[-101.1809397,19.7299997],[-101.1789135,19.7304097],[-101.1756821,19.7304838]],[[-101.1750025,19.7255395],[-101.1751313,19.7283249],[-101.1756821,19.7304838]],[[-101.1830331,19.732286],[-101.182764,19.7322685]],[[-101.1830331,19.732286],[-101.1833061,19.728013],[-101.1836309,19.7263878],[-101.1845243,19.7249235],[-101.18778,19.7221498],[-101.1884452,19.7208673],[-101.1888175,19.7164571],[-101.1891241,19.7152871],[-101.188283,19.7116953],[-101.1887582,19.7105863],[-101.1905797,19.7076536],[-101.1913488,19.7056004],[-101.1920779,19.6823402],[-101.194636,19.6819375],[-101.1957748,19.6824116],[-101.1961093,19.681604],[-101.1969686,19.6810611],[-101.1986728,19.6812399],[-101.2006715,19.6808084],[-101.2013769,19.6799338],[-101.2025846,19.6761404],[-101.202946,19.675545],[-101.2085967,19.6721207],[-101.2097595,19.6721512],[-101.2170608,19.6756748],[-101.217177,19.6737897]],[[-101.2175681,19.6738153],[-101.217177,19.6737897]],[[-101.2175949,19.6735384],[-101.2175681,19.6738153]],[[-101.2175949,19.6735384],[-101.21914,19.673552],[-101.2191184,19.6741471],[-101.2195626,19.6741498]]]}},{"type":"Feature","id":"Naranja 1 La Soledad","properties":{"ref":"Naranja 1 La Soledad","nombre":"Naranja 1 La Soledad","variantes":2,"osmid":17992012,"paradas":0,"sin_nombre":false},"geometry":{"type":"MultiLineString","coordinates":[[[-101.2195626,19.6741498],[-101.2202597,19.674305],[-101.2203037,19.6749445],[-101.2195164,19.6762263],[-101.2190857,19.6763984],[-101.2099911,19.6721067],[-101.2095152,19.6719473],[-101.2086199,19.6720053],[-101.2029793,19.6753442],[-101.2024941,19.6760363],[-101.2012341,19.6801132],[-101.2007042,19.6807068],[-101.1984863,19.6811302],[-101.1970075,19.680954],[-101.1945579,19.6817549],[-101.1919727,19.6821759],[-101.191316,19.6831182],[-101.1907849,19.6833578],[-101.1903023,19.7064059],[-101.1909551,19.7063455],[-101.1903839,19.7078982],[-101.1888242,19.7103845],[-101.1884456,19.7104083],[-101.1882074,19.7115425],[-101.1881637,19.7122693],[-101.1890169,19.7152631],[-101.1887191,19.7164466],[-101.1882692,19.7205876],[-101.1879818,19.7213994],[-101.1874932,19.7220322],[-101.1842228,19.7250633],[-101.1835006,19.7263441],[-101.1831607,19.7280006],[-101.1812574,19.7277522],[-101.1809397,19.7299997],[-101.1806069,19.7300738]],[[-101.18153,19.7320548],[-101.1806069,19.7300738]],[[-101.18153,19.7320548],[-101.1803804,19.731476],[-101.1781357,19.7315915],[-101.1773836,19.732046],[-101.1765934,19.7304703],[-101.1756821,19.7304838]],[[-101.1750025,19.7255395],[-101.1751313,19.7283249],[-101.1756821,19.7304838]],[[-101.1750025,19.7255395],[-101.1740133,19.7255638]],[[-101.1750025,19.7255395],[-101.1740133,19.7255638]],[[-101.1750025,19.7255395],[-101.1751313,19.7283249],[-101.1756821,19.7304838]],[[-101.1765934,19.7304703],[-101.1756821,19.7304838]],[[-101.1773836,19.732046],[-101.1765934,19.7304703]],[[-101.18153,19.7320548],[-101.1803804,19.731476],[-101.1781357,19.7315915],[-101.1773836,19.732046]],[[-101.1819417,19.7323838],[-101.18153,19.7320548]],[[-101.182764,19.7322685],[-101.1819417,19.7323838]],[[-101.1830331,19.732286],[-101.182764,19.7322685]],[[-101.1830331,19.732286],[-101.1833061,19.728013],[-101.1836309,19.7263878],[-101.1845243,19.7249235],[-101.18778,19.7221498],[-101.1884452,19.7208673],[-101.1888175,19.7164571],[-101.1891241,19.7152871],[-101.188283,19.7116953],[-101.1887582,19.7105863],[-101.1905797,19.7076536],[-101.1913488,19.7056004],[-101.1920779,19.6823402],[-101.194636,19.6819375],[-101.1957748,19.6824116],[-101.1961093,19.681604],[-101.1969686,19.6810611],[-101.1986728,19.6812399],[-101.2006715,19.6808084],[-101.2013769,19.6799338],[-101.2025846,19.6761404],[-101.202946,19.675545],[-101.2085967,19.6721207],[-101.2097595,19.6721512],[-101.2170608,19.6756748],[-101.217177,19.6737897]],[[-101.2175681,19.6738153],[-101.217177,19.6737897]],[[-101.2175949,19.6735384],[-101.2175681,19.6738153]],[[-101.2175949,19.6735384],[-101.21914,19.673552],[-101.2191184,19.6741471],[-101.2200237,19.6741533]]]}},{"type":"Feature","id":"Naranja 2","properties":{"ref":"Naranja 2","nombre":"Naranja 2","variantes":1,"osmid":17999040,"paradas":0,"sin_nombre":false},"geometry":{"type":"LineString","coordinates":[[-101.2174628,19.6799824],[-101.2175999,19.680501],[-101.2173549,19.6810859],[-101.2120082,19.6921178],[-101.203662,19.6909556],[-101.2031857,19.6943319],[-101.2029141,19.6948278],[-101.2012452,19.6937244],[-101.1996679,19.6930684],[-101.1952547,19.6919534]]}},{"type":"Feature","id":"Naranja 2 - 3 de Agosto","properties":{"ref":"Naranja 2 - 3 de Agosto","nombre":"Naranja 2 - 3 de Agosto","variantes":2,"osmid":17992232,"paradas":0,"sin_nombre":false},"geometry":{"type":"MultiLineString","coordinates":[[[-101.1676094,19.7351573],[-101.1667267,19.7352273]],[[-101.1667002,19.7351563],[-101.1667267,19.7352273]],[[-101.1667002,19.7351563],[-101.1640766,19.7351956]],[[-101.1641257,19.7326811],[-101.1640766,19.7351956]],[[-101.1677785,19.7325452],[-101.1641257,19.7326811]],[[-101.1711053,19.7324681],[-101.1677785,19.7325452]],[[-101.1714249,19.731773],[-101.1711053,19.7324681]],[[-101.1714785,19.7316544],[-101.1714249,19.731773]],[[-101.1717467,19.7310434],[-101.1714785,19.7316544]],[[-101.1718228,19.7308647],[-101.1717467,19.7310434]],[[-101.1722839,19.7298371],[-101.1718228,19.7308647]],[[-101.1722839,19.7298371],[-101.1739917,19.7305082],[-101.1740985,19.7313479],[-101.1753938,19.7327546],[-101.1761987,19.7341665],[-101.1773117,19.7346794],[-101.1799434,19.7346408]],[[-101.1801862,19.7333969],[-101.1799434,19.7346408]],[[-101.1818726,19.7333515],[-101.1801862,19.7333969]],[[-101.1818726,19.7333515],[-101.1819417,19.7323838]],[[-101.182764,19.7322685],[-101.1819417,19.7323838]],[[-101.1830331,19.732286],[-101.182764,19.7322685]],[[-101.1830331,19.732286],[-101.1833061,19.728013],[-101.1836309,19.7263878],[-101.1845243,19.7249235],[-101.18778,19.7221498],[-101.1885363,19.7205359],[-101.1888175,19.7164571],[-101.1891241,19.7152871],[-101.188283,19.7116953],[-101.1887582,19.7105863],[-101.1905797,19.7076536],[-101.1913488,19.7056004],[-101.1918303,19.6913552],[-101.1993445,19.6933605],[-101.2009975,19.6941239],[-101.2026796,19.6952057],[-101.2029141,19.6948278]],[[-101.2032678,19.6938834],[-101.2029141,19.6948278]],[[-101.2034631,19.692416],[-101.2032678,19.6938834]],[[-101.2036367,19.6910942],[-101.2034631,19.692416]],[[-101.2036367,19.6910942],[-101.2121315,19.6922971],[-101.2179914,19.6801801],[-101.2177582,19.6801229],[-101.2175999,19.680501]],[[-101.2174628,19.6799824],[-101.2175999,19.680501],[-101.2173549,19.6810859],[-101.2120813,19.6921375],[-101.203662,19.6909556],[-101.2031857,19.6943319],[-101.2029141,19.6948278],[-101.2012452,19.6937244],[-101.1996679,19.6930684],[-101.1952547,19.6919534],[-101.1952485,19.6924847],[-101.1864542,19.6922547]],[[-101.1864683,19.6919118],[-101.1864542,19.6922547]],[[-101.1864683,19.6919118],[-101.1838745,19.6915599],[-101.1835846,19.6965182]],[[-101.1837106,19.6983102],[-101.1897366,19.698353],[-101.1897349,19.7028551]],[[-101.1903876,19.7028749],[-101.1897349,19.7028551]],[[-101.1903876,19.7028749],[-101.1903654,19.7046881],[-101.189618,19.7046494],[-101.1891116,19.7069041],[-101.1905865,19.7062828],[-101.1909551,19.7063455],[-101.1903839,19.7078982],[-101.1888242,19.7103845],[-101.1884456,19.7104083],[-101.1881353,19.7119741],[-101.1890169,19.7152631],[-101.1887191,19.7164466],[-101.1881764,19.7209616],[-101.1874932,19.7220322],[-101.1842228,19.7250633],[-101.1835006,19.7263441],[-101.1831607,19.7280006],[-101.1812574,19.7277522],[-101.1809397,19.7299997],[-101.1806069,19.7300738]],[[-101.18153,19.7320548],[-101.1806069,19.7300738]],[[-101.1819417,19.7323838],[-101.18153,19.7320548]],[[-101.1818726,19.7333515],[-101.1819417,19.7323838]],[[-101.1818726,19.7333515],[-101.1801862,19.7333969],[-101.1799434,19.7346408]],[[-101.1795219,19.7346447],[-101.1799434,19.7346408]],[[-101.1739917,19.7305082],[-101.1740985,19.7313479],[-101.1753938,19.7327546],[-101.1761987,19.7341665],[-101.1773117,19.7346794],[-101.1795219,19.7346447]],[[-101.1737891,19.7304158],[-101.1739917,19.7305082]],[[-101.1737891,19.7304158],[-101.1722839,19.7298371],[-101.1711053,19.7324681],[-101.1641257,19.7326811],[-101.1640766,19.7351956]],[[-101.1649533,19.7352025],[-101.1640766,19.7351956]],[[-101.1654232,19.7352128],[-101.1649533,19.7352025]],[[-101.1662737,19.735227],[-101.1654232,19.7352128]],[[-101.1667002,19.7351563],[-101.1662737,19.735227]]]}},{"type":"Feature","id":"Naranja 2 Santa Fe","properties":{"ref":"Naranja 2 Santa Fe","nombre":"Naranja 2 Santa Fe","variantes":1,"osmid":18073859,"paradas":0,"sin_nombre":false},"geometry":{"type":"MultiLineString","coordinates":[[[-101.2639341,19.6923975],[-101.2656025,19.6915919]],[[-101.2639341,19.6923975],[-101.2651443,19.6939641],[-101.2646316,19.6945618],[-101.2631116,19.6956475],[-101.259292,19.6961351]],[[-101.2592796,19.6960821],[-101.259292,19.6961351]],[[-101.25731,19.6965789],[-101.2592796,19.6960821]],[[-101.2574106,19.6971197],[-101.25731,19.6965789]],[[-101.2574106,19.6971197],[-101.2526781,19.6978838],[-101.2429822,19.7001137]],[[-101.2397384,19.7010717],[-101.2243418,19.7047432],[-101.219922,19.7053965],[-101.2125891,19.7017717],[-101.2075193,19.7021489],[-101.2076201,19.7015263],[-101.207013,19.7013209],[-101.205907,19.702244],[-101.2001421,19.7030345],[-101.1984425,19.7030396],[-101.1950691,19.702965],[-101.1951122,19.7019116],[-101.1897752,19.7018098],[-101.1897674,19.7020364],[-101.1876696,19.701933],[-101.1876842,19.7028169],[-101.1831818,19.7029465],[-101.1823317,19.702663],[-101.1780313,19.6988785],[-101.1773846,19.6984607],[-101.1758215,19.6980567],[-101.1650105,19.6959871],[-101.1634091,19.6958331],[-101.1617505,19.6971101],[-101.1616777,19.6978464]],[[-101.1604321,19.6977507],[-101.1616777,19.6978464]],[[-101.1584268,19.6975694],[-101.1604321,19.6977507]],[[-101.1559634,19.6974463],[-101.1584268,19.6975694]],[[-101.1547834,19.6973361],[-101.1559634,19.6974463]],[[-101.1540944,19.6972794],[-101.1547834,19.6973361]],[[-101.1542,19.6963987],[-101.1540944,19.6972794]],[[-101.1542,19.6963987],[-101.1515495,19.6962901]],[[-101.1514903,19.6968889],[-101.1515495,19.6962901]],[[-101.1509065,19.6970102],[-101.1514903,19.6968889]],[[-101.1509065,19.6970102],[-101.1506189,19.6967938],[-101.1506795,19.6962248]]]}},{"type":"Feature","id":"Naranja 3","properties":{"ref":"Naranja 3","nombre":"Naranja 3","variantes":1,"osmid":17970217,"paradas":0,"sin_nombre":false},"geometry":{"type":"MultiLineString","coordinates":[[[-101.1654432,19.7582905],[-101.1650851,19.7582852],[-101.1652457,19.7585975],[-101.1658272,19.7584556],[-101.1684147,19.7587396],[-101.1686286,19.7586259],[-101.1682926,19.7581735],[-101.1682905,19.7578738],[-101.1697532,19.7547267],[-101.1777862,19.7393721],[-101.1785493,19.7386228],[-101.181809,19.7369796],[-101.1824169,19.7362502],[-101.1827187,19.7350727]],[[-101.1831707,19.7296311],[-101.1836309,19.7263878],[-101.1845243,19.7249235],[-101.185814,19.7238537]],[[-101.1873339,19.722638],[-101.1883544,19.721156],[-101.1886738,19.7186219]],[[-101.1886106,19.7199427],[-101.1888175,19.7164571],[-101.1891241,19.7152871],[-101.188283,19.7116953],[-101.1887582,19.7105863],[-101.1907019,19.7073387]],[[-101.1910374,19.7063594],[-101.1913568,19.7053514],[-101.189423,19.7053498],[-101.1891116,19.7069041],[-101.1905865,19.7062828],[-101.1909551,19.7063455],[-101.1903839,19.7078982],[-101.1888242,19.7103845],[-101.1884456,19.7104083],[-101.1881389,19.7120896]],[[-101.1882452,19.7125699],[-101.1861107,19.7132529],[-101.1821329,19.716109]],[[-101.1822201,19.7162226],[-101.1821329,19.716109]],[[-101.1823348,19.716372],[-101.1822201,19.7162226]],[[-101.1824115,19.7164719],[-101.1823348,19.716372]],[[-101.1824115,19.7164719],[-101.1864739,19.7134406],[-101.1883223,19.7128553],[-101.1884708,19.7133535]],[[-101.1890169,19.7152631],[-101.1887191,19.7164466],[-101.1883482,19.7201865],[-101.1879818,19.7213994],[-101.1872901,19.7222352],[-101.1844347,19.724778],[-101.1833999,19.7266358],[-101.1828966,19.7304146],[-101.1826088,19.7350298],[-101.1823288,19.7361056],[-101.1814266,19.7370696],[-101.1787298,19.7384054],[-101.1776364,19.7392659],[-101.1681537,19.7573992],[-101.1670368,19.7583069],[-101.1654432,19.7582905]],[[-101.1894945,19.7052614],[-101.1887497,19.7051468],[-101.1887336,19.7046252]],[[-101.1887551,19.7037777],[-101.1888151,19.7020152],[-101.1865993,19.7018711],[-101.1865707,19.7010573],[-101.186173,19.6999872]],[[-101.1858,19.6991104],[-101.185716,19.6983603]],[[-101.1857312,19.6968198],[-101.1835846,19.6965182]],[[-101.1825108,19.6963673],[-101.183635,19.6892557],[-101.1879698,19.6904159]],[[-101.1879593,19.6907763],[-101.1879698,19.6904159]],[[-101.1879593,19.6907763],[-101.1839821,19.6901094],[-101.1835846,19.6965182]],[[-101.1837106,19.6983102],[-101.1844354,19.698359]],[[-101.1851811,19.6984025],[-101.1897366,19.698353],[-101.1897558,19.6991692]],[[-101.1897863,19.7013573],[-101.1897799,19.7015856]],[[-101.1897752,19.7018098],[-101.1897247,19.7037997]],[[-101.1896726,19.7038007],[-101.1897247,19.7037997]],[[-101.1896726,19.7038007],[-101.1894945,19.7052614]],[[-101.1713895,19.7431175],[-101.1747948,19.7447004]],[[-101.1713895,19.7431175],[-101.1693167,19.7442641],[-101.1674926,19.7443]],[[-101.1675336,19.7488388],[-101.1674926,19.7443]],[[-101.1651554,19.7477447],[-101.1675336,19.7488388]],[[-101.1651554,19.7477447],[-101.1649629,19.7484181]],[[-101.1827187,19.7350727],[-101.1830331,19.732286]],[[-101.1812818,19.7373242],[-101.1824169,19.7362502],[-101.1827187,19.7350727]],[[-101.18859,19.7201926],[-101.1886738,19.7186219]],[[-101.1886106,19.7199427],[-101.1888175,19.7164571],[-101.1891241,19.7152871],[-101.1885893,19.7133207]],[[-101.1879698,19.6904159],[-101.1883052,19.6816897],[-101.1900775,19.6824573],[-101.1920779,19.6823402]],[[-101.1953743,19.682319],[-101.1955593,19.6823618]],[[-101.1958456,19.6823844],[-101.1959622,19.6822115]],[[-101.1959613,19.6821567],[-101.1961093,19.681604],[-101.1969686,19.6810611],[-101.1988893,19.6812238],[-101.2002102,19.6809903],[-101.20087,19.6806746],[-101.2013769,19.6799338],[-101.2023075,19.6769782]],[[-101.2013168,19.6778573],[-101.2016331,19.6777171],[-101.2022154,19.6769578]],[[-101.1974953,19.6777278],[-101.2013168,19.6778573]],[[-101.1974953,19.6777278],[-101.1974574,19.6758257],[-101.1968814,19.6757697],[-101.1976434,19.6747118],[-101.1979787,19.6730171]],[[-101.1978633,19.6730032],[-101.1979787,19.6730171]],[[-101.1981827,19.6709425],[-101.1978633,19.6730032]],[[-101.1955496,19.6712132],[-101.1963675,19.6709884],[-101.1981827,19.6709425]],[[-101.1955496,19.6712132],[-101.1953607,19.6703759],[-101.1947203,19.6707756],[-101.1940639,19.6705531],[-101.1922337,19.6705306],[-101.1902883,19.6698712],[-101.1904912,19.6703937],[-101.1904344,19.6721124],[-101.188202,19.6722853],[-101.185305,19.6716323],[-101.1855452,19.6707365],[-101.184981,19.6706035]],[[-101.1838376,19.670334],[-101.1821608,19.6699388],[-101.1822991,19.6694032],[-101.1851084,19.6700767],[-101.1847538,19.6715],[-101.1845999,19.6714633]],[[-101.1845562,19.671636],[-101.1845999,19.6714633]],[[-101.1897929,19.673371],[-101.1888476,19.6733467],[-101.1845562,19.671636]],[[-101.1897929,19.673371],[-101.1904411,19.6733664]],[[-101.1904377,19.6727388],[-101.1904411,19.6733664]],[[-101.1904344,19.6721124],[-101.1904377,19.6727388]],[[-101.1978633,19.6730032],[-101.1975404,19.6746953],[-101.1966815,19.675857]],[[-101.1966853,19.6759197],[-101.1966473,19.6793304],[-101.1975065,19.6796687],[-101.1974656,19.6803178],[-101.195142,19.6810847],[-101.1930741,19.6813096],[-101.1924663,19.6815459],[-101.191316,19.6831182],[-101.1907749,19.6833764],[-101.1907358,19.6853709],[-101.1894397,19.6852367]]]}},{"type":"Feature","id":"Naranja 3 (Directo)","properties":{"ref":"Naranja 3 (Directo)","nombre":"Naranja 3 (Directo)","variantes":2,"osmid":18015602,"paradas":0,"sin_nombre":false},"geometry":{"type":"MultiLineString","coordinates":[[[-101.2070553,19.7664348],[-101.2064141,19.76555],[-101.2060346,19.7645275],[-101.2043778,19.7634981],[-101.2037092,19.7633061],[-101.2017444,19.7636796],[-101.2008043,19.7631041],[-101.1979788,19.7627039]],[[-101.195337,19.7626063],[-101.1952545,19.7626135]],[[-101.1954302,19.7626843],[-101.195337,19.7626063]],[[-101.19519,19.7626716],[-101.1923593,19.7625729],[-101.1914959,19.7627522]],[[-101.1915862,19.7626658],[-101.1913106,19.7625261],[-101.1818238,19.7641867],[-101.1815784,19.763754],[-101.1821935,19.759664],[-101.1819149,19.7590878],[-101.1778633,19.758755],[-101.1689431,19.7585004],[-101.168522,19.7582771],[-101.1684361,19.7580184],[-101.1684866,19.757566],[-101.1697532,19.7547267],[-101.1779595,19.7390841],[-101.1785493,19.7386228],[-101.1815447,19.7371782],[-101.1824169,19.7362502],[-101.1827187,19.7350727],[-101.1833061,19.728013],[-101.1836309,19.7263878],[-101.1845243,19.7249235],[-101.1873339,19.722638],[-101.1880394,19.7217982],[-101.1885363,19.7205359],[-101.1886738,19.7186219]],[[-101.1886106,19.7199427],[-101.1888175,19.7164571],[-101.1891241,19.7152871],[-101.188283,19.7116953],[-101.1887582,19.7105863],[-101.1907019,19.7073387]],[[-101.1910374,19.7063594],[-101.1913568,19.7053514],[-101.1895907,19.7053488],[-101.1893831,19.7051619],[-101.1887271,19.7051177],[-101.1888151,19.7020152],[-101.1865993,19.7018711],[-101.1865707,19.7010573],[-101.186173,19.6999872]],[[-101.1858,19.6991104],[-101.1844576,19.6989602],[-101.1844354,19.698359]],[[-101.1851811,19.6984025],[-101.185716,19.6983603]],[[-101.185716,19.6983603],[-101.1897366,19.698353],[-101.1897247,19.7037997]],[[-101.1896726,19.7038007],[-101.1897247,19.7037997]],[[-101.1896726,19.7038007],[-101.189585,19.7051595],[-101.1891116,19.7069041],[-101.1905865,19.7062828],[-101.1909551,19.7063455],[-101.1903839,19.7078982],[-101.1888242,19.7103845],[-101.1884456,19.7104083],[-101.1882074,19.7115425],[-101.1881637,19.7122693],[-101.1890169,19.7152631],[-101.1887191,19.7164466],[-101.1882692,19.7205876],[-101.1877534,19.7217415],[-101.1844347,19.724778],[-101.1835006,19.7263441],[-101.1831607,19.7280006],[-101.182732,19.7338665],[-101.1824198,19.7359071],[-101.1819552,19.7366394],[-101.1814266,19.7370696],[-101.1787298,19.7384054],[-101.1775504,19.7393803],[-101.1681537,19.7573992],[-101.1670368,19.7583069],[-101.1652767,19.7581968],[-101.1650628,19.7584685],[-101.1652457,19.7585975],[-101.1658272,19.7584556],[-101.1682518,19.7586045],[-101.1684147,19.7587396],[-101.1704323,19.7586924],[-101.1706219,19.7588501],[-101.1729745,19.7587861],[-101.1816729,19.7592218],[-101.181955,19.7597317],[-101.1811137,19.7643373],[-101.1813234,19.7646426],[-101.1919735,19.7626966],[-101.1989556,19.7628788],[-101.1995617,19.7631515],[-101.200701,19.7631823],[-101.2017497,19.763773],[-101.2036287,19.7634551],[-101.2043502,19.7635849],[-101.2059404,19.7645587],[-101.2066444,19.7661529]]]}},{"type":"Feature","id":"Naranja 3 Centro - Puerta del Sol","properties":{"ref":"Naranja 3 Centro - Puerta del Sol","nombre":"Naranja 3 Centro - Puerta del Sol","variantes":2,"osmid":18073958,"paradas":0,"sin_nombre":false},"geometry":{"type":"MultiLineString","coordinates":[[[-101.2091005,19.7649778],[-101.2077899,19.7657334],[-101.2070553,19.7664348]],[[-101.2091565,19.7637676],[-101.2087001,19.7634218],[-101.2082767,19.7639948]],[[-101.2091005,19.7649778],[-101.2087388,19.7643327],[-101.2082767,19.7639948]],[[-101.2070553,19.7664348],[-101.2064141,19.76555],[-101.2059099,19.764404],[-101.204554,19.7635809],[-101.2038166,19.7633736]],[[-101.2037489,19.7633108],[-101.2017444,19.7636796],[-101.2008043,19.7631041],[-101.1979788,19.7627039],[-101.1977398,19.7640733],[-101.1960179,19.7651941],[-101.1958165,19.7660567],[-101.1950924,19.765943],[-101.195571,19.7627833]],[[-101.1954293,19.7627704],[-101.195571,19.7627833]],[[-101.1954293,19.7627704],[-101.1952545,19.7626135]],[[-101.195337,19.7626063],[-101.1948226,19.7612488],[-101.195414,19.7586912],[-101.1963665,19.7517737],[-101.1921149,19.751595]],[[-101.1920387,19.7504096],[-101.1918348,19.7481506]],[[-101.1917438,19.7481],[-101.1918348,19.7481506]],[[-101.1917438,19.7481],[-101.1849593,19.7482551],[-101.1834557,19.7531718],[-101.1804009,19.7522266],[-101.1709773,19.7523715],[-101.1779595,19.7390841],[-101.1785493,19.7386228],[-101.1815447,19.7371782],[-101.1824169,19.7362502],[-101.1827187,19.7350727],[-101.1834598,19.726943],[-101.1845243,19.7249235],[-101.1873339,19.722638],[-101.1883544,19.721156],[-101.18859,19.7201926],[-101.1888175,19.7164571],[-101.1891241,19.7152871],[-101.188283,19.7116953],[-101.1887582,19.7105863],[-101.1907019,19.7073387]],[[-101.1910374,19.7063594],[-101.1913568,19.7053514],[-101.1895907,19.7053488],[-101.1893831,19.7051619],[-101.1887271,19.7051177],[-101.1888151,19.7020152],[-101.1865993,19.7018711],[-101.1865707,19.7010573],[-101.186173,19.6999872]],[[-101.1858,19.6991104],[-101.1844576,19.6989602],[-101.1844354,19.698359],[-101.1851811,19.6984025]],[[-101.185716,19.6983603],[-101.1897366,19.698353],[-101.1897247,19.7037997]],[[-101.1896726,19.7038007],[-101.1897247,19.7037997]],[[-101.1896726,19.7038007],[-101.189585,19.7051595],[-101.1891116,19.7069041],[-101.1905865,19.7062828],[-101.1909551,19.7063455],[-101.1903839,19.7078982],[-101.1888242,19.7103845],[-101.1884456,19.7104083],[-101.1881389,19.7120896]],[[-101.1882452,19.7125699],[-101.1890169,19.7152631],[-101.1886724,19.7168317],[-101.1883899,19.7207893],[-101.1875961,19.7222386],[-101.1842228,19.7250633],[-101.1835006,19.7263441],[-101.1831607,19.7280006],[-101.182732,19.7338665],[-101.1824198,19.7359071],[-101.1819552,19.7366394],[-101.1814266,19.7370696],[-101.1787298,19.7384054],[-101.1775504,19.7393803],[-101.1708409,19.7522952]],[[-101.1755726,19.7523248],[-101.1709773,19.7523715]],[[-101.1778523,19.7522135],[-101.1755726,19.7523248]],[[-101.1782866,19.7522241],[-101.1779206,19.7522152]],[[-101.1802472,19.7522177],[-101.1782866,19.7522241]],[[-101.1835161,19.7531485],[-101.1811346,19.7523559]],[[-101.1849593,19.7482551],[-101.1835161,19.7531485]],[[-101.1917438,19.7481],[-101.1849593,19.7482551]],[[-101.1917438,19.7481],[-101.1920389,19.751658],[-101.1963028,19.7518219],[-101.1953306,19.7586763],[-101.1949078,19.7596739],[-101.1947433,19.7612519],[-101.1951921,19.7627847],[-101.195571,19.7627833]],[[-101.1950924,19.765943],[-101.195571,19.7627833]],[[-101.1950808,19.7660042],[-101.1950924,19.765943]],[[-101.1950808,19.7660042],[-101.1959251,19.7661427],[-101.1960326,19.765295],[-101.1977935,19.7641409],[-101.1977892,19.7639112]],[[-101.1979651,19.7629337],[-101.1977892,19.7639112]],[[-101.1979651,19.7629337],[-101.1990528,19.7628863],[-101.1995617,19.7631515],[-101.200701,19.7631823],[-101.2017497,19.763773],[-101.2036287,19.7634551],[-101.2042689,19.7635536],[-101.2059404,19.7645587],[-101.2066444,19.7661529]],[[-101.204745,19.7676805],[-101.2059847,19.766965],[-101.2066444,19.7661529]],[[-101.2052938,19.7685411],[-101.204745,19.7676805]],[[-101.2069277,19.7677705],[-101.2052938,19.7685411]],[[-101.2069277,19.7677705],[-101.2063716,19.766938]],[[-101.2068158,19.7663635],[-101.2063716,19.766938]],[[-101.2068158,19.7663635],[-101.2070202,19.7665296]],[[-101.2070553,19.7664348],[-101.2070202,19.7665296]],[[-101.2091005,19.7649778],[-101.2077899,19.7657334],[-101.2070553,19.7664348]],[[-101.2095754,19.7643013],[-101.2091005,19.7649778]],[[-101.2095754,19.7643013],[-101.2091565,19.7637676]]]}},{"type":"Feature","id":"Naranja 3 Santa Maria - Erandeni","properties":{"ref":"Naranja 3 Santa Maria - Erandeni","nombre":"Naranja 3 Santa Maria - Erandeni","variantes":2,"osmid":18074221,"paradas":0,"sin_nombre":false},"geometry":{"type":"MultiLineString","coordinates":[[[-101.1819392,19.7491636],[-101.1811346,19.7523559],[-101.1782866,19.7522241]],[[-101.1789173,19.7496617],[-101.1782866,19.7522241]],[[-101.1789173,19.7496617],[-101.1784736,19.7495669]],[[-101.1779039,19.7521287],[-101.1784736,19.7495669]],[[-101.1779039,19.7521287],[-101.1709773,19.7523715],[-101.1779595,19.7390841],[-101.1785493,19.7386228],[-101.1815447,19.7371782],[-101.1824169,19.7362502],[-101.1827187,19.7350727],[-101.1833061,19.728013],[-101.1836309,19.7263878],[-101.1845243,19.7249235],[-101.18778,19.7221498],[-101.1884452,19.7208673],[-101.1888175,19.7164571],[-101.1891241,19.7152871],[-101.188283,19.7116953],[-101.1887582,19.7105863],[-101.1905797,19.7076536],[-101.1913568,19.7053514],[-101.1895907,19.7053488],[-101.1893831,19.7051619],[-101.1887497,19.7051468],[-101.1888151,19.7020152],[-101.1865993,19.7018711],[-101.1865707,19.7010573],[-101.186173,19.6999872]],[[-101.1858,19.6991104],[-101.185716,19.6983603]],[[-101.1857312,19.6968198],[-101.1825108,19.6963673],[-101.183635,19.6892557],[-101.1879698,19.6904159],[-101.1880449,19.6885042],[-101.1892703,19.6886903]],[[-101.1893788,19.6864774],[-101.1892703,19.6886903]],[[-101.1893788,19.6864774],[-101.1881211,19.6864253],[-101.1883052,19.6816897],[-101.1897526,19.6823811],[-101.1905603,19.6825021],[-101.194636,19.6819375],[-101.1956986,19.6824169],[-101.1959622,19.6822115]],[[-101.1959613,19.6821567],[-101.1961093,19.681604],[-101.1969686,19.6810611],[-101.1988893,19.6812238],[-101.2002102,19.6809903],[-101.20087,19.6806746],[-101.2013769,19.6799338],[-101.2023075,19.6769782]],[[-101.2022154,19.6769578],[-101.2023075,19.6769782]],[[-101.2013168,19.6778573],[-101.2016331,19.6777171],[-101.2022154,19.6769578]],[[-101.1974953,19.6777278],[-101.2013168,19.6778573]],[[-101.1974953,19.6777278],[-101.1974574,19.6758257],[-101.1968814,19.6757697],[-101.1976434,19.6747118],[-101.1979787,19.6730171]],[[-101.1978633,19.6730032],[-101.1979787,19.6730171]],[[-101.1981827,19.6709425],[-101.1978633,19.6730032]],[[-101.1955496,19.6712132],[-101.1963675,19.6709884],[-101.1981827,19.6709425]],[[-101.1955496,19.6712132],[-101.1953607,19.6703759],[-101.1947203,19.6707756],[-101.1940639,19.6705531],[-101.1922337,19.6705306],[-101.1902883,19.6698712],[-101.1904912,19.6703937],[-101.1904344,19.6721124],[-101.188202,19.6722853],[-101.185305,19.6716323],[-101.1855452,19.6707365],[-101.184981,19.6706035]],[[-101.1651554,19.7477447],[-101.1649629,19.7484181]],[[-101.1651554,19.7477447],[-101.1675336,19.7488388],[-101.1674926,19.7443]],[[-101.1693167,19.7442641],[-101.1674926,19.7443]],[[-101.1713895,19.7431175],[-101.1693167,19.7442641]],[[-101.1713895,19.7431175],[-101.1747948,19.7447004],[-101.1681537,19.7573992],[-101.1675659,19.758018],[-101.1668918,19.7583521],[-101.1652767,19.7581968],[-101.1650568,19.758343],[-101.1652457,19.7585975],[-101.1658272,19.7584556],[-101.1685781,19.7586931],[-101.1686352,19.7584897],[-101.1683872,19.7583734],[-101.1682905,19.7578738],[-101.1697532,19.7547267],[-101.1779595,19.7390841],[-101.1785493,19.7386228],[-101.1815447,19.7371782],[-101.1824169,19.7362502],[-101.1827187,19.7350727],[-101.1833061,19.728013],[-101.1836309,19.7263878],[-101.1845243,19.7249235],[-101.18778,19.7221498],[-101.1885363,19.7205359],[-101.1888175,19.7164571],[-101.1891241,19.7152871],[-101.188283,19.7116953],[-101.1887582,19.7105863],[-101.1905797,19.7076536],[-101.1913568,19.7053514],[-101.1895907,19.7053488],[-101.1893831,19.7051619],[-101.1887497,19.7051468],[-101.1887336,19.7046252]],[[-101.1887551,19.7037777],[-101.1888151,19.7020152],[-101.1865993,19.7018711],[-101.1865325,19.7008908],[-101.1858,19.6991104],[-101.1857312,19.6968198],[-101.1825108,19.6963673],[-101.183635,19.6892557],[-101.1879698,19.6904159],[-101.1883052,19.6816897],[-101.1900775,19.6824573],[-101.1909151,19.6824937],[-101.194636,19.6819375],[-101.1956986,19.6824169],[-101.1959499,19.6822632],[-101.1961093,19.681604],[-101.1969686,19.6810611],[-101.1986728,19.6812399],[-101.2003738,19.6809372],[-101.2010115,19.6805575],[-101.2012783,19.6801529],[-101.2023075,19.6769782]],[[-101.1955496,19.6712132],[-101.1953607,19.6703759],[-101.1947203,19.6707756],[-101.1940639,19.6705531],[-101.1922337,19.6705306],[-101.1902883,19.6698712],[-101.1904912,19.6703937],[-101.1904344,19.6721124],[-101.1880463,19.6722706],[-101.185305,19.6716323],[-101.1855452,19.6707365],[-101.1821608,19.6699388]]]}},{"type":"Feature","id":"Naranja 3 Trico - Metropolis","properties":{"ref":"Naranja 3 Trico - Metropolis","nombre":"Naranja 3 Trico - Metropolis","variantes":2,"osmid":18074018,"paradas":0,"sin_nombre":false},"geometry":{"type":"MultiLineString","coordinates":[[[-101.1943281,19.7678129],[-101.1942959,19.7681852]],[[-101.1943924,19.7674368],[-101.1943281,19.7678129]],[[-101.1943924,19.7674368],[-101.1944196,19.7673946]],[[-101.1951469,19.7660266],[-101.1947093,19.7671332],[-101.1944196,19.7673946]],[[-101.1958072,19.7661167],[-101.1959435,19.7661128],[-101.1960326,19.765295],[-101.1977935,19.7641409],[-101.1977892,19.7639112]],[[-101.1979651,19.7629337],[-101.1977892,19.7639112]],[[-101.1979651,19.7629337],[-101.1990528,19.7628863],[-101.1995617,19.7631515],[-101.200701,19.7631823],[-101.2017497,19.763773],[-101.2037764,19.763482],[-101.2035697,19.7626694],[-101.2040981,19.7597718]],[[-101.2056271,19.7600292],[-101.2040981,19.7597718]],[[-101.2056036,19.7601621],[-101.2056271,19.7600292]],[[-101.2061692,19.7602587],[-101.2056036,19.7601621]],[[-101.2062785,19.76028],[-101.2061692,19.7602587]],[[-101.2063183,19.7602887],[-101.2062785,19.76028]],[[-101.2065907,19.7588484],[-101.2063183,19.7602887]],[[-101.2062434,19.758779],[-101.2065907,19.7588484]],[[-101.2062434,19.758779],[-101.2048199,19.7566814],[-101.204827,19.7563385],[-101.2045126,19.756294],[-101.2027778,19.7548368],[-101.2018195,19.7534537],[-101.2002471,19.753114],[-101.2003388,19.752071],[-101.1963665,19.7517737]],[[-101.1963052,19.7517683],[-101.1947619,19.7516336],[-101.1948824,19.7502824],[-101.1920387,19.7504096],[-101.1918348,19.7481506]],[[-101.1917438,19.7481],[-101.1918348,19.7481506]],[[-101.1917438,19.7481],[-101.1849593,19.7482551],[-101.1834557,19.7531718],[-101.1804009,19.7522266],[-101.1709773,19.7523715],[-101.1779595,19.7390841],[-101.1785493,19.7386228],[-101.1815447,19.7371782],[-101.1824169,19.7362502],[-101.1827187,19.7350727],[-101.1834598,19.726943],[-101.1845243,19.7249235],[-101.1873339,19.722638],[-101.1883544,19.721156],[-101.18859,19.7201926],[-101.1888175,19.7164571],[-101.1891241,19.7152871],[-101.188283,19.7116953],[-101.1887582,19.7105863],[-101.1907019,19.7073387]],[[-101.1910374,19.7063594],[-101.1913568,19.7053514],[-101.1895907,19.7053488],[-101.1893831,19.7051619],[-101.1887271,19.7051177],[-101.1888151,19.7020152],[-101.1865993,19.7018711],[-101.1865707,19.7010573],[-101.186173,19.6999872]],[[-101.1858,19.6991104],[-101.185716,19.6983603]],[[-101.1857312,19.6968198],[-101.1835846,19.6965182]],[[-101.1825108,19.6963673],[-101.1830578,19.6929524],[-101.1812493,19.6926726],[-101.1816031,19.6907011]],[[-101.1807293,19.6894993],[-101.1805147,19.6905227]],[[-101.1807293,19.6894993],[-101.1818068,19.6897069]],[[-101.1816031,19.6907011],[-101.1818068,19.6897069]],[[-101.1812493,19.6926726],[-101.1816031,19.6907011]],[[-101.1830578,19.6929524],[-101.1812493,19.6926726]],[[-101.1837642,19.6930999],[-101.1830578,19.6929524]],[[-101.1837642,19.6930999],[-101.1835846,19.6965182]],[[-101.1837106,19.6983102],[-101.1897366,19.698353],[-101.1897247,19.7037997]],[[-101.1896726,19.7038007],[-101.1897247,19.7037997]],[[-101.1896726,19.7038007],[-101.189585,19.7051595],[-101.1891116,19.7069041],[-101.1905865,19.7062828],[-101.1909551,19.7063455],[-101.1903839,19.7078982],[-101.1888242,19.7103845],[-101.1884456,19.7104083],[-101.1882074,19.7115425],[-101.1881637,19.7122693],[-101.1890169,19.7152631],[-101.1887191,19.7164466],[-101.1884688,19.7203689],[-101.188215,19.7212755],[-101.1875961,19.7222386],[-101.1842228,19.7250633],[-101.1835006,19.7263441],[-101.1831607,19.7280006],[-101.1826088,19.7350298],[-101.182199,19.7363276],[-101.1814266,19.7370696],[-101.1787298,19.7384054],[-101.1775504,19.7393803],[-101.1681537,19.7573992],[-101.1675659,19.758018],[-101.1668918,19.7583521],[-101.1650851,19.7582852],[-101.1652457,19.7585975],[-101.1658272,19.7584556],[-101.1685781,19.7586931],[-101.1686352,19.7584897],[-101.1683872,19.7583734],[-101.1682905,19.7578738],[-101.1709773,19.7523715]],[[-101.1755726,19.7523248],[-101.1709773,19.7523715]],[[-101.1778523,19.7522135],[-101.1755726,19.7523248]],[[-101.1779206,19.7522152],[-101.1778523,19.7522135]],[[-101.1782866,19.7522241],[-101.1779206,19.7522152]],[[-101.1802472,19.7522177],[-101.1782866,19.7522241]],[[-101.1803066,19.7522211],[-101.1802472,19.7522177]],[[-101.1811346,19.7523559],[-101.1803066,19.7522211]],[[-101.1835161,19.7531485],[-101.1811346,19.7523559]],[[-101.1849593,19.7482551],[-101.1835161,19.7531485]],[[-101.1917438,19.7481],[-101.1849593,19.7482551]],[[-101.1917438,19.7481],[-101.1920389,19.751658],[-101.200221,19.7521214],[-101.2001473,19.7532167],[-101.2017054,19.7535174],[-101.20267,19.7548809],[-101.2044125,19.7563847],[-101.2044865,19.7567054],[-101.204725,19.7567371],[-101.2061229,19.7587586]],[[-101.2058608,19.7587061],[-101.2061229,19.7587586]],[[-101.2056271,19.7600292],[-101.2058608,19.7587061]],[[-101.2056271,19.7600292],[-101.2039882,19.7597523],[-101.2034947,19.7629677]],[[-101.2033179,19.7634066],[-101.2034947,19.7629677]],[[-101.2033179,19.7634066],[-101.2017444,19.7636796],[-101.2008043,19.7631041],[-101.1979788,19.7627039],[-101.1977398,19.7640733],[-101.1960179,19.7651941],[-101.1958165,19.7660567],[-101.1950924,19.765943]],[[-101.1950808,19.7660042],[-101.1950924,19.765943]],[[-101.1950808,19.7660042],[-101.1947093,19.7671332],[-101.1944196,19.7673946]],[[-101.1943924,19.7674368],[-101.1944196,19.7673946]],[[-101.1943924,19.7674368],[-101.1943281,19.7678129]]]}},{"type":"Feature","id":"Negra 2","properties":{"ref":"Negra 2","nombre":"Negra 2","variantes":2,"osmid":17992218,"paradas":0,"sin_nombre":false},"geometry":{"type":"MultiLineString","coordinates":[[[-101.1738852,19.6951395],[-101.1738385,19.6953494]],[[-101.1738852,19.6951395],[-101.1763501,19.6955487]],[[-101.1762419,19.6961177],[-101.1763501,19.6955487]],[[-101.1760926,19.696854],[-101.1762419,19.6961177]],[[-101.1758215,19.6980567],[-101.1760926,19.696854]],[[-101.1758215,19.6980567],[-101.1754743,19.7023192],[-101.1777212,19.7025312]],[[-101.1776593,19.7032614],[-101.1777212,19.7025312]],[[-101.1778103,19.7048486],[-101.1776122,19.7042633],[-101.1776593,19.7032614]],[[-101.1812142,19.7061204],[-101.1787616,19.7057226],[-101.1778103,19.7048486]],[[-101.1822368,19.7061192],[-101.1812142,19.7061204]],[[-101.1822368,19.7061192],[-101.1854623,19.7056448],[-101.1853157,19.709866],[-101.1840408,19.7098811]],[[-101.1840476,19.7115943],[-101.1840408,19.7098811]],[[-101.1862911,19.7116052],[-101.1840476,19.7115943]],[[-101.1862911,19.7116052],[-101.1872129,19.711083],[-101.1883956,19.710737],[-101.1881389,19.7120896],[-101.1890169,19.7152631]],[[-101.1891241,19.7152871],[-101.1890169,19.7152631]],[[-101.1907785,19.715697],[-101.1891241,19.7152871]],[[-101.1936527,19.7166891],[-101.1907785,19.715697]],[[-101.1944274,19.7170568],[-101.1936527,19.7166891]],[[-101.1968988,19.7187133],[-101.1944274,19.7170568]],[[-101.1970153,19.7187733],[-101.1968988,19.7187133]],[[-101.2000754,19.7205469],[-101.1995512,19.7204097],[-101.1970153,19.7187733]],[[-101.2028935,19.7206103],[-101.2000754,19.7205469]],[[-101.2051865,19.7217774],[-101.2041651,19.7206939],[-101.2028935,19.7206103]],[[-101.2052187,19.7218582],[-101.2051865,19.7217774]],[[-101.2055152,19.7219432],[-101.2052187,19.7218582]],[[-101.2055152,19.7219432],[-101.2067665,19.7222747],[-101.2166329,19.7231892]],[[-101.2170214,19.7232521],[-101.2166329,19.7231892]],[[-101.2170214,19.7232521],[-101.2191951,19.7271503],[-101.2126065,19.7263549],[-101.212757,19.7267973],[-101.2213902,19.7277282],[-101.2211967,19.7288089],[-101.220239,19.7288967],[-101.2208351,19.7305624],[-101.2209481,19.7359653],[-101.2191053,19.7368402],[-101.2162098,19.7387164],[-101.2194496,19.7444063]],[[-101.2196008,19.7443],[-101.2194496,19.7444063]],[[-101.2197891,19.7442742],[-101.2196008,19.7443]],[[-101.2197891,19.7442742],[-101.2196916,19.7441247]],[[-101.2200994,19.7447737],[-101.2197891,19.7442742]],[[-101.2200994,19.7447737],[-101.2198527,19.7451897],[-101.2204839,19.7463742],[-101.2197473,19.7476894]],[[-101.2179812,19.7468378],[-101.2197473,19.7476894]],[[-101.2194496,19.7444063],[-101.2179812,19.7468378]],[[-101.2190006,19.7436806],[-101.2194496,19.7444063]],[[-101.2179799,19.7419198],[-101.2190006,19.7436806]],[[-101.217291,19.7406801],[-101.2179799,19.7419198]],[[-101.2162098,19.7387164],[-101.217291,19.7406801]],[[-101.2162553,19.7386561],[-101.2162098,19.7387164]],[[-101.2172344,19.73811],[-101.2162553,19.7386561]],[[-101.2209481,19.7359653],[-101.2191053,19.7368402],[-101.2172344,19.73811]],[[-101.2208719,19.731169],[-101.2209481,19.7359653]],[[-101.2207792,19.7303909],[-101.2208719,19.731169]],[[-101.220239,19.7288967],[-101.2207792,19.7303909]],[[-101.2192405,19.7277434],[-101.2198665,19.7284377]],[[-101.219293,19.727589],[-101.2192405,19.7277434]],[[-101.219293,19.727589],[-101.2208498,19.7277752],[-101.2221318,19.7275379],[-101.2232423,19.7268107],[-101.2240047,19.7257096],[-101.2236934,19.7254154],[-101.2229103,19.7264797],[-101.221893,19.7271457],[-101.2208115,19.7273081],[-101.2191951,19.7271503]],[[-101.2182802,19.7256261],[-101.2191951,19.7271503]],[[-101.2170214,19.7232521],[-101.2182802,19.7256261]],[[-101.2170214,19.7232521],[-101.2144744,19.7228119],[-101.2095255,19.7223909]],[[-101.2083503,19.7222875],[-101.2052187,19.7218582],[-101.2048949,19.7213056],[-101.2039852,19.7206043],[-101.1995512,19.7204097],[-101.1944274,19.7170568],[-101.1921285,19.7160835],[-101.1891241,19.7152871],[-101.1882594,19.7119663],[-101.1886761,19.7107553],[-101.1883956,19.710737]],[[-101.1862911,19.7116052],[-101.1872129,19.711083],[-101.1883956,19.710737]],[[-101.1862911,19.7116052],[-101.182732,19.711588],[-101.1826367,19.7081985]],[[-101.1838252,19.7082316],[-101.1826367,19.7081985]],[[-101.1838252,19.7082316],[-101.1840221,19.7068962],[-101.1826363,19.7067573]],[[-101.1821989,19.7066891],[-101.1826363,19.7067573]],[[-101.1812142,19.7061204],[-101.1814197,19.706592],[-101.1821989,19.7066891]],[[-101.1812142,19.7061204],[-101.17901,19.7058028],[-101.1780763,19.7052366],[-101.1776122,19.7042633],[-101.1779884,19.6994187],[-101.1757699,19.6992328]],[[-101.1759002,19.6982082],[-101.1757699,19.6992328]],[[-101.1759002,19.6982082],[-101.1760926,19.696854],[-101.1736458,19.6963898]],[[-101.1738385,19.6953494],[-101.1736458,19.6963898]]]}},{"type":"Feature","id":"Nieves (Tirio - Santiago - Umecuaro)","properties":{"ref":"Nieves (Tirio - Santiago - Umecuaro)","nombre":"Nieves (Tirio - Santiago - Umecuaro)","variantes":2,"osmid":18180836,"paradas":0,"sin_nombre":false},"geometry":{"type":"MultiLineString","coordinates":[[[-101.2457272,19.4840577],[-101.2474799,19.4836675],[-101.2509723,19.4836916],[-101.2522008,19.4835089],[-101.2557688,19.4844705],[-101.2574284,19.4837763],[-101.2584761,19.4838332],[-101.261108,19.4831455],[-101.2636404,19.4812977],[-101.2662585,19.4824239],[-101.2688562,19.4840574],[-101.2693554,19.4888203],[-101.2709038,19.4932129],[-101.2716293,19.494534],[-101.2712686,19.4962179],[-101.2714007,19.4977021],[-101.2727103,19.5022399],[-101.2738422,19.5036273],[-101.2767953,19.5026008],[-101.2774298,19.5027492],[-101.2782557,19.5032607],[-101.2786098,19.5032265],[-101.2790845,19.5027512],[-101.2793487,19.5017304],[-101.2798396,19.5010762],[-101.2814637,19.5003417],[-101.2853193,19.5002456],[-101.2865008,19.4999106],[-101.2874584,19.4991622],[-101.2885997,19.498764],[-101.2917835,19.4991774],[-101.2939373,19.498209],[-101.2950329,19.498075],[-101.2957075,19.497563],[-101.298029,19.4949449],[-101.2981081,19.4945403],[-101.297801,19.4939866],[-101.2978365,19.4936389],[-101.3010907,19.4915302],[-101.3047747,19.4912217],[-101.3080886,19.4906351],[-101.3097838,19.4907084],[-101.311601,19.4900396],[-101.3125464,19.4901243],[-101.3143958,19.491032],[-101.3155505,19.4919878],[-101.3156015,19.4924872],[-101.3151153,19.4945017],[-101.3154714,19.4956996],[-101.3158576,19.4959714],[-101.3160239,19.4956579],[-101.3157731,19.4939309],[-101.3163793,19.4918386],[-101.3155961,19.4907849],[-101.3157155,19.490429],[-101.316264,19.4904619],[-101.3171437,19.4908525],[-101.3177177,19.4912267],[-101.3187638,19.4924885],[-101.3191802,19.4926958],[-101.3196234,19.4926579],[-101.3204469,19.491668],[-101.3219449,19.4907944],[-101.3229722,19.4893076],[-101.3236032,19.4878935],[-101.3245386,19.4874276],[-101.3249812,19.4864156],[-101.3271873,19.484803],[-101.3279597,19.4848877],[-101.3292566,19.4853757],[-101.3306358,19.4855118],[-101.3319475,19.4869512]],[[-101.3326148,19.4889549],[-101.3319475,19.4869512]],[[-101.3326148,19.4889549],[-101.3329324,19.4900951],[-101.3319584,19.4981134]],[[-101.3325131,19.4982063],[-101.3319584,19.4981134]],[[-101.3325131,19.4982063],[-101.3337259,19.4994102],[-101.3351414,19.5002406],[-101.3359098,19.5003632],[-101.3363014,19.5008562],[-101.3358334,19.5015793],[-101.335896,19.5026477],[-101.3371705,19.5074418],[-101.3375272,19.5078678],[-101.3366461,19.5117733],[-101.3368674,19.5124407],[-101.3375191,19.5128301],[-101.3403972,19.5125001],[-101.3411509,19.5127921],[-101.3484505,19.5202728],[-101.3490459,19.5211601],[-101.3521372,19.5378089],[-101.35216,19.5387138],[-101.3518167,19.5396428],[-101.3489936,19.5430792],[-101.3487455,19.5441168],[-101.3483707,19.5446794],[-101.3395541,19.5512173],[-101.3390453,19.5518248],[-101.3384298,19.5533097],[-101.3379624,19.5539384],[-101.3342482,19.5563086],[-101.3327906,19.5576179],[-101.291009,19.5992176],[-101.2784031,19.6254558],[-101.2775024,19.6267829],[-101.2731918,19.6314342],[-101.272672,19.632315],[-101.2717981,19.6351583],[-101.2703736,19.6372406],[-101.2691174,19.6379429],[-101.266438,19.6381165],[-101.2609676,19.6396635],[-101.2579383,19.639625],[-101.2565647,19.6400702],[-101.2506929,19.644276],[-101.2500671,19.6449244],[-101.2448113,19.6527599],[-101.2406459,19.6585539],[-101.2385312,19.6597773],[-101.2267775,19.6646543],[-101.2256955,19.6652485],[-101.2246627,19.6661769],[-101.2234215,19.6682756],[-101.2092273,19.6981392],[-101.2082464,19.6979938],[-101.2076275,19.7004683],[-101.2079236,19.7010269],[-101.2139578,19.7006501]],[[-101.2140396,19.7006956],[-101.2139578,19.7006501]],[[-101.2140396,19.7006956],[-101.2175487,19.6975784],[-101.2164536,19.6965037]],[[-101.2164536,19.6965037],[-101.2122749,19.6921465],[-101.222721,19.6700165],[-101.2245565,19.6664574],[-101.2253967,19.6655944],[-101.2263906,19.6649338],[-101.2386978,19.6598],[-101.2405147,19.6587773],[-101.2414181,19.6578133],[-101.2470877,19.6495027],[-101.2506797,19.6445981],[-101.2565526,19.6401561],[-101.257772,19.6397513],[-101.2609662,19.6397545],[-101.2664325,19.6382275],[-101.269228,19.6380154],[-101.2703903,19.6373813],[-101.272179,19.63494],[-101.272821,19.632518],[-101.2733515,19.6314326],[-101.2769557,19.6276433],[-101.278422,19.62575],[-101.2898482,19.601788],[-101.291396,19.599014],[-101.332008,19.55865],[-101.333653,19.557255],[-101.3365849,19.555969],[-101.3372603,19.5552508],[-101.3382466,19.5536336]],[[-101.3387759,19.5524703],[-101.3382466,19.5536336]],[[-101.3388425,19.5522994],[-101.3387759,19.5524703]],[[-101.3483208,19.5447169],[-101.3395541,19.5512173],[-101.3388425,19.5522994]],[[-101.3483707,19.5446794],[-101.3483208,19.5447169]],[[-101.3488307,19.544377],[-101.3483707,19.5446794]],[[-101.3488055,19.5439254],[-101.3488307,19.544377]],[[-101.348805,19.5438704],[-101.3488055,19.5439254]],[[-101.3488089,19.5437964],[-101.348805,19.5438704]],[[-101.3488213,19.5436024],[-101.3488089,19.5437964]],[[-101.3512087,19.5326532],[-101.3521372,19.5378089],[-101.352113,19.5389464],[-101.3515404,19.5400308],[-101.3489936,19.5430792],[-101.3488213,19.5436024]],[[-101.3375272,19.5078678],[-101.3366461,19.5117733],[-101.3368674,19.5124407],[-101.3375191,19.5128301],[-101.3400967,19.5125128],[-101.3409872,19.5126758],[-101.3489105,19.5208846],[-101.3492042,19.5217428],[-101.3512087,19.5326532]],[[-101.3375661,19.5077496],[-101.3375272,19.5078678]],[[-101.3375661,19.5077496],[-101.3372053,19.5072339],[-101.3358343,19.5018554]],[[-101.3363014,19.5008562],[-101.3359514,19.5012715],[-101.3358343,19.5018554]],[[-101.3325131,19.4982063],[-101.3337259,19.4994102],[-101.3351414,19.5002406],[-101.3359098,19.5003632],[-101.3363014,19.5008562]],[[-101.3325131,19.4982063],[-101.3326666,19.4964319],[-101.333004,19.4964417],[-101.3336033,19.4923185],[-101.3329324,19.4900951]],[[-101.3326148,19.4889549],[-101.3329324,19.4900951]],[[-101.3326148,19.4889549],[-101.3319475,19.4869512]],[[-101.3306358,19.4855118],[-101.3319475,19.4869512]],[[-101.3183078,19.4918778],[-101.3188912,19.4925807],[-101.3194994,19.4926933],[-101.3198823,19.4924922],[-101.3204469,19.491668],[-101.3216686,19.4910485],[-101.3229722,19.4893076],[-101.3236032,19.4878935],[-101.3245386,19.4874276],[-101.3249812,19.4864156],[-101.3255451,19.4861488],[-101.3269499,19.4848839],[-101.3277666,19.4848422],[-101.3292566,19.4853757],[-101.3306358,19.4855118]],[[-101.2738422,19.5036273],[-101.2767953,19.5026008],[-101.2774298,19.5027492],[-101.2782557,19.5032607],[-101.2786098,19.5032265],[-101.2790845,19.5027512],[-101.2793487,19.5017304],[-101.2798396,19.5010762],[-101.2814637,19.5003417],[-101.2853193,19.5002456],[-101.2865008,19.4999106],[-101.2874584,19.4991622],[-101.2885997,19.498764],[-101.2917835,19.4991774],[-101.2939373,19.498209],[-101.2950329,19.498075],[-101.2957075,19.497563],[-101.298029,19.4949449],[-101.2981081,19.4945403],[-101.297801,19.4939866],[-101.2978365,19.4936389],[-101.3009472,19.4915668],[-101.3047747,19.4912217],[-101.3080886,19.4906351],[-101.3097838,19.4907084],[-101.311601,19.4900396],[-101.3125464,19.4901243],[-101.3143958,19.491032],[-101.3155505,19.4919878],[-101.3156015,19.4924872],[-101.3151086,19.4943955],[-101.3154714,19.4956996],[-101.3157785,19.4959777],[-101.3160239,19.4956579],[-101.3157731,19.4939309],[-101.3163793,19.4918386],[-101.3155961,19.4907849],[-101.3156383,19.4904903],[-101.3160776,19.4904113],[-101.3171437,19.4908525],[-101.3183078,19.4918778]],[[-101.2691188,19.4858991],[-101.2693554,19.4888203],[-101.2709038,19.4932129],[-101.2716293,19.494534],[-101.2712686,19.4962179],[-101.2714007,19.4977021],[-101.2727103,19.5022399],[-101.2738422,19.5036273]],[[-101.2457272,19.4840577],[-101.2474799,19.4836675],[-101.2509723,19.4836916],[-101.2522008,19.4835089],[-101.2557688,19.4844705],[-101.2574284,19.4837763],[-101.2584761,19.4838332],[-101.261108,19.4831455],[-101.2636404,19.4812977],[-101.2662585,19.4824239],[-101.2688562,19.4840574],[-101.2691188,19.4858991]]]}},{"type":"Feature","id":"Nueva Esperanza","properties":{"ref":"Nueva Esperanza","nombre":"Nueva Esperanza","variantes":2,"osmid":17945503,"paradas":0,"sin_nombre":false},"geometry":{"type":"MultiLineString","coordinates":[[[-101.2610459,19.6877648],[-101.2597395,19.6880871],[-101.2576228,19.6893869]],[[-101.2576147,19.6892142],[-101.2576228,19.6893869]],[[-101.2576147,19.6892142],[-101.2553241,19.6906147],[-101.2545062,19.6906435],[-101.253664,19.6912181],[-101.2526098,19.6911399],[-101.2526322,19.6899931],[-101.2515558,19.6899313],[-101.2511587,19.68964],[-101.2505631,19.6896394],[-101.250123,19.6985155],[-101.2434486,19.6999346],[-101.2418238,19.7004898],[-101.2242907,19.7047533],[-101.2196633,19.7053618],[-101.2125891,19.7017717],[-101.2075193,19.7021489],[-101.2076201,19.7015263],[-101.207013,19.7013209],[-101.205907,19.702244],[-101.2040947,19.7024309],[-101.2024302,19.7021744],[-101.1968617,19.7019331],[-101.1897752,19.7018098],[-101.1897674,19.7020364],[-101.1878576,19.7019465],[-101.1878415,19.7012998],[-101.1897863,19.7013573]],[[-101.1897863,19.7013573],[-101.1897247,19.7037997],[-101.1950253,19.7039012],[-101.1950691,19.702965]],[[-101.1968579,19.703001],[-101.1950691,19.702965]],[[-101.2001421,19.7030345],[-101.1968579,19.703001]],[[-101.2016882,19.7028391],[-101.2001421,19.7030345]],[[-101.2033319,19.7025896],[-101.2016882,19.7028391]],[[-101.2033319,19.7025896],[-101.2124116,19.7019589],[-101.2157623,19.7037409],[-101.2161295,19.7037738],[-101.21551,19.7058167],[-101.2152277,19.7076131],[-101.2156251,19.7092827],[-101.2156491,19.710401],[-101.2161117,19.7114114],[-101.2160519,19.7121992]],[[-101.2161277,19.7122095],[-101.2160519,19.7121992]],[[-101.2161277,19.7122095],[-101.2166926,19.7120737],[-101.2171347,19.7113781],[-101.2184918,19.7105439]],[[-101.2184346,19.7104824],[-101.2184918,19.7105439]],[[-101.2184346,19.7104824],[-101.2260899,19.7089549]],[[-101.2262403,19.7089181],[-101.2260899,19.7089549]],[[-101.2262403,19.7089181],[-101.2251095,19.7046781],[-101.2434737,19.700495],[-101.2441665,19.700185],[-101.2501455,19.6987428],[-101.250123,19.6985155]],[[-101.2502301,19.6977784],[-101.250123,19.6985155]],[[-101.2504373,19.6925707],[-101.2502301,19.6977784]],[[-101.2505646,19.6896979],[-101.2504373,19.6925707]],[[-101.2505646,19.6896979],[-101.2512406,19.6896998]],[[-101.2526322,19.6899931],[-101.2515558,19.6899313],[-101.2512406,19.6896998]],[[-101.2526098,19.6911399],[-101.2526322,19.6899931]],[[-101.2534149,19.6912133],[-101.2526098,19.6911399]],[[-101.2537806,19.691203],[-101.2534149,19.6912133]],[[-101.2543158,19.6907879],[-101.2537806,19.691203]],[[-101.2543158,19.6907879],[-101.2553959,19.6908608],[-101.2576228,19.6893869]],[[-101.2576147,19.6892142],[-101.2576228,19.6893869]],[[-101.257565,19.6883821],[-101.2576147,19.6892142]],[[-101.2575048,19.6872066],[-101.257565,19.6883821]],[[-101.2579004,19.686776],[-101.2575048,19.6872066]],[[-101.2579004,19.686776],[-101.2575048,19.6872066],[-101.2576228,19.6893869]],[[-101.2597395,19.6880871],[-101.2576228,19.6893869]]]}},{"type":"Feature","id":"Ojo de Agua","properties":{"ref":"Ojo de Agua","nombre":"Ojo de Agua","variantes":1,"osmid":18180805,"paradas":0,"sin_nombre":false},"geometry":{"type":"MultiLineString","coordinates":[[[-101.2163316,19.6963888],[-101.2121832,19.6921733],[-101.2245565,19.6664574],[-101.2253967,19.6655944],[-101.2263906,19.6649338],[-101.2386978,19.6598],[-101.2405147,19.6587773],[-101.2414181,19.6578133],[-101.2470877,19.6495027],[-101.2506797,19.6445981],[-101.2565526,19.6401561],[-101.257772,19.6397513],[-101.2609662,19.6397545],[-101.2664325,19.6382275],[-101.269228,19.6380154],[-101.2703903,19.6373813],[-101.272179,19.63494],[-101.272821,19.632518],[-101.2733515,19.6314326],[-101.2769557,19.6276433],[-101.278422,19.62575],[-101.2907133,19.6000394],[-101.29026,19.5985701],[-101.2916198,19.5966623],[-101.2889202,19.5948897],[-101.2882223,19.5948062],[-101.2879114,19.5945593],[-101.2878527,19.5934683],[-101.2859644,19.5931373],[-101.2817969,19.5947754],[-101.2768771,19.595083],[-101.2737188,19.594488],[-101.2736893,19.5848754],[-101.271225,19.5792956],[-101.2696837,19.5783603],[-101.2704974,19.5777124],[-101.2711063,19.5769239],[-101.272379,19.5735931],[-101.2749365,19.5657724],[-101.275667,19.5611214],[-101.2762709,19.5594723],[-101.2756594,19.5575091],[-101.2750746,19.5563326],[-101.274168,19.556536],[-101.2730388,19.5579944],[-101.2721175,19.5579786],[-101.2711693,19.5572981],[-101.2700415,19.5557652],[-101.2665573,19.5539934],[-101.2648809,19.5520181],[-101.2638523,19.5511764],[-101.2626855,19.5493149],[-101.2620606,19.5493136],[-101.2611727,19.550475],[-101.2608033,19.5506482],[-101.2604043,19.5500024],[-101.2592469,19.5489926],[-101.2600677,19.547131],[-101.2600489,19.546647],[-101.2594789,19.5460366],[-101.2583135,19.545507],[-101.2575591,19.54401],[-101.257706,19.5432473],[-101.2585267,19.5416195],[-101.2581673,19.539802],[-101.2583846,19.5379113],[-101.258111,19.5366941],[-101.2584744,19.5349815],[-101.2584463,19.5335559],[-101.2574793,19.5311098],[-101.2558204,19.5290575],[-101.2552149,19.5279705],[-101.255241,19.52906],[-101.2549567,19.5295473],[-101.2539744,19.5305287],[-101.2531301,19.5307986],[-101.2514551,19.530317],[-101.250236,19.5295542],[-101.2478683,19.5286613],[-101.2456884,19.5283585],[-101.2406438,19.5287181],[-101.2365004,19.5278782],[-101.2347181,19.5280906],[-101.231871,19.527652],[-101.2291002,19.5277341],[-101.2279784,19.5275875],[-101.2268686,19.5269783],[-101.2234032,19.526182],[-101.2221587,19.5245565],[-101.2214546,19.5231358],[-101.2211173,19.5215833],[-101.2205829,19.5207645],[-101.2202878,19.5184501],[-101.2189199,19.5161027],[-101.2170585,19.5139349],[-101.2158448,19.513452],[-101.2137379,19.5130487]],[[-101.2167087,19.5059129],[-101.2166099,19.5064362],[-101.2154491,19.5085707],[-101.2153452,19.5101495],[-101.2136534,19.5123838],[-101.2137379,19.5130487]],[[-101.2100807,19.5027209],[-101.2139833,19.5051733],[-101.216571,19.5057119],[-101.2167087,19.5059129]],[[-101.2100807,19.5027209],[-101.2066823,19.4994492],[-101.2048678,19.498046],[-101.2033993,19.4973658],[-101.2008297,19.4972179],[-101.2003858,19.4975453]]]}},{"type":"Feature","id":"Oro Verde Encinos","properties":{"ref":"Oro Verde Encinos","nombre":"Oro Verde Encinos","variantes":1,"osmid":18178724,"paradas":0,"sin_nombre":false},"geometry":{"type":"MultiLineString","coordinates":[[[-101.1699584,19.6505729],[-101.1716516,19.6525907],[-101.1738803,19.6542755],[-101.1763139,19.6578382]],[[-101.1768535,19.6587617],[-101.1763139,19.6578382]],[[-101.1768535,19.6587617],[-101.1796081,19.6589939],[-101.1790575,19.6645426]],[[-101.1800374,19.6646124],[-101.1790575,19.6645426]],[[-101.1800374,19.6646124],[-101.179777,19.6673748],[-101.181748,19.6675033],[-101.1831436,19.6673262],[-101.184399,19.6687916],[-101.1861758,19.6684651],[-101.1869514,19.6681397],[-101.1881134,19.6683608],[-101.188766,19.6681098],[-101.189421,19.6682547],[-101.1897241,19.6690808],[-101.1904722,19.6701821],[-101.1904377,19.6727388],[-101.1950255,19.6724916],[-101.1958665,19.6726269],[-101.1955496,19.6712132],[-101.1963675,19.6709884],[-101.1981827,19.6709425],[-101.1977286,19.6741462],[-101.1972325,19.6752347],[-101.1966815,19.675857],[-101.1966655,19.6776997],[-101.2014134,19.677846],[-101.2022154,19.6769578],[-101.2012341,19.6801132],[-101.2007042,19.6807068],[-101.1984863,19.6811302],[-101.1970075,19.680954],[-101.195744,19.6814293],[-101.1954748,19.6821991],[-101.1956986,19.6824169],[-101.1959499,19.6822632],[-101.1961093,19.681604],[-101.1969686,19.6810611],[-101.1976706,19.681101],[-101.1982926,19.6815425],[-101.1984492,19.6821945],[-101.1977716,19.6838531]],[[-101.1977293,19.6839411],[-101.1971912,19.6851289],[-101.1970021,19.6924139],[-101.1952547,19.6919534],[-101.1952295,19.6937034],[-101.1894523,19.6935332],[-101.1893666,19.6959538]],[[-101.1889708,19.6959309],[-101.1893666,19.6959538]],[[-101.1877626,19.6957796],[-101.1889708,19.6959309]],[[-101.1870661,19.6955766],[-101.1877626,19.6957796]],[[-101.1870661,19.6955766],[-101.1870397,19.6969804],[-101.1835846,19.6965182],[-101.1838152,19.6998658],[-101.1822392,19.6997534],[-101.1825108,19.6963673],[-101.1806084,19.6962021],[-101.1808149,19.6950294],[-101.1790319,19.6947501],[-101.178676,19.6965845],[-101.1762419,19.6961177]],[[-101.1760926,19.696854],[-101.1762419,19.6961177]],[[-101.1758215,19.6980567],[-101.1760926,19.696854]],[[-101.1758215,19.6980567],[-101.1753308,19.7040793]],[[-101.1762357,19.7041523],[-101.1753308,19.7040793]],[[-101.1761448,19.705008],[-101.1762357,19.7041523]],[[-101.1760847,19.7056031],[-101.1761448,19.705008]],[[-101.1760847,19.7056031],[-101.175194,19.7132475],[-101.1758977,19.7145497],[-101.1743567,19.7163302]],[[-101.1747219,19.7166223],[-101.1743567,19.7163302]],[[-101.1750079,19.7168647],[-101.1747219,19.7166223]],[[-101.1750079,19.7168647],[-101.1748874,19.7170069],[-101.1720951,19.7148898]],[[-101.1723814,19.7154571],[-101.1788438,19.7201719],[-101.1801217,19.7202021],[-101.1824629,19.7191816],[-101.1833455,19.7192504],[-101.184075,19.7195613]],[[-101.1831144,19.7235389],[-101.1829327,19.7225252],[-101.1830151,19.7217682],[-101.184075,19.7195613]],[[-101.1831144,19.7235389],[-101.1795993,19.7207913]],[[-101.1787378,19.7214388],[-101.1795993,19.7207913]],[[-101.1787378,19.7214388],[-101.1784314,19.7220345],[-101.1773712,19.7215652]],[[-101.1751746,19.7238202],[-101.176977,19.7222999],[-101.1773712,19.7215652]],[[-101.1751746,19.7238202],[-101.1735919,19.7249939],[-101.1727591,19.7260945],[-101.1728731,19.7271953],[-101.1739208,19.7297399],[-101.1739917,19.7305082]],[[-101.1737891,19.7304158],[-101.1739917,19.7305082]],[[-101.1737891,19.7304158],[-101.1722839,19.7298371],[-101.1704386,19.7340734],[-101.1693995,19.7337208]],[[-101.1692347,19.7333537],[-101.1693995,19.7337208]],[[-101.1692347,19.7333537],[-101.1668233,19.7330485],[-101.1662868,19.7341732],[-101.1662737,19.735227],[-101.1649533,19.7352025]],[[-101.1649143,19.7367553],[-101.1649533,19.7352025]]]}},{"type":"Feature","id":"Oro Verde Soledad","properties":{"ref":"Oro Verde Soledad","nombre":"Oro Verde Soledad","variantes":1,"osmid":18096887,"paradas":0,"sin_nombre":false},"geometry":{"type":"MultiLineString","coordinates":[[[-101.1818726,19.7333515],[-101.1819417,19.7323838]],[[-101.1818726,19.7333515],[-101.1797388,19.733409],[-101.1795219,19.7346447]],[[-101.1739917,19.7305082],[-101.1740985,19.7313479],[-101.1753938,19.7327546],[-101.1761987,19.7341665],[-101.1773117,19.7346794],[-101.1795219,19.7346447]],[[-101.1733603,19.7283599],[-101.1739208,19.7297399],[-101.1739917,19.7305082]],[[-101.1731685,19.7278703],[-101.1733603,19.7283599]],[[-101.1751746,19.7238202],[-101.1735919,19.7249939],[-101.1727981,19.725994],[-101.1728731,19.7271953],[-101.1731685,19.7278703]],[[-101.1751746,19.7238202],[-101.176977,19.7222999],[-101.1773712,19.7215652]],[[-101.1784314,19.7220345],[-101.1773712,19.7215652]],[[-101.1787378,19.7214388],[-101.1784314,19.7220345]],[[-101.1791831,19.7205525],[-101.1787378,19.7214388]],[[-101.1791831,19.7205525],[-101.1831144,19.7235389],[-101.1829327,19.7225252],[-101.1830151,19.7217682],[-101.184075,19.7195613],[-101.1882056,19.7215003],[-101.1883544,19.721156],[-101.185074,19.7196146],[-101.1829569,19.7189401],[-101.181689,19.7191259],[-101.1800813,19.7199548],[-101.1789727,19.7199499],[-101.1750309,19.7171199],[-101.1751539,19.7169778],[-101.1750079,19.7168647]],[[-101.1747219,19.7166223],[-101.1743567,19.7163302]],[[-101.1758977,19.7145497],[-101.1743567,19.7163302]],[[-101.1758977,19.7145497],[-101.1764322,19.7071499],[-101.1759407,19.707083]],[[-101.1760847,19.7056031],[-101.1759407,19.707083]],[[-101.1760847,19.7056031],[-101.1761448,19.705008]],[[-101.1762357,19.7041523],[-101.1753308,19.7040793]],[[-101.1754743,19.7023192],[-101.1753308,19.7040793]],[[-101.1757699,19.6992328],[-101.1754743,19.7023192]],[[-101.1759002,19.6982082],[-101.1757699,19.6992328]],[[-101.1759002,19.6982082],[-101.1763501,19.6955487],[-101.1788064,19.6959616],[-101.1787619,19.6961692],[-101.1823824,19.6967468],[-101.1816481,19.7005294],[-101.1845676,19.7006847],[-101.1845087,19.6999162],[-101.186173,19.6999872],[-101.1858,19.6991104],[-101.185716,19.6983603],[-101.1909784,19.6983737],[-101.1924235,19.6981903],[-101.1926597,19.691566],[-101.1955241,19.6922907],[-101.1955406,19.6917526],[-101.1970213,19.6917665]],[[-101.1971912,19.6851289],[-101.1970213,19.6917665]],[[-101.1977293,19.6839411],[-101.1971912,19.6851289]],[[-101.1977716,19.6838531],[-101.1977293,19.6839411]],[[-101.1977716,19.6838531],[-101.1960448,19.6824238],[-101.1961093,19.681604],[-101.1969686,19.6810611],[-101.1988893,19.6812238],[-101.2002102,19.6809903],[-101.20087,19.6806746],[-101.2013769,19.6799338],[-101.2023075,19.6769782]],[[-101.2022154,19.6769578],[-101.2023075,19.6769782]],[[-101.2013168,19.6778573],[-101.2016331,19.6777171],[-101.2022154,19.6769578]],[[-101.1974953,19.6777278],[-101.2013168,19.6778573]],[[-101.1974953,19.6777278],[-101.1974574,19.6758257],[-101.1968814,19.6757697],[-101.1976434,19.6747118],[-101.1979787,19.6730171]],[[-101.1978633,19.6730032],[-101.1979787,19.6730171]],[[-101.1981827,19.6709425],[-101.1978633,19.6730032]],[[-101.1955496,19.6712132],[-101.1963675,19.6709884],[-101.1981827,19.6709425]],[[-101.1958665,19.6726269],[-101.1955496,19.6712132]],[[-101.1917532,19.6726987],[-101.1950255,19.6724916],[-101.1958665,19.6726269]],[[-101.1917532,19.6726987],[-101.1917384,19.6720408],[-101.1904344,19.6721124]],[[-101.1902883,19.6698712],[-101.1904912,19.6703937],[-101.1904344,19.6721124]],[[-101.1888485,19.6681274],[-101.189518,19.6683353],[-101.1897241,19.6690808],[-101.1902883,19.6698712]],[[-101.188766,19.6681098],[-101.1888485,19.6681274]],[[-101.1887229,19.6681236],[-101.188766,19.6681098]],[[-101.1841019,19.6684919],[-101.1845667,19.6688017],[-101.1869514,19.6681397],[-101.1881134,19.6683608],[-101.1887229,19.6681236]],[[-101.1849177,19.6674123],[-101.1840626,19.6678449],[-101.1841019,19.6684919]],[[-101.1906053,19.66547],[-101.187805,19.6662935],[-101.1871491,19.6667064],[-101.1849177,19.6674123]],[[-101.191366,19.6645989],[-101.1906053,19.66547]],[[-101.1918888,19.6637178],[-101.191366,19.6645989]],[[-101.1916395,19.6635956],[-101.1918888,19.6637178]],[[-101.1916395,19.6635956],[-101.1928514,19.6636598]]]}},{"type":"Feature","id":"Oro Verde Trincheras","properties":{"ref":"Oro Verde Trincheras","nombre":"Oro Verde Trincheras","variantes":2,"osmid":18097015,"paradas":0,"sin_nombre":false},"geometry":{"type":"MultiLineString","coordinates":[[[-101.1649143,19.7367553],[-101.1649533,19.7352025]],[[-101.1654232,19.7352128],[-101.1649533,19.7352025]],[[-101.1662737,19.735227],[-101.1654232,19.7352128]],[[-101.1663646,19.7340622],[-101.1662737,19.735227]],[[-101.1666999,19.733104],[-101.1663646,19.7340622]],[[-101.1676475,19.7331205],[-101.1666999,19.733104]],[[-101.1692347,19.7333537],[-101.1676475,19.7331205]],[[-101.1692347,19.7333537],[-101.1693995,19.7337208]],[[-101.1704386,19.7340734],[-101.1693995,19.7337208]],[[-101.1711053,19.7324681],[-101.1704386,19.7340734]],[[-101.1714249,19.731773],[-101.1711053,19.7324681]],[[-101.1714785,19.7316544],[-101.1714249,19.731773]],[[-101.1717467,19.7310434],[-101.1714785,19.7316544]],[[-101.1718228,19.7308647],[-101.1717467,19.7310434]],[[-101.1722839,19.7298371],[-101.1718228,19.7308647]],[[-101.1722839,19.7298371],[-101.1739917,19.7305082]],[[-101.1733603,19.7283599],[-101.1739208,19.7297399],[-101.1739917,19.7305082]],[[-101.1731685,19.7278703],[-101.1733603,19.7283599]],[[-101.1751746,19.7238202],[-101.1735919,19.7249939],[-101.1727981,19.725994],[-101.1728731,19.7271953],[-101.1731685,19.7278703]],[[-101.1751746,19.7238202],[-101.176977,19.7222999],[-101.1773712,19.7215652]],[[-101.1784314,19.7220345],[-101.1773712,19.7215652]],[[-101.1787378,19.7214388],[-101.1784314,19.7220345]],[[-101.1791831,19.7205525],[-101.1787378,19.7214388]],[[-101.1791831,19.7205525],[-101.1831144,19.7235389],[-101.1829327,19.7225252],[-101.1830151,19.7217682],[-101.184075,19.7195613],[-101.1882056,19.7215003],[-101.1883544,19.721156],[-101.185074,19.7196146],[-101.1829569,19.7189401],[-101.181689,19.7191259],[-101.1800813,19.7199548],[-101.1789727,19.7199499],[-101.1750309,19.7171199],[-101.1751539,19.7169778],[-101.1743567,19.7163302]],[[-101.1758977,19.7145497],[-101.1743567,19.7163302]],[[-101.1758977,19.7145497],[-101.1764322,19.7071499],[-101.1759407,19.707083]],[[-101.1760847,19.7056031],[-101.1759407,19.707083]],[[-101.1760847,19.7056031],[-101.1762357,19.7041523],[-101.1753308,19.7040793]],[[-101.1754743,19.7023192],[-101.1753308,19.7040793]],[[-101.1757699,19.6992328],[-101.1754743,19.7023192]],[[-101.1759002,19.6982082],[-101.1757699,19.6992328]],[[-101.1759002,19.6982082],[-101.1763501,19.6955487],[-101.1788064,19.6959616],[-101.1787619,19.6961692],[-101.1823824,19.6967468],[-101.1820879,19.6982545],[-101.1909784,19.6983737],[-101.1924235,19.6981903],[-101.1926597,19.691566],[-101.1955241,19.6922907],[-101.1955406,19.6917526],[-101.1970213,19.6917665]],[[-101.1971912,19.6851289],[-101.1970213,19.6917665]],[[-101.1971912,19.6851289],[-101.1956587,19.6880665]],[[-101.1956363,19.6880659],[-101.1956587,19.6880665]],[[-101.1956363,19.6880659],[-101.1957578,19.6826683],[-101.1961093,19.681604],[-101.1969686,19.6810611],[-101.1988893,19.6812238],[-101.2002102,19.6809903],[-101.20087,19.6806746],[-101.2013769,19.6799338],[-101.2023075,19.6769782]],[[-101.2022154,19.6769578],[-101.2023075,19.6769782]],[[-101.2013168,19.6778573],[-101.2016331,19.6777171],[-101.2022154,19.6769578]],[[-101.1974953,19.6777278],[-101.2013168,19.6778573]],[[-101.1974953,19.6777278],[-101.1974574,19.6758257],[-101.1968814,19.6757697],[-101.1976434,19.6747118],[-101.1979787,19.6730171]],[[-101.1978633,19.6730032],[-101.1979787,19.6730171]],[[-101.1981827,19.6709425],[-101.1978633,19.6730032]],[[-101.1955496,19.6712132],[-101.1963675,19.6709884],[-101.1981827,19.6709425]],[[-101.1958665,19.6726269],[-101.1955496,19.6712132]],[[-101.1917532,19.6726987],[-101.1950255,19.6724916],[-101.1958665,19.6726269]],[[-101.1917532,19.6726987],[-101.1917384,19.6720408],[-101.1904344,19.6721124]],[[-101.1902883,19.6698712],[-101.1904912,19.6703937],[-101.1904344,19.6721124]],[[-101.1888485,19.6681274],[-101.189518,19.6683353],[-101.1897241,19.6690808],[-101.1902883,19.6698712]],[[-101.188766,19.6681098],[-101.1888485,19.6681274]],[[-101.1887229,19.6681236],[-101.188766,19.6681098]],[[-101.1841019,19.6684919],[-101.1845667,19.6688017],[-101.1869514,19.6681397],[-101.1881134,19.6683608],[-101.1887229,19.6681236]],[[-101.1849177,19.6674123],[-101.1840626,19.6678449],[-101.1841019,19.6684919]],[[-101.1906053,19.66547],[-101.187805,19.6662935],[-101.1871491,19.6667064],[-101.1849177,19.6674123]],[[-101.191366,19.6645989],[-101.1906053,19.66547]],[[-101.1918888,19.6637178],[-101.191366,19.6645989]],[[-101.1916395,19.6635956],[-101.1918888,19.6637178]],[[-101.1916504,19.6634873],[-101.1932125,19.6637147],[-101.1930676,19.6648205],[-101.1939408,19.6651939]],[[-101.1934355,19.6658601],[-101.1939408,19.6651939]],[[-101.1930816,19.6656248],[-101.1934355,19.6658601]],[[-101.1936107,19.6649486],[-101.1930816,19.6656248]],[[-101.1930676,19.6648205],[-101.1936107,19.6649486]],[[-101.191366,19.6645989],[-101.1930676,19.6648205]],[[-101.191366,19.6645989],[-101.1906053,19.66547],[-101.1874135,19.6664274],[-101.1871491,19.6667064],[-101.1852717,19.6672338],[-101.1841483,19.6677632],[-101.1841019,19.6684919],[-101.1845667,19.6688017],[-101.1869514,19.6681397],[-101.1881134,19.6683608],[-101.188766,19.6681098],[-101.189421,19.6682547],[-101.1897241,19.6690808],[-101.1904722,19.6701821],[-101.1904377,19.6727388],[-101.1950255,19.6724916],[-101.1958665,19.6726269],[-101.1955496,19.6712132],[-101.1963675,19.6709884],[-101.1981827,19.6709425],[-101.1977286,19.6741462],[-101.1972325,19.6752347],[-101.1966815,19.675857],[-101.1966655,19.6776997],[-101.2014134,19.677846],[-101.2022154,19.6769578],[-101.2012341,19.6801132],[-101.2007042,19.6807068],[-101.1984863,19.6811302],[-101.1970075,19.680954],[-101.195744,19.6814293],[-101.1954748,19.6821991],[-101.1956986,19.6824169],[-101.1959499,19.6822632],[-101.1961093,19.681604],[-101.1969686,19.6810611],[-101.1976706,19.681101],[-101.1982926,19.6815425],[-101.1984492,19.6821945],[-101.1977716,19.6838531]],[[-101.1977293,19.6839411],[-101.1971912,19.6851289],[-101.1970021,19.6924139],[-101.1952547,19.6919534],[-101.1952295,19.6937034],[-101.1894523,19.6935332],[-101.1893666,19.6959538]],[[-101.1889708,19.6959309],[-101.1893666,19.6959538]],[[-101.1877626,19.6957796],[-101.1889708,19.6959309]],[[-101.1870661,19.6955766],[-101.1877626,19.6957796]],[[-101.1870661,19.6955766],[-101.1870397,19.6969804],[-101.1835846,19.6965182],[-101.1838152,19.6998658],[-101.1822392,19.6997534],[-101.1825108,19.6963673],[-101.1806084,19.6962021],[-101.1808149,19.6950294],[-101.1790319,19.6947501],[-101.178676,19.6965845],[-101.1762419,19.6961177]],[[-101.1760926,19.696854],[-101.1762419,19.6961177]],[[-101.1758215,19.6980567],[-101.1760926,19.696854]],[[-101.1758215,19.6980567],[-101.1753308,19.7040793]],[[-101.1762357,19.7041523],[-101.1753308,19.7040793]],[[-101.1761448,19.705008],[-101.1762357,19.7041523]],[[-101.1760847,19.7056031],[-101.1761448,19.705008]],[[-101.1760847,19.7056031],[-101.175194,19.7132475],[-101.1758977,19.7145497],[-101.1743567,19.7163302]],[[-101.1747219,19.7166223],[-101.1743567,19.7163302]],[[-101.1750079,19.7168647],[-101.1747219,19.7166223]],[[-101.1750079,19.7168647],[-101.1748874,19.7170069],[-101.1720951,19.7148898]],[[-101.1723814,19.7154571],[-101.1788438,19.7201719],[-101.1801217,19.7202021],[-101.1824629,19.7191816],[-101.1833455,19.7192504],[-101.184075,19.7195613]],[[-101.1831144,19.7235389],[-101.1829327,19.7225252],[-101.1830151,19.7217682],[-101.184075,19.7195613]],[[-101.1831144,19.7235389],[-101.1795993,19.7207913]],[[-101.1787378,19.7214388],[-101.1795993,19.7207913]],[[-101.1787378,19.7214388],[-101.1784314,19.7220345],[-101.1773712,19.7215652]],[[-101.1751746,19.7238202],[-101.176977,19.7222999],[-101.1773712,19.7215652]],[[-101.1751746,19.7238202],[-101.1735919,19.7249939],[-101.1727591,19.7260945],[-101.1728731,19.7271953],[-101.1739208,19.7297399],[-101.1739917,19.7305082]],[[-101.1737891,19.7304158],[-101.1739917,19.7305082]],[[-101.1737891,19.7304158],[-101.1722839,19.7298371],[-101.1711053,19.7324681],[-101.1677785,19.7325452],[-101.1676475,19.7331205],[-101.1666999,19.733104],[-101.1662868,19.7341732],[-101.1662737,19.735227],[-101.1649533,19.7352025]],[[-101.1649143,19.7367553],[-101.1649533,19.7352025]]]}},{"type":"Feature","id":"Paloma Azul Arquito","properties":{"ref":"Paloma Azul Arquito","nombre":"Paloma Azul Arquito","variantes":2,"osmid":17992062,"paradas":0,"sin_nombre":false},"geometry":{"type":"MultiLineString","coordinates":[[[-101.1899216,19.6959258],[-101.1943004,19.6961633],[-101.1942757,19.6966456],[-101.2013987,19.6986417]],[[-101.2034108,19.7015618],[-101.2013987,19.6986417]],[[-101.203891,19.7021446],[-101.2034108,19.7015618]],[[-101.203891,19.7021446],[-101.2041507,19.7025095],[-101.2066408,19.7023104],[-101.2074175,19.7020528],[-101.2193652,19.6773525],[-101.2236437,19.6681265],[-101.2246318,19.6665183],[-101.2257156,19.6654883],[-101.2254112,19.6650034],[-101.2253481,19.6644048],[-101.2283209,19.6581953],[-101.228764,19.6564203],[-101.230326,19.6547453],[-101.230958,19.6531558],[-101.2311199,19.6518689],[-101.2301658,19.6458642],[-101.228995,19.6434035],[-101.2285772,19.641375],[-101.2287069,19.6408547],[-101.2307362,19.6390374],[-101.2340454,19.6426785]],[[-101.2347262,19.6418718],[-101.2340454,19.6426785]],[[-101.2348913,19.6416996],[-101.2347262,19.6418718]],[[-101.2348913,19.6416996],[-101.2354586,19.6432573]],[[-101.2355543,19.643227],[-101.2354586,19.6432573]],[[-101.2371903,19.642696],[-101.2355543,19.643227]],[[-101.237931,19.6424498],[-101.2371903,19.642696]],[[-101.2381082,19.643097],[-101.237931,19.6424498]],[[-101.2391305,19.6430574],[-101.2381082,19.643097]],[[-101.2391089,19.6425623],[-101.2391305,19.6430574]],[[-101.2394742,19.6420934],[-101.2391089,19.6425623]],[[-101.2394742,19.6420934],[-101.2403687,19.6421628],[-101.2405076,19.6385356]],[[-101.2403687,19.6421628],[-101.2405076,19.6385356]],[[-101.2394742,19.6420934],[-101.2403687,19.6421628]],[[-101.2394742,19.6420934],[-101.2391089,19.6425623],[-101.2391305,19.6430574],[-101.2381082,19.643097],[-101.237931,19.6424498],[-101.2355543,19.643227],[-101.2349745,19.6416151],[-101.2340454,19.6426785]],[[-101.2336502,19.6422249],[-101.2340454,19.6426785]],[[-101.2307362,19.6390374],[-101.2336502,19.6422249]],[[-101.2305416,19.6542097],[-101.2311128,19.6524876],[-101.2309797,19.6508516],[-101.2301658,19.6458642],[-101.228995,19.6434035],[-101.2285772,19.641375],[-101.229016,19.6404368],[-101.2307362,19.6390374]],[[-101.2304371,19.654442],[-101.2305416,19.6542097]],[[-101.2283209,19.6581953],[-101.228842,19.65626],[-101.2302376,19.6549059],[-101.2304371,19.654442]],[[-101.2253481,19.6644048],[-101.2283209,19.6581953]],[[-101.2253481,19.6644048],[-101.2251698,19.6655717],[-101.2240164,19.6669684],[-101.2090498,19.6985027]],[[-101.20809,19.7004708],[-101.2072159,19.7013236],[-101.207013,19.7013209]],[[-101.2069133,19.7014106],[-101.205907,19.702244],[-101.2040873,19.7022463],[-101.2034108,19.7015618],[-101.2013987,19.6986417]],[[-101.1973714,19.6976316],[-101.2013987,19.6986417]],[[-101.1968819,19.6973484],[-101.1973714,19.6976316]],[[-101.1962107,19.69708],[-101.1968819,19.6973484]],[[-101.1952683,19.6968507],[-101.1962107,19.69708]],[[-101.1952683,19.6968507],[-101.1951188,19.6962549],[-101.1943004,19.6961633]],[[-101.1925813,19.6960189],[-101.1943004,19.6961633]],[[-101.1916736,19.6959116],[-101.1925813,19.6960189]],[[-101.1899216,19.6959258],[-101.1916736,19.6959116]],[[-101.1893666,19.6959538],[-101.1899216,19.6959258]],[[-101.1889708,19.6959309],[-101.1893666,19.6959538]],[[-101.1889708,19.6959309],[-101.1890126,19.6934901]],[[-101.1894523,19.6935332],[-101.1890126,19.6934901]],[[-101.1899263,19.6935624],[-101.1894523,19.6935332]],[[-101.1899263,19.6935624],[-101.1899216,19.6959258]]]}},{"type":"Feature","id":"Panteon","properties":{"ref":"Panteon","nombre":"Panteon","variantes":2,"osmid":18097060,"paradas":0,"sin_nombre":false},"geometry":{"type":"MultiLineString","coordinates":[[[-101.166586,19.7220005],[-101.1654219,19.7222077],[-101.1651242,19.7205526]],[[-101.1661971,19.7203658],[-101.1651242,19.7205526]],[[-101.1668618,19.7202716],[-101.1661971,19.7203658]],[[-101.1666161,19.7191779],[-101.1668618,19.7202716]],[[-101.1655595,19.714172],[-101.1666161,19.7191779]],[[-101.1649097,19.7116051],[-101.1652904,19.7125054],[-101.1655595,19.714172]],[[-101.1645689,19.7108668],[-101.1649097,19.7116051]],[[-101.1645689,19.7108668],[-101.1661555,19.7103374],[-101.1664049,19.7100496],[-101.1663325,19.7098703],[-101.1654755,19.7095862],[-101.1638628,19.7075268],[-101.1601706,19.7044822]],[[-101.1603418,19.704385],[-101.1601706,19.7044822]],[[-101.1624055,19.7035512],[-101.1603418,19.704385]],[[-101.1624055,19.7035512],[-101.1618617,19.7023065]],[[-101.1623824,19.7020981],[-101.1618617,19.7023065]],[[-101.1633679,19.7017561],[-101.1623824,19.7020981]],[[-101.1665309,19.7020821],[-101.1633679,19.7017561]],[[-101.1709163,19.7024859],[-101.1665309,19.7020821]],[[-101.1718371,19.7025666],[-101.1709163,19.7024859]],[[-101.1718371,19.7025666],[-101.171595,19.7049682]],[[-101.1743293,19.7049542],[-101.171595,19.7049682]],[[-101.1752404,19.7049599],[-101.1743293,19.7049542]],[[-101.1761448,19.705008],[-101.1752404,19.7049599]],[[-101.1768906,19.7052553],[-101.1761448,19.705008]],[[-101.1778103,19.7048486],[-101.1768906,19.7052553]],[[-101.1812142,19.7061204],[-101.1787616,19.7057226],[-101.1778103,19.7048486]],[[-101.1822368,19.7061192],[-101.1812142,19.7061204]],[[-101.1822368,19.7061192],[-101.1854623,19.7056448],[-101.18938,19.7055964],[-101.1891116,19.7069041],[-101.1903023,19.7064059],[-101.1902219,19.7073275],[-101.1907019,19.7073387],[-101.1913578,19.7051992],[-101.1922972,19.7051928],[-101.1922895,19.7055628],[-101.1982441,19.7056064],[-101.198369,19.7050358],[-101.1989178,19.704237],[-101.2018222,19.7037953]],[[-101.2016882,19.7028391],[-101.2018222,19.7037953]],[[-101.2033319,19.7025896],[-101.2016882,19.7028391]],[[-101.2033319,19.7025896],[-101.2066408,19.7023104],[-101.2074175,19.7020528],[-101.2079522,19.7009627],[-101.207771,19.7004635],[-101.2084764,19.6980263],[-101.2088911,19.695284]],[[-101.2087644,19.6952684],[-101.2088911,19.695284]],[[-101.2086397,19.6952531],[-101.2087644,19.6952684]],[[-101.2066533,19.6950086],[-101.2086397,19.6952531]],[[-101.2066533,19.6950086],[-101.2060755,19.6942521],[-101.2062577,19.692835]],[[-101.2055758,19.6927327],[-101.2062577,19.692835]],[[-101.2048296,19.6926209],[-101.2055758,19.6927327]],[[-101.2048296,19.6926209],[-101.2036681,19.6911]],[[-101.2036367,19.6910942],[-101.2036681,19.6911]],[[-101.202924,19.6909647],[-101.2036367,19.6910942]],[[-101.202924,19.6909647],[-101.2027704,19.6923122]],[[-101.2020882,19.6922099],[-101.2027704,19.6923122]],[[-101.2014317,19.6921104],[-101.2020882,19.6922099]],[[-101.2016037,19.6906213],[-101.2014317,19.6921104]],[[-101.2003806,19.6901989],[-101.2009632,19.6902188],[-101.2016037,19.6906213]],[[-101.199078,19.690206],[-101.2003806,19.6901989]],[[-101.1955913,19.6902041],[-101.199078,19.690206]],[[-101.1955913,19.6902041],[-101.1957578,19.6826683],[-101.1961093,19.681604],[-101.1969686,19.6810611],[-101.1988893,19.6812238],[-101.2002102,19.6809903],[-101.2009607,19.6806],[-101.2013769,19.6799338],[-101.2027542,19.675797],[-101.2032835,19.6752348],[-101.2051626,19.6741255],[-101.2037326,19.6707002],[-101.2010998,19.671612],[-101.2008895,19.6714945],[-101.2008892,19.6702728],[-101.1996602,19.6698712],[-101.1992585,19.6695437],[-101.1989571,19.6681082],[-101.1974117,19.663691]],[[-101.200272,19.6628546],[-101.1974117,19.663691]],[[-101.200272,19.6628546],[-101.19975,19.6607684],[-101.199459,19.6602581],[-101.1982514,19.6608625],[-101.1977293,19.6615204]],[[-101.1954412,19.6575927],[-101.196129,19.6584278],[-101.1977293,19.6615204]],[[-101.1910386,19.6543177],[-101.1918168,19.6550576],[-101.1947322,19.6568465],[-101.1954412,19.6575927]],[[-101.1908876,19.6541636],[-101.1910386,19.6543177]],[[-101.1899671,19.6529868],[-101.1908876,19.6541636]],[[-101.1898837,19.6526273],[-101.1899671,19.6529868]],[[-101.1898837,19.6526273],[-101.1901703,19.6533812],[-101.1918168,19.6550576],[-101.1947322,19.6568465],[-101.1956958,19.6578559],[-101.1977793,19.6615668],[-101.19833,19.6609286],[-101.1995473,19.6603377]],[[-101.200272,19.6628546],[-101.1995473,19.6603377]],[[-101.200272,19.6628546],[-101.1974117,19.663691]],[[-101.2009637,19.6703565],[-101.2005726,19.6700805],[-101.1996602,19.6698712],[-101.1991964,19.6694394],[-101.1989571,19.6681082],[-101.1974117,19.663691]],[[-101.2009637,19.6703565],[-101.2008311,19.6714734],[-101.2010998,19.671612]],[[-101.2023082,19.6712049],[-101.2010998,19.671612]],[[-101.2036682,19.6707235],[-101.2023082,19.6712049]],[[-101.2036682,19.6707235],[-101.2050227,19.6740455],[-101.2032054,19.6751567],[-101.2026548,19.6757456],[-101.2011483,19.6802817],[-101.2007042,19.6807068],[-101.2001485,19.6809139],[-101.1984863,19.6811302],[-101.196835,19.6809986],[-101.195744,19.6814293],[-101.1954748,19.6821991],[-101.1956243,19.6823997],[-101.19589,19.682352],[-101.1961093,19.681604],[-101.1969686,19.6810611],[-101.1976706,19.681101],[-101.1981055,19.681491],[-101.1987018,19.6816643],[-101.2000076,19.6818492],[-101.1999029,19.6849727],[-101.1992829,19.6849483],[-101.199078,19.690206],[-101.2009632,19.6902188],[-101.2022444,19.690866],[-101.2020882,19.6922099],[-101.2062577,19.692835]],[[-101.2060755,19.6942521],[-101.2062577,19.692835]],[[-101.2066533,19.6950086],[-101.2060755,19.6942521]],[[-101.2066533,19.6950086],[-101.2086397,19.6952531],[-101.2082464,19.6979938],[-101.2076275,19.7004683],[-101.2077228,19.7006947],[-101.205907,19.702244],[-101.2016882,19.7028391],[-101.2018998,19.7043489],[-101.1982716,19.7048779],[-101.185453,19.704533],[-101.1795494,19.7040445],[-101.1768906,19.7052553],[-101.1761448,19.705008],[-101.1743293,19.7049542]],[[-101.1745345,19.7027867],[-101.1743293,19.7049542]],[[-101.1745345,19.7027867],[-101.1633679,19.7017561],[-101.159073,19.7033967],[-101.1550017,19.7001903],[-101.1546403,19.7003728],[-101.1626011,19.7066853],[-101.1633302,19.7073764],[-101.1651384,19.709769],[-101.1653401,19.7104132],[-101.1663648,19.7109495],[-101.1649097,19.7116051],[-101.1652904,19.7125054],[-101.1668618,19.7202716],[-101.1661971,19.7203658]],[[-101.1663473,19.7211131],[-101.1661971,19.7203658]]]}},{"type":"Feature","id":"Prados Verdes B","properties":{"ref":"Prados Verdes B","nombre":"Prados Verdes B","variantes":1,"osmid":17951483,"paradas":0,"sin_nombre":false},"geometry":{"type":"MultiLineString","coordinates":[[[-101.2061392,19.735549],[-101.2061195,19.7354797]],[[-101.2061879,19.73574],[-101.2061392,19.735549]],[[-101.206252,19.7361046],[-101.2061879,19.73574]],[[-101.2062831,19.7363537],[-101.206252,19.7361046]],[[-101.2088619,19.7359724],[-101.2062831,19.7363537]],[[-101.2088619,19.7359724],[-101.2077599,19.7345032]],[[-101.206096,19.735333],[-101.2077599,19.7345032]],[[-101.206096,19.735333],[-101.2056621,19.7336152],[-101.2062202,19.730472]],[[-101.2066457,19.7305641],[-101.2062202,19.730472]],[[-101.2066457,19.7305641],[-101.2072244,19.7287478],[-101.2077362,19.7261843],[-101.2208498,19.7277752],[-101.2221318,19.7275379],[-101.2230143,19.7270152],[-101.2240074,19.7257683],[-101.2236934,19.7254154],[-101.2229103,19.7264797],[-101.221893,19.7271457],[-101.2208115,19.7273081],[-101.2191951,19.7271503]],[[-101.2182802,19.7256261],[-101.2191951,19.7271503]],[[-101.2204002,19.7260111],[-101.2182802,19.7256261]],[[-101.2197064,19.7237203],[-101.2204002,19.7260111]],[[-101.2197064,19.7237203],[-101.2164946,19.7231324],[-101.2165831,19.7226487],[-101.2160374,19.7225264],[-101.2142494,19.7203094],[-101.1972183,19.7166253],[-101.1974184,19.71451],[-101.194306,19.7138692],[-101.1937755,19.7135997]],[[-101.1885893,19.7133207],[-101.1899959,19.7129769],[-101.1937755,19.7135997]],[[-101.1885893,19.7133207],[-101.1882594,19.7119663],[-101.1883457,19.7114567],[-101.1905797,19.7076536],[-101.1913488,19.7056004],[-101.1914594,19.7018419],[-101.1897752,19.7018098],[-101.1897674,19.7020364],[-101.1878576,19.7019465],[-101.1878415,19.7012998],[-101.1897863,19.7013573]]]}},{"type":"Feature","id":"Roja 1 Comercial Mexicana","properties":{"ref":"Roja 1 Comercial Mexicana","nombre":"Roja 1 Comercial Mexicana","variantes":2,"osmid":18015589,"paradas":0,"sin_nombre":false},"geometry":{"type":"MultiLineString","coordinates":[[[-101.1592095,19.6892644],[-101.1590568,19.6877628],[-101.1539256,19.6871483],[-101.1530409,19.6873466],[-101.1507282,19.6897735],[-101.149714,19.6925464],[-101.1491252,19.6948326],[-101.1650766,19.6961451],[-101.1759002,19.6982082],[-101.1772954,19.6985517],[-101.1779679,19.6989626],[-101.1822846,19.7029468],[-101.1831818,19.7029465]],[[-101.1839336,19.7029249],[-101.1831818,19.7029465]],[[-101.1854369,19.7028816],[-101.1839336,19.7029249]],[[-101.1873199,19.7028141],[-101.1854369,19.7028816]],[[-101.1876842,19.7028169],[-101.1873199,19.7028141]],[[-101.1879922,19.7028183],[-101.1876842,19.7028169]],[[-101.1897349,19.7028551],[-101.1879922,19.7028183]],[[-101.1903876,19.7028749],[-101.1897349,19.7028551]],[[-101.1903876,19.7028749],[-101.1903756,19.703818],[-101.1923246,19.7038677],[-101.1950253,19.7039012],[-101.1950691,19.702965]],[[-101.1968579,19.703001],[-101.1950691,19.702965]],[[-101.2001421,19.7030345],[-101.1968579,19.703001]],[[-101.2016882,19.7028391],[-101.2001421,19.7030345]],[[-101.2033319,19.7025896],[-101.2016882,19.7028391]],[[-101.2033319,19.7025896],[-101.2124116,19.7019589],[-101.2157623,19.7037409],[-101.2161295,19.7037738],[-101.21551,19.7058167],[-101.2152277,19.7076131],[-101.2156251,19.7092827],[-101.2156491,19.710401],[-101.2161117,19.7114114],[-101.2160519,19.7121992]],[[-101.2161277,19.7122095],[-101.2160519,19.7121992]],[[-101.2161277,19.7122095],[-101.2166926,19.7120737],[-101.2171347,19.7113781],[-101.2184918,19.7105439]],[[-101.2184346,19.7104824],[-101.2184918,19.7105439]],[[-101.2184346,19.7104824],[-101.2215914,19.7098492]],[[-101.2212952,19.7087514],[-101.2215914,19.7098492]],[[-101.2212952,19.7087514],[-101.2258004,19.707849],[-101.2265215,19.7105756]],[[-101.2245329,19.7109587],[-101.2265215,19.7105756]],[[-101.2245329,19.7109587],[-101.2246819,19.7114987]],[[-101.2233606,19.7117593],[-101.2246819,19.7114987]],[[-101.2233606,19.7117593],[-101.2239315,19.7138961],[-101.2227052,19.7141392],[-101.2232906,19.7168227]],[[-101.2247905,19.7172275],[-101.2232906,19.7168227]],[[-101.2247905,19.7172275],[-101.2278661,19.719185],[-101.2264024,19.721435],[-101.2243762,19.7200659]],[[-101.2243132,19.7201379],[-101.2243762,19.7200659]],[[-101.2229395,19.7199888],[-101.2243132,19.7201379]],[[-101.2231102,19.7186837],[-101.2229395,19.7199888]],[[-101.2231163,19.7186395],[-101.2231102,19.7186837]],[[-101.2231163,19.7186395],[-101.2233873,19.716604],[-101.2232098,19.7159689]],[[-101.2230018,19.7152608],[-101.2232098,19.7159689]],[[-101.2227052,19.7141392],[-101.2230018,19.7152608]],[[-101.2222948,19.7125138],[-101.2227052,19.7141392]],[[-101.2222948,19.7125138],[-101.2248248,19.7120188]],[[-101.2246819,19.7114987],[-101.2248248,19.7120188]],[[-101.2245329,19.7109587],[-101.2246819,19.7114987]],[[-101.2245329,19.7109587],[-101.2265215,19.7105756]],[[-101.2266835,19.7105436],[-101.2265215,19.7105756]],[[-101.2266835,19.7105436],[-101.2259416,19.7077952]],[[-101.2254952,19.7066999],[-101.2256439,19.7066656]],[[-101.2254952,19.7066999],[-101.2258004,19.707849]],[[-101.2212952,19.7087514],[-101.2258004,19.707849]],[[-101.2212952,19.7087514],[-101.2215914,19.7098492]],[[-101.2204293,19.7100777],[-101.2215914,19.7098492]],[[-101.2184346,19.7104824],[-101.2204293,19.7100777]],[[-101.2184346,19.7104824],[-101.2184918,19.7105439]],[[-101.2161277,19.7122095],[-101.2166926,19.7120737],[-101.2171347,19.7113781],[-101.2184918,19.7105439]],[[-101.2161277,19.7122095],[-101.2162987,19.7115643],[-101.2157549,19.7103896],[-101.2157268,19.7092609],[-101.2153337,19.7076095],[-101.2162684,19.7036385],[-101.2127257,19.7018057],[-101.2106446,19.7019203]],[[-101.2097047,19.7019998],[-101.2075193,19.7021489],[-101.2076201,19.7015263],[-101.207013,19.7013209],[-101.205907,19.702244],[-101.2001421,19.7030345],[-101.1984425,19.7030396],[-101.1950691,19.702965],[-101.1951122,19.7019116],[-101.1897752,19.7018098],[-101.1897674,19.7020364],[-101.1876696,19.701933],[-101.1876842,19.7028169],[-101.1831818,19.7029465],[-101.1823317,19.702663],[-101.1773846,19.6984607],[-101.1707184,19.697083]],[[-101.1676809,19.6965033],[-101.1634169,19.6957425],[-101.1508231,19.6947127],[-101.1498089,19.6944708],[-101.1496189,19.6940731],[-101.1496873,19.6936738],[-101.1508548,19.6901447],[-101.1518477,19.6889394],[-101.1534016,19.6875006],[-101.1587555,19.6879187],[-101.1590067,19.6882062],[-101.1591848,19.6899843],[-101.1593204,19.6900027],[-101.1592095,19.6892644]]]}},{"type":"Feature","id":"Roja 1 Punhuato","properties":{"ref":"Roja 1 Punhuato","nombre":"Roja 1 Punhuato","variantes":1,"osmid":18015656,"paradas":0,"sin_nombre":false},"geometry":{"type":"MultiLineString","coordinates":[[[-101.1430728,19.700501],[-101.1429481,19.7006323]],[[-101.1466849,19.697891],[-101.1445649,19.6989631],[-101.1430728,19.700501]],[[-101.1439305,19.6954725],[-101.1443023,19.6960013],[-101.1466849,19.697891]],[[-101.1439305,19.6954725],[-101.1465991,19.6950457],[-101.1468295,19.6952018],[-101.1476953,19.6946388],[-101.1635219,19.6959667],[-101.1660167,19.6963234],[-101.1772954,19.6985517],[-101.1781075,19.699081],[-101.1822846,19.7029468],[-101.1831818,19.7029465]],[[-101.1839336,19.7029249],[-101.1831818,19.7029465]],[[-101.1854369,19.7028816],[-101.1839336,19.7029249]],[[-101.1873199,19.7028141],[-101.1854369,19.7028816]],[[-101.1876842,19.7028169],[-101.1873199,19.7028141]],[[-101.1879922,19.7028183],[-101.1876842,19.7028169]],[[-101.1897349,19.7028551],[-101.1879922,19.7028183]],[[-101.1903876,19.7028749],[-101.1897349,19.7028551]],[[-101.1903876,19.7028749],[-101.1903756,19.703818],[-101.1923246,19.7038677],[-101.1950253,19.7039012],[-101.1950691,19.702965]],[[-101.1968579,19.703001],[-101.1950691,19.702965]],[[-101.2001421,19.7030345],[-101.1968579,19.703001]],[[-101.2016882,19.7028391],[-101.2001421,19.7030345]],[[-101.2033319,19.7025896],[-101.2016882,19.7028391]],[[-101.2033319,19.7025896],[-101.2124116,19.7019589],[-101.2157623,19.7037409],[-101.2161295,19.7037738],[-101.21551,19.7058167],[-101.2152277,19.7076131],[-101.2156251,19.7092827],[-101.2156491,19.710401],[-101.2161117,19.7114114],[-101.2160519,19.7121992]],[[-101.2161277,19.7122095],[-101.2160519,19.7121992]],[[-101.2161277,19.7122095],[-101.2166926,19.7120737],[-101.2171347,19.7113781],[-101.2184918,19.7105439]],[[-101.2184346,19.7104824],[-101.2184918,19.7105439]],[[-101.2184346,19.7104824],[-101.2215914,19.7098492]],[[-101.2212952,19.7087514],[-101.2215914,19.7098492]],[[-101.2212952,19.7087514],[-101.2258004,19.707849],[-101.2265215,19.7105756]],[[-101.2245329,19.7109587],[-101.2265215,19.7105756]],[[-101.2245329,19.7109587],[-101.2246819,19.7114987]],[[-101.2233606,19.7117593],[-101.2246819,19.7114987]],[[-101.2233606,19.7117593],[-101.2239315,19.7138961],[-101.2227052,19.7141392],[-101.2233176,19.7164537],[-101.2231102,19.7186837]],[[-101.2244808,19.7189057],[-101.2231102,19.7186837]],[[-101.2244808,19.7189057],[-101.2243085,19.7179942],[-101.2247905,19.7172275]]]}},{"type":"Feature","id":"Roja 2 Oken","properties":{"ref":"Roja 2 Oken","nombre":"Roja 2 Oken","variantes":2,"osmid":17945678,"paradas":0,"sin_nombre":false},"geometry":{"type":"MultiLineString","coordinates":[[[-101.1582566,19.6993394],[-101.1571032,19.6995053],[-101.1565013,19.7001283],[-101.1563737,19.7009307]],[[-101.1615025,19.6995844],[-101.1582566,19.6993394]],[[-101.1616777,19.6978464],[-101.1615025,19.6995844]],[[-101.1617505,19.6971101],[-101.1616777,19.6978464]],[[-101.1633395,19.6959908],[-101.1617505,19.6971101]],[[-101.1633395,19.6959908],[-101.1650766,19.6961451],[-101.1772954,19.6985517],[-101.1781075,19.699081],[-101.1822846,19.7029468],[-101.1831818,19.7029465]],[[-101.1839336,19.7029249],[-101.1831818,19.7029465]],[[-101.1854369,19.7028816],[-101.1839336,19.7029249]],[[-101.1873199,19.7028141],[-101.1854369,19.7028816]],[[-101.1876842,19.7028169],[-101.1873199,19.7028141]],[[-101.1879922,19.7028183],[-101.1876842,19.7028169]],[[-101.1897349,19.7028551],[-101.1879922,19.7028183]],[[-101.1903876,19.7028749],[-101.1897349,19.7028551]],[[-101.1903876,19.7028749],[-101.1903756,19.703818],[-101.1923246,19.7038677],[-101.1950253,19.7039012],[-101.1950691,19.702965]],[[-101.1968579,19.703001],[-101.1950691,19.702965]],[[-101.2001421,19.7030345],[-101.1968579,19.703001]],[[-101.2016882,19.7028391],[-101.2001421,19.7030345]],[[-101.2033319,19.7025896],[-101.2016882,19.7028391]],[[-101.2033319,19.7025896],[-101.2124116,19.7019589],[-101.2157623,19.7037409],[-101.2199424,19.7055521],[-101.2243688,19.704847],[-101.2296585,19.7035681]],[[-101.2296421,19.7035001],[-101.2296585,19.7035681]],[[-101.2296194,19.7034025],[-101.2296421,19.7035001]],[[-101.227772,19.6969558],[-101.2286015,19.6985469],[-101.2296194,19.7034025]],[[-101.2275988,19.6966063],[-101.227772,19.6969558]],[[-101.2275988,19.6966063],[-101.2253062,19.6962434]],[[-101.2257869,19.6934466],[-101.2253062,19.6962434]],[[-101.2258834,19.6928846],[-101.2257869,19.6934466]],[[-101.2258834,19.6928846],[-101.2314364,19.6937866],[-101.2333219,19.6929557],[-101.2325286,19.6913745]],[[-101.2325286,19.6913745],[-101.2320313,19.6904419]],[[-101.2327709,19.6918289],[-101.2325286,19.6913745]],[[-101.232872,19.6920179],[-101.2327709,19.6918289]],[[-101.2329089,19.692087],[-101.232872,19.6920179]],[[-101.2333219,19.6929557],[-101.2329089,19.692087]],[[-101.2258834,19.6928846],[-101.2314364,19.6937866],[-101.2333219,19.6929557]],[[-101.2258834,19.6928846],[-101.2253062,19.6962434]],[[-101.2258977,19.6963374],[-101.2253062,19.6962434]],[[-101.2262023,19.6963855],[-101.2258977,19.6963374]],[[-101.2275988,19.6966063],[-101.2262023,19.6963855]],[[-101.2275988,19.6966063],[-101.2286015,19.6985469],[-101.2296194,19.7034025],[-101.2243418,19.7047432],[-101.219922,19.7053965],[-101.2127257,19.7018057],[-101.2075193,19.7021489],[-101.2076201,19.7015263],[-101.2073354,19.7013236],[-101.207013,19.7013209],[-101.205907,19.702244],[-101.2001421,19.7030345],[-101.1950691,19.702965],[-101.1951122,19.7019116],[-101.1897752,19.7018098],[-101.1897674,19.7020364],[-101.1876696,19.701933],[-101.1876842,19.7028169],[-101.1831818,19.7029465],[-101.1823317,19.702663],[-101.1780313,19.6988785],[-101.1773846,19.6984607],[-101.1759308,19.6980832],[-101.164499,19.6958961],[-101.1634091,19.6958331],[-101.161668,19.6971632],[-101.1604992,19.697111]],[[-101.1604321,19.6977507],[-101.1604992,19.697111]],[[-101.1584268,19.6975694],[-101.1604321,19.6977507]],[[-101.1581347,19.7006092],[-101.1584268,19.6975694]],[[-101.1579551,19.7006453],[-101.1581347,19.7006092]],[[-101.1563737,19.7009307],[-101.1579551,19.7006453]]]}},{"type":"Feature","id":"Roja 2 Villas del Sol","properties":{"ref":"Roja 2 Villas del Sol","nombre":"Roja 2 Villas del Sol","variantes":1,"osmid":17945365,"paradas":0,"sin_nombre":false},"geometry":{"type":"MultiLineString","coordinates":[[[-101.2262023,19.6963855],[-101.2264335,19.6950166]],[[-101.2275988,19.6966063],[-101.2262023,19.6963855]],[[-101.2275988,19.6966063],[-101.2286015,19.6985469],[-101.2296194,19.7034025],[-101.2243418,19.7047432],[-101.219922,19.7053965],[-101.2127257,19.7018057],[-101.2075193,19.7021489],[-101.2076201,19.7015263],[-101.2073354,19.7013236],[-101.207013,19.7013209],[-101.205907,19.702244],[-101.2001421,19.7030345],[-101.1950691,19.702965],[-101.1951122,19.7019116],[-101.1897752,19.7018098],[-101.1897674,19.7020364],[-101.1876696,19.701933],[-101.1876842,19.7028169],[-101.1831818,19.7029465],[-101.1823317,19.702663],[-101.1780313,19.6988785],[-101.1773846,19.6984607],[-101.1759308,19.6980832],[-101.164499,19.6958961],[-101.1634091,19.6958331],[-101.161668,19.6971632],[-101.1604992,19.697111]],[[-101.1604321,19.6977507],[-101.1604992,19.697111]],[[-101.1584268,19.6975694],[-101.1604321,19.6977507]],[[-101.1581347,19.7006092],[-101.1584268,19.6975694]],[[-101.1579551,19.7006453],[-101.1581347,19.7006092]],[[-101.1591202,19.70337],[-101.1579551,19.7006453]],[[-101.1591202,19.70337],[-101.156033,19.7009984]]]}},{"type":"Feature","id":"Roja 3","properties":{"ref":"Roja 3","nombre":"Roja 3","variantes":2,"osmid":17977482,"paradas":0,"sin_nombre":false},"geometry":{"type":"MultiLineString","coordinates":[[[-101.1401269,19.6910887],[-101.1412887,19.6921739],[-101.1433362,19.6922298]],[[-101.1401269,19.6910887],[-101.1412887,19.6921739],[-101.1433362,19.6922298]],[[-101.1352565,19.6874367],[-101.136329,19.6883304],[-101.1365571,19.6895787],[-101.1369793,19.6901169],[-101.1389818,19.6905652],[-101.1401269,19.6910887]],[[-101.1336364,19.6865955],[-101.1352565,19.6874367]],[[-101.1345631,19.6868833],[-101.1336364,19.6865955]],[[-101.1402428,19.6910093],[-101.1390245,19.6903482],[-101.1370416,19.6900181],[-101.1366689,19.6895609],[-101.1365765,19.6886819],[-101.1363088,19.6881372],[-101.1345631,19.6868833]],[[-101.1437356,19.6921612],[-101.143047,19.6919277],[-101.1413391,19.691969],[-101.1402428,19.6910093]],[[-101.1445631,19.6925308],[-101.1441639,19.6923317]],[[-101.1464013,19.6937447],[-101.1445631,19.6925308]],[[-101.1481404,19.6944684],[-101.1472998,19.6942725],[-101.1464013,19.6937447]],[[-101.1492981,19.6939128],[-101.1489233,19.6943975],[-101.1481404,19.6944684]],[[-101.1500513,19.6915053],[-101.1492981,19.6939128]],[[-101.1503126,19.6907505],[-101.1500513,19.6915053]],[[-101.1512371,19.6891581],[-101.1507282,19.6897735],[-101.1503389,19.6906822]],[[-101.1521181,19.6882299],[-101.1512371,19.6891581]],[[-101.152479,19.6878612],[-101.1521181,19.6882299]],[[-101.1534088,19.6872031],[-101.152479,19.6878612]],[[-101.1577014,19.6876007],[-101.1534088,19.6872031]],[[-101.1578718,19.6876222],[-101.1577014,19.6876007]],[[-101.1580146,19.6876382],[-101.1578718,19.6876222]],[[-101.1584748,19.6876932],[-101.1580146,19.6876382]],[[-101.1589611,19.6877514],[-101.1584748,19.6876932]],[[-101.1590568,19.6877628],[-101.1589611,19.6877514]],[[-101.1606398,19.6877509],[-101.1602205,19.6878995],[-101.1590568,19.6877628]],[[-101.1654946,19.6842838],[-101.1617599,19.6869881]],[[-101.1657561,19.6841015],[-101.1654946,19.6842838]],[[-101.1658364,19.6840454],[-101.1657561,19.6841015]],[[-101.1709637,19.6818867],[-101.168515,19.6823276],[-101.1658364,19.6840454]],[[-101.1741276,19.6816773],[-101.1709637,19.6818867]],[[-101.1813171,19.6811893],[-101.1741276,19.6816773]],[[-101.1813171,19.6811893],[-101.1813595,19.6818493],[-101.1807915,19.684892]],[[-101.1802859,19.6876003],[-101.1788064,19.6959616]],[[-101.1782399,19.6989315],[-101.1781075,19.699081],[-101.1822846,19.7029468],[-101.1831818,19.7029465],[-101.1823317,19.702663],[-101.1782399,19.6989315]],[[-101.1433362,19.6922298],[-101.1452544,19.6930593],[-101.1473704,19.6945314],[-101.1491252,19.6948326]],[[-101.1495481,19.6945941],[-101.1496189,19.6940731]],[[-101.1495153,19.6948689],[-101.1495481,19.6945941]],[[-101.1496189,19.6940731],[-101.1506554,19.6907181]],[[-101.151636,19.6891653],[-101.1534016,19.6875006]],[[-101.1548696,19.6875253],[-101.1587555,19.6879187]],[[-101.1590896,19.6879568],[-101.1606692,19.6879891],[-101.1677881,19.6829967],[-101.1694024,19.6823074],[-101.181031,19.6814805],[-101.1813595,19.6818493]],[[-101.2197115,19.716277],[-101.2185719,19.7162315]],[[-101.2201207,19.7162939],[-101.2201338,19.7153973]],[[-101.2197188,19.7153851],[-101.2201338,19.7153973]],[[-101.2196627,19.7153835],[-101.2197188,19.7153851]],[[-101.2197103,19.7146032],[-101.2196627,19.7153835]],[[-101.2188756,19.7115173],[-101.2197103,19.7146032]],[[-101.2186851,19.7109685],[-101.2188756,19.7115173]],[[-101.2184918,19.7105439],[-101.2186851,19.7109685]],[[-101.2184346,19.7104824],[-101.2184918,19.7105439]],[[-101.2182603,19.7099347],[-101.2184346,19.7104824]],[[-101.2181107,19.7093893],[-101.2182603,19.7099347]],[[-101.2180009,19.7090085],[-101.2181107,19.7093893]],[[-101.2157326,19.7100191],[-101.2170217,19.7096369],[-101.2180009,19.7090085]],[[-101.2157326,19.7100191],[-101.2156251,19.7092827]],[[-101.214279,19.7095997],[-101.2156251,19.7092827]],[[-101.214279,19.7095997],[-101.2137475,19.7074517],[-101.2138632,19.7063313],[-101.2147425,19.7049001],[-101.2159193,19.70466]],[[-101.2161295,19.7037738],[-101.2159193,19.70466]],[[-101.2136968,19.7026543],[-101.2157623,19.7037409],[-101.2161295,19.7037738]],[[-101.21339,19.7024752],[-101.2135778,19.7025814]],[[-101.2133194,19.7024352],[-101.21339,19.7024752]],[[-101.21263,19.7020453],[-101.2133194,19.7024352]],[[-101.2125967,19.7020251],[-101.21263,19.7020453]],[[-101.2115776,19.7019782],[-101.2125967,19.7020251]],[[-101.2066408,19.7023104],[-101.208876,19.7021673]],[[-101.2062627,19.7023348],[-101.2066408,19.7023104]],[[-101.2041507,19.7025095],[-101.2062627,19.7023348]],[[-101.2033319,19.7025896],[-101.2041507,19.7025095]],[[-101.2040947,19.7024309],[-101.2033319,19.7025896]],[[-101.2041956,19.702417],[-101.2040947,19.7024309]],[[-101.2046971,19.7023484],[-101.2041956,19.702417]],[[-101.205907,19.702244],[-101.2046971,19.7023484]],[[-101.2069133,19.7014106],[-101.205907,19.702244]],[[-101.207013,19.7013209],[-101.2069133,19.7014106]],[[-101.2160082,19.704675],[-101.2162684,19.7036385],[-101.2127257,19.7018057],[-101.2115903,19.7018535]],[[-101.2097047,19.7019998],[-101.2075193,19.7021489],[-101.2076201,19.7015263],[-101.2072159,19.7013236]],[[-101.2162684,19.7036385],[-101.2137267,19.7023105]],[[-101.1839336,19.7029249],[-101.1831818,19.7029465]],[[-101.1854369,19.7028816],[-101.1839336,19.7029249]],[[-101.1873199,19.7028141],[-101.1854369,19.7028816]],[[-101.1876842,19.7028169],[-101.1873199,19.7028141]],[[-101.1897349,19.7028551],[-101.1879922,19.7028183]],[[-101.1903876,19.7028749],[-101.1897349,19.7028551]],[[-101.1903876,19.7028749],[-101.1903756,19.703818],[-101.1941063,19.7038945]],[[-101.1950253,19.7039012],[-101.1951122,19.7019116],[-101.1876696,19.701933],[-101.1876842,19.7028169]],[[-101.178289,19.6990959],[-101.1781805,19.698998]],[[-101.1968579,19.703001],[-101.1950691,19.702965]],[[-101.2001421,19.7030345],[-101.1968579,19.703001]],[[-101.2016882,19.7028391],[-101.2001421,19.7030345]],[[-101.2033319,19.7025896],[-101.2016882,19.7028391]],[[-101.2156251,19.7092827],[-101.2157326,19.7100191]],[[-101.2197115,19.716277],[-101.2197188,19.7153851]],[[-101.2201207,19.7162939],[-101.2197115,19.716277]],[[-101.2201207,19.7162939],[-101.2201338,19.7153973]],[[-101.2197188,19.7153851],[-101.2201338,19.7153973]],[[-101.2196627,19.7153835],[-101.2197188,19.7153851]],[[-101.2197103,19.7146032],[-101.2196627,19.7153835]],[[-101.2188756,19.7115173],[-101.2197103,19.7146032]],[[-101.2186851,19.7109685],[-101.2188756,19.7115173]],[[-101.2184918,19.7105439],[-101.2186851,19.7109685]],[[-101.2184346,19.7104824],[-101.2184918,19.7105439]],[[-101.2182603,19.7099347],[-101.2184346,19.7104824]],[[-101.2181107,19.7093893],[-101.2182603,19.7099347]],[[-101.2180009,19.7090085],[-101.2181107,19.7093893]],[[-101.2157326,19.7100191],[-101.2170217,19.7096369],[-101.2180009,19.7090085]],[[-101.2157326,19.7100191],[-101.2156251,19.7092827]],[[-101.214279,19.7095997],[-101.2156251,19.7092827]],[[-101.214279,19.7095997],[-101.2137475,19.7074517],[-101.2138632,19.7063313],[-101.2147425,19.7049001],[-101.2150996,19.7047126],[-101.2160082,19.704675],[-101.2162684,19.7036385],[-101.2127257,19.7018057],[-101.2106446,19.7019203]],[[-101.2097047,19.7019998],[-101.2075193,19.7021489],[-101.2076201,19.7015263],[-101.207013,19.7013209],[-101.205907,19.702244],[-101.2001421,19.7030345],[-101.1984425,19.7030396],[-101.1950691,19.702965],[-101.1951122,19.7019116],[-101.1897752,19.7018098],[-101.1897674,19.7020364],[-101.1876696,19.701933],[-101.1876842,19.7028169],[-101.1831818,19.7029465],[-101.1823317,19.702663],[-101.1782399,19.6989315]],[[-101.178676,19.6965845],[-101.1782399,19.6989315]],[[-101.1787619,19.6961692],[-101.178676,19.6965845]],[[-101.1790319,19.6947501],[-101.1788064,19.6959616]],[[-101.1792282,19.6935399],[-101.1790319,19.6947501]],[[-101.1795759,19.6914013],[-101.1792282,19.6935399]],[[-101.1796977,19.6907699],[-101.1795759,19.6914013]],[[-101.1797139,19.6906713],[-101.1796977,19.6907699]],[[-101.1798414,19.6899791],[-101.1797139,19.6906713]],[[-101.1800748,19.6886953],[-101.1798414,19.6899791]],[[-101.1801526,19.6882916],[-101.1800748,19.6886953]],[[-101.1801615,19.6882453],[-101.1801526,19.6882916]],[[-101.1802089,19.6879997],[-101.1801615,19.6882453]],[[-101.1802219,19.6879322],[-101.1802089,19.6879997]],[[-101.1802859,19.6876003],[-101.1802219,19.6879322]],[[-101.1805696,19.6860743],[-101.1802859,19.6876003]],[[-101.1806336,19.6857378],[-101.1805696,19.6860743]],[[-101.1807915,19.684892],[-101.1806336,19.6857378]],[[-101.1813595,19.6818493],[-101.1807915,19.684892]],[[-101.1813362,19.6812716],[-101.1813595,19.6818493]],[[-101.1813171,19.6811893],[-101.1813362,19.6812716]],[[-101.1813171,19.6811893],[-101.170419,19.6819141],[-101.1688915,19.6821833],[-101.1676261,19.6827822],[-101.1604303,19.6878695],[-101.1578718,19.6876222]],[[-101.1577014,19.6876007],[-101.153735,19.6871496],[-101.1530409,19.6873466],[-101.152479,19.6878612]],[[-101.1521181,19.6882299],[-101.1507282,19.6897735],[-101.1492981,19.6939128],[-101.1489233,19.6943975],[-101.1481404,19.6944684],[-101.1472998,19.6942725],[-101.1454953,19.6930124],[-101.1441639,19.6923317]],[[-101.1437356,19.6921612],[-101.143047,19.6919277],[-101.1413391,19.691969],[-101.1404637,19.691143],[-101.1393216,19.6904544],[-101.1370416,19.6900181],[-101.1366689,19.6895609],[-101.1365451,19.6885744],[-101.1361455,19.6879559],[-101.1347366,19.686976],[-101.1336364,19.6865955]]]}},{"type":"Feature","id":"Roja 3A","properties":{"ref":"Roja 3A","nombre":"Roja 3A","variantes":1,"osmid":18073877,"paradas":0,"sin_nombre":false},"geometry":{"type":"MultiLineString","coordinates":[[[-101.128122,19.6870848],[-101.1308147,19.6857722],[-101.132437,19.6860886],[-101.1348711,19.6871735],[-101.1360348,19.6879832],[-101.136458,19.6886156],[-101.1366331,19.6897686],[-101.1369793,19.6901169],[-101.1397778,19.6909171],[-101.1405002,19.6913192],[-101.1412887,19.6921739],[-101.1431596,19.6922032],[-101.1444878,19.6926399],[-101.1473704,19.6945314],[-101.1495153,19.6948689],[-101.1497415,19.6934817],[-101.1508548,19.6901447],[-101.1518477,19.6889394],[-101.1534016,19.6875006],[-101.1605249,19.6880498],[-101.1677881,19.6829967],[-101.1690404,19.6824097],[-101.1703171,19.6821731],[-101.181031,19.6814805],[-101.1813595,19.6818493],[-101.1781075,19.699081],[-101.1822846,19.7029468],[-101.1831818,19.7029465]],[[-101.1839336,19.7029249],[-101.1831818,19.7029465]],[[-101.1854369,19.7028816],[-101.1839336,19.7029249]],[[-101.1873199,19.7028141],[-101.1854369,19.7028816]],[[-101.1876842,19.7028169],[-101.1873199,19.7028141]],[[-101.1879922,19.7028183],[-101.1876842,19.7028169]],[[-101.1897349,19.7028551],[-101.1879922,19.7028183]],[[-101.1903876,19.7028749],[-101.1897349,19.7028551]],[[-101.1903876,19.7028749],[-101.1903756,19.703818],[-101.1923246,19.7038677],[-101.1950253,19.7039012],[-101.1950691,19.702965]],[[-101.1968579,19.703001],[-101.1950691,19.702965]],[[-101.2001421,19.7030345],[-101.1968579,19.703001]],[[-101.2016882,19.7028391],[-101.2001421,19.7030345]],[[-101.2033319,19.7025896],[-101.2016882,19.7028391]],[[-101.2033319,19.7025896],[-101.2106479,19.7020339],[-101.2111218,19.70785],[-101.2106105,19.7078691],[-101.2106494,19.7085968]],[[-101.2115526,19.708959],[-101.2106494,19.7085968]],[[-101.211612,19.7089862],[-101.2115526,19.708959]],[[-101.2117851,19.7090562],[-101.211612,19.7089862]],[[-101.211843,19.7090788],[-101.2117851,19.7090562]],[[-101.211843,19.7090788],[-101.2137735,19.7096165],[-101.2156251,19.7092827],[-101.2156491,19.710401],[-101.2161117,19.7114114],[-101.2160519,19.7121992]],[[-101.2161277,19.7122095],[-101.2160519,19.7121992]],[[-101.2161277,19.7122095],[-101.2166926,19.7120737],[-101.2171347,19.7113781],[-101.2184918,19.7105439]],[[-101.2184346,19.7104824],[-101.2184918,19.7105439]],[[-101.2182603,19.7099347],[-101.2184346,19.7104824]],[[-101.2181107,19.7093893],[-101.2182603,19.7099347]],[[-101.2180009,19.7090085],[-101.2181107,19.7093893]],[[-101.2177956,19.7082591],[-101.2180009,19.7090085]],[[-101.2177591,19.7080874],[-101.2177956,19.7082591]],[[-101.2177591,19.7080874],[-101.2210511,19.7077712],[-101.2256439,19.7066656],[-101.2250296,19.7045844]],[[-101.2249931,19.7043921],[-101.2250296,19.7045844]],[[-101.2243305,19.702066],[-101.2249931,19.7043921]],[[-101.2256589,19.7017171],[-101.2243305,19.702066]],[[-101.2261551,19.7016578],[-101.2256589,19.7017171]],[[-101.2258662,19.7006937],[-101.2261551,19.7016578]],[[-101.2257589,19.7006106],[-101.2258662,19.7006937]],[[-101.2261778,19.6968312],[-101.2257589,19.7006106]],[[-101.2261778,19.6968312],[-101.227772,19.6969558]],[[-101.2275988,19.6966063],[-101.227772,19.6969558]],[[-101.2275988,19.6966063],[-101.2258977,19.6963374]]]}},{"type":"Feature","id":"Roja 3B","properties":{"ref":"Roja 3B","nombre":"Roja 3B","variantes":2,"osmid":18015573,"paradas":0,"sin_nombre":false},"geometry":{"type":"MultiLineString","coordinates":[[[-101.2273817,19.706244],[-101.2256439,19.7066656]],[[-101.2254952,19.7066999],[-101.2256439,19.7066656]],[[-101.2218556,19.7075876],[-101.2254952,19.7066999]],[[-101.2198707,19.7078923],[-101.2218556,19.7075876]],[[-101.2192498,19.7079513],[-101.2198707,19.7078923]],[[-101.2186594,19.7080055],[-101.2192498,19.7079513]],[[-101.2177591,19.7080874],[-101.2186594,19.7080055]],[[-101.2177591,19.7080874],[-101.2184918,19.7105439]],[[-101.2161277,19.7122095],[-101.2166926,19.7120737],[-101.2171347,19.7113781],[-101.2184918,19.7105439]],[[-101.2161277,19.7122095],[-101.2162987,19.7115643],[-101.2157805,19.7104945],[-101.2156251,19.7092827]],[[-101.214279,19.7095997],[-101.2156251,19.7092827]],[[-101.2125841,19.7094005],[-101.214279,19.7095997]],[[-101.211843,19.7090788],[-101.2125841,19.7094005]],[[-101.211843,19.7090788],[-101.2106494,19.7085968],[-101.2093526,19.7083379],[-101.2085358,19.7070628],[-101.2083778,19.7064651]],[[-101.2042664,19.7067468],[-101.2079292,19.706481]],[[-101.2043269,19.7075668],[-101.2042664,19.7067468]],[[-101.2043269,19.7075668],[-101.2032462,19.7073431],[-101.2019633,19.7066981],[-101.2019194,19.7065171],[-101.2017336,19.7065685]],[[-101.200786,19.7060523],[-101.2017336,19.7065685]],[[-101.20049,19.7059073],[-101.200786,19.7060523]],[[-101.2002768,19.7057938],[-101.20049,19.7059073]],[[-101.2001109,19.7055711],[-101.2002768,19.7057938]],[[-101.2001367,19.7046197],[-101.2001109,19.7055711]],[[-101.2009812,19.7044825],[-101.2001367,19.7046197]],[[-101.2018998,19.7043489],[-101.2009812,19.7044825]],[[-101.2018222,19.7037953],[-101.2018998,19.7043489]],[[-101.2016882,19.7028391],[-101.2018222,19.7037953]],[[-101.2016882,19.7028391],[-101.2001421,19.7030345],[-101.1950691,19.702965],[-101.1951122,19.7019116],[-101.1897752,19.7018098],[-101.1897674,19.7020364],[-101.1876696,19.701933],[-101.1876842,19.7028169],[-101.1831818,19.7029465],[-101.1823317,19.702663],[-101.1782399,19.6989315]],[[-101.178676,19.6965845],[-101.1782399,19.6989315]],[[-101.1787619,19.6961692],[-101.178676,19.6965845]],[[-101.1790319,19.6947501],[-101.1788064,19.6959616]],[[-101.1792282,19.6935399],[-101.1790319,19.6947501]],[[-101.1795759,19.6914013],[-101.1792282,19.6935399]],[[-101.1796977,19.6907699],[-101.1795759,19.6914013]],[[-101.1797139,19.6906713],[-101.1796977,19.6907699]],[[-101.1798414,19.6899791],[-101.1797139,19.6906713]],[[-101.1800748,19.6886953],[-101.1798414,19.6899791]],[[-101.1801526,19.6882916],[-101.1800748,19.6886953]],[[-101.1801615,19.6882453],[-101.1801526,19.6882916]],[[-101.1802089,19.6879997],[-101.1801615,19.6882453]],[[-101.1802219,19.6879322],[-101.1802089,19.6879997]],[[-101.1802859,19.6876003],[-101.1802219,19.6879322]],[[-101.1805696,19.6860743],[-101.1802859,19.6876003]],[[-101.1806336,19.6857378],[-101.1805696,19.6860743]],[[-101.1807915,19.684892],[-101.1806336,19.6857378]],[[-101.1813595,19.6818493],[-101.1807915,19.684892]],[[-101.1813362,19.6812716],[-101.1813595,19.6818493]],[[-101.1813362,19.6812716],[-101.1702577,19.6820118],[-101.1689313,19.6822802],[-101.167688,19.6828462],[-101.1602959,19.6878961],[-101.1534088,19.6872031],[-101.1523703,19.6845411]],[[-101.1523703,19.6845411],[-101.1484282,19.6850632],[-101.1479692,19.6857012],[-101.1477498,19.6857456],[-101.143112,19.6861405],[-101.1429853,19.6863591],[-101.1480815,19.6859214],[-101.1488365,19.686407],[-101.1527374,19.6857236],[-101.1533326,19.6873895],[-101.1541338,19.687295],[-101.1551886,19.6875701],[-101.1578039,19.6878104]],[[-101.1580241,19.6878355],[-101.1602303,19.6880866],[-101.1606692,19.6879891],[-101.1677881,19.6829967],[-101.1694024,19.6823074],[-101.181194,19.681529],[-101.1813595,19.6818493],[-101.1790319,19.6947501]],[[-101.1787619,19.6961692],[-101.1781075,19.699081],[-101.1822846,19.7029468],[-101.1831818,19.7029465]],[[-101.1839336,19.7029249],[-101.1831818,19.7029465]],[[-101.1854369,19.7028816],[-101.1839336,19.7029249]],[[-101.1873199,19.7028141],[-101.1854369,19.7028816]],[[-101.1876842,19.7028169],[-101.1873199,19.7028141]],[[-101.1897349,19.7028551],[-101.1879922,19.7028183]],[[-101.1903876,19.7028749],[-101.1897349,19.7028551]],[[-101.1903876,19.7028749],[-101.1903756,19.703818],[-101.1923246,19.7038677],[-101.1950253,19.7039012],[-101.1950691,19.702965]],[[-101.1968579,19.703001],[-101.1950691,19.702965]],[[-101.2001421,19.7030345],[-101.1968579,19.703001]],[[-101.2001421,19.7030345],[-101.2001109,19.7055711],[-101.2002768,19.7057938]],[[-101.20049,19.7059073],[-101.200786,19.7060523]],[[-101.2017336,19.7065685],[-101.2019633,19.7066981]],[[-101.2024329,19.7069561],[-101.2019633,19.7066981]],[[-101.2043269,19.7075668],[-101.2024329,19.7069561]],[[-101.2043269,19.7075668],[-101.2042664,19.7067468],[-101.2079292,19.706481],[-101.2088991,19.7083426]],[[-101.2090899,19.7083566],[-101.2088991,19.7083426]],[[-101.2092649,19.7083417],[-101.2090899,19.7083566]],[[-101.2093526,19.7083379],[-101.2092649,19.7083417]],[[-101.2101211,19.7084632],[-101.2093526,19.7083379]],[[-101.2115526,19.708959],[-101.2106494,19.7085968]],[[-101.211612,19.7089862],[-101.2115526,19.708959]],[[-101.2117851,19.7090562],[-101.211612,19.7089862]],[[-101.211843,19.7090788],[-101.2117851,19.7090562]],[[-101.211843,19.7090788],[-101.2137735,19.7096165],[-101.2156251,19.7092827],[-101.2156491,19.710401],[-101.2161117,19.7114114],[-101.2160519,19.7121992]],[[-101.2161277,19.7122095],[-101.2160519,19.7121992]],[[-101.2161277,19.7122095],[-101.2166926,19.7120737],[-101.2171347,19.7113781],[-101.2184918,19.7105439]],[[-101.2184346,19.7104824],[-101.2184918,19.7105439]],[[-101.2182603,19.7099347],[-101.2184346,19.7104824]],[[-101.2181107,19.7093893],[-101.2182603,19.7099347]],[[-101.2180009,19.7090085],[-101.2181107,19.7093893]],[[-101.2177956,19.7082591],[-101.2180009,19.7090085]],[[-101.2177591,19.7080874],[-101.2177956,19.7082591]],[[-101.2177591,19.7080874],[-101.2210511,19.7077712],[-101.2256439,19.7066656]],[[-101.2273817,19.706244],[-101.2256439,19.7066656]],[[-101.2273817,19.706244],[-101.2271191,19.7052977],[-101.2290829,19.7048378]]]}},{"type":"Feature","id":"Roja 4 Tinijaro","properties":{"ref":"Roja 4 Tinijaro","nombre":"Roja 4 Tinijaro","variantes":1,"osmid":18073764,"paradas":0,"sin_nombre":false},"geometry":{"type":"MultiLineString","coordinates":[[[-101.1542,19.6963987],[-101.1515495,19.6962901]],[[-101.1542,19.6963987],[-101.1540944,19.6972794],[-101.1616777,19.6978464]],[[-101.1617505,19.6971101],[-101.1616777,19.6978464]],[[-101.1633395,19.6959908],[-101.1617505,19.6971101]],[[-101.1633395,19.6959908],[-101.1658061,19.6962833]],[[-101.1676541,19.6966354],[-101.1772954,19.6985517],[-101.1781075,19.699081],[-101.1822846,19.7029468],[-101.1831818,19.7029465]],[[-101.1839336,19.7029249],[-101.1831818,19.7029465]],[[-101.1854369,19.7028816],[-101.1839336,19.7029249]],[[-101.1873199,19.7028141],[-101.1854369,19.7028816]],[[-101.1876842,19.7028169],[-101.1873199,19.7028141]],[[-101.1879922,19.7028183],[-101.1876842,19.7028169]],[[-101.1897349,19.7028551],[-101.1879922,19.7028183]],[[-101.1903876,19.7028749],[-101.1897349,19.7028551]],[[-101.1903876,19.7028749],[-101.1903756,19.703818],[-101.1923246,19.7038677],[-101.1950253,19.7039012],[-101.1950691,19.702965]],[[-101.1968579,19.703001],[-101.1950691,19.702965]],[[-101.2001421,19.7030345],[-101.1968579,19.703001]],[[-101.2016882,19.7028391],[-101.2001421,19.7030345]],[[-101.2033319,19.7025896],[-101.2016882,19.7028391]],[[-101.2033319,19.7025896],[-101.2062627,19.7023348]],[[-101.2066408,19.7023104],[-101.2124116,19.7019589],[-101.2192329,19.7054589],[-101.2199567,19.705642],[-101.2241026,19.7049755],[-101.2363013,19.7020952]],[[-101.2393221,19.7013623],[-101.2434737,19.700495],[-101.2441665,19.700185],[-101.2527285,19.6981144],[-101.2644797,19.6962154],[-101.2644131,19.6960159],[-101.2631306,19.6961938],[-101.2630138,19.6956759]],[[-101.2651443,19.6939641],[-101.2646316,19.6945618],[-101.2630138,19.6956759]],[[-101.2639341,19.6923975],[-101.2651443,19.6939641]]]}},{"type":"Feature","id":"Roja 4A","properties":{"ref":"Roja 4A","nombre":"Roja 4A","variantes":2,"osmid":18016125,"paradas":0,"sin_nombre":false},"geometry":{"type":"MultiLineString","coordinates":[[[-101.2610459,19.6877648],[-101.2597395,19.6880871],[-101.2576228,19.6893869]],[[-101.2576147,19.6892142],[-101.2576228,19.6893869]],[[-101.2576147,19.6892142],[-101.2553241,19.6906147],[-101.2545062,19.6906435],[-101.2537806,19.691203],[-101.2534149,19.6912133],[-101.2543177,19.697614],[-101.2434486,19.6999346],[-101.2418238,19.7004898],[-101.2247904,19.7046434],[-101.2200737,19.7053896],[-101.2193122,19.7052248],[-101.2127257,19.7018057],[-101.2075193,19.7021489],[-101.2076201,19.7015263],[-101.2073354,19.7013236],[-101.207013,19.7013209],[-101.205907,19.702244],[-101.2001421,19.7030345],[-101.1950691,19.702965],[-101.1951122,19.7019116],[-101.1897752,19.7018098],[-101.1897674,19.7020364],[-101.1876696,19.701933],[-101.1876842,19.7028169],[-101.1831818,19.7029465],[-101.1823317,19.702663],[-101.1773846,19.6984607],[-101.1650105,19.6959871],[-101.1634091,19.6958331]],[[-101.1633894,19.6959081],[-101.1617505,19.6971101],[-101.1616777,19.6978464]],[[-101.1604321,19.6977507],[-101.1616777,19.6978464]],[[-101.1584268,19.6975694],[-101.1604321,19.6977507]],[[-101.1559634,19.6974463],[-101.1584268,19.6975694]],[[-101.1547834,19.6973361],[-101.1559634,19.6974463]],[[-101.1540944,19.6972794],[-101.1547834,19.6973361]],[[-101.1542,19.6963987],[-101.1540944,19.6972794]],[[-101.1542,19.6963987],[-101.1515495,19.6962901]],[[-101.1514903,19.6968889],[-101.1515495,19.6962901]],[[-101.1506189,19.6967938],[-101.1506795,19.6962248]],[[-101.1515495,19.6962901],[-101.1506795,19.6962248]],[[-101.1542,19.6963987],[-101.1515495,19.6962901]],[[-101.1542,19.6963987],[-101.1540944,19.6972794],[-101.1616777,19.6978464]],[[-101.1617505,19.6971101],[-101.1616777,19.6978464]],[[-101.1633395,19.6959908],[-101.1617505,19.6971101]],[[-101.1633395,19.6959908],[-101.1658061,19.6962833]],[[-101.1676541,19.6966354],[-101.1772954,19.6985517],[-101.1781075,19.699081],[-101.1822846,19.7029468],[-101.1831818,19.7029465]],[[-101.1839336,19.7029249],[-101.1831818,19.7029465]],[[-101.1854369,19.7028816],[-101.1839336,19.7029249]],[[-101.1873199,19.7028141],[-101.1854369,19.7028816]],[[-101.1876842,19.7028169],[-101.1873199,19.7028141]],[[-101.1879922,19.7028183],[-101.1876842,19.7028169]],[[-101.1897349,19.7028551],[-101.1879922,19.7028183]],[[-101.1903876,19.7028749],[-101.1897349,19.7028551]],[[-101.1903876,19.7028749],[-101.1903756,19.703818],[-101.1923246,19.7038677],[-101.1950253,19.7039012],[-101.1950691,19.702965]],[[-101.1968579,19.703001],[-101.1950691,19.702965]],[[-101.2001421,19.7030345],[-101.1968579,19.703001]],[[-101.2016882,19.7028391],[-101.2001421,19.7030345]],[[-101.2033319,19.7025896],[-101.2016882,19.7028391]],[[-101.2033319,19.7025896],[-101.2062627,19.7023348]],[[-101.2066408,19.7023104],[-101.2124116,19.7019589],[-101.2192329,19.7054589],[-101.2199567,19.705642],[-101.2241026,19.7049755],[-101.2363013,19.7020952]],[[-101.2393221,19.7013623],[-101.2434737,19.700495],[-101.2441665,19.700185],[-101.2543474,19.6977654]],[[-101.2543177,19.697614],[-101.2543314,19.6977029]],[[-101.2542024,19.6969398],[-101.2543177,19.697614]],[[-101.2542024,19.6969398],[-101.2559713,19.6967389],[-101.2555438,19.693521]],[[-101.2537471,19.6937195],[-101.2555438,19.693521]],[[-101.2534149,19.6912133],[-101.2537471,19.6937195]],[[-101.2537806,19.691203],[-101.2534149,19.6912133]],[[-101.2543158,19.6907879],[-101.2537806,19.691203]],[[-101.2543158,19.6907879],[-101.2553959,19.6908608],[-101.2576228,19.6893869]],[[-101.2597395,19.6880871],[-101.2576228,19.6893869]]]}},{"type":"Feature","id":"Roja 4M","properties":{"ref":"Roja 4M","nombre":"Roja 4M","variantes":1,"osmid":17992298,"paradas":0,"sin_nombre":false},"geometry":{"type":"MultiLineString","coordinates":[[[-101.2372776,19.6944115],[-101.2371267,19.6960346],[-101.2377597,19.699741],[-101.23771,19.7014793],[-101.2243418,19.7047432],[-101.219922,19.7053965],[-101.2127257,19.7018057],[-101.2075193,19.7021489],[-101.2076201,19.7015263],[-101.2073354,19.7013236],[-101.207013,19.7013209],[-101.205907,19.702244],[-101.2001421,19.7030345],[-101.1950691,19.702965],[-101.1951122,19.7019116],[-101.1897752,19.7018098],[-101.1897674,19.7020364],[-101.1876696,19.701933],[-101.1876842,19.7028169],[-101.1831818,19.7029465],[-101.1823317,19.702663],[-101.1773846,19.6984607],[-101.1676809,19.6965033]],[[-101.164499,19.6958961],[-101.1634091,19.6958331],[-101.1617505,19.6971101],[-101.1616777,19.6978464]],[[-101.1604321,19.6977507],[-101.1616777,19.6978464]],[[-101.1584268,19.6975694],[-101.1604321,19.6977507]],[[-101.1559634,19.6974463],[-101.1584268,19.6975694]],[[-101.1547834,19.6973361],[-101.1559634,19.6974463]],[[-101.1547834,19.6973361],[-101.1546277,19.6983731],[-101.1539769,19.6983241],[-101.1536714,19.7013907],[-101.1539001,19.7013424]],[[-101.155059,19.7039534],[-101.1539001,19.7013424]],[[-101.155059,19.7039534],[-101.1529433,19.7047351]],[[-101.1525658,19.7038237],[-101.1529433,19.7047351]],[[-101.1525658,19.7038237],[-101.1500511,19.7046631],[-101.1497288,19.7039747],[-101.1488514,19.7046603],[-101.1481075,19.7049333]],[[-101.1480451,19.7053501],[-101.1481075,19.7049333]],[[-101.1480684,19.7054121],[-101.1480451,19.7053501]],[[-101.1487256,19.7062957],[-101.1485646,19.7058359],[-101.1480684,19.7054121]],[[-101.1487256,19.7062957],[-101.1478358,19.7075245],[-101.147487,19.7073128]]]}},{"type":"Feature","id":"Rosa 2","properties":{"ref":"Rosa 2","nombre":"Rosa 2","variantes":1,"osmid":18074088,"paradas":0,"sin_nombre":false},"geometry":{"type":"MultiLineString","coordinates":[[[-101.211435,19.7488162],[-101.211444,19.7489438]],[[-101.2091727,19.7470422],[-101.211435,19.7488162]],[[-101.2091727,19.7470422],[-101.2068251,19.7453457]],[[-101.2043629,19.7464962],[-101.2068251,19.7453457]],[[-101.2043629,19.7464962],[-101.2036804,19.7424857]],[[-101.2049985,19.743186],[-101.2040892,19.7425044],[-101.2036804,19.7424857]],[[-101.2049985,19.743186],[-101.2049797,19.7432719]],[[-101.2058093,19.7438549],[-101.2049797,19.7432719]],[[-101.2058093,19.7438549],[-101.2064357,19.7411356],[-101.2042944,19.7401007],[-101.203359,19.7399706],[-101.202871,19.7344982]],[[-101.2038689,19.7341985],[-101.202871,19.7344982]],[[-101.2038689,19.7341985],[-101.2039275,19.7338088]],[[-101.2055769,19.7336247],[-101.2039275,19.7338088]],[[-101.2056621,19.7336152],[-101.2055769,19.7336247]],[[-101.2056621,19.7336152],[-101.2062202,19.730472]],[[-101.2066457,19.7305641],[-101.2062202,19.730472]],[[-101.2066457,19.7305641],[-101.2072244,19.7287478],[-101.2077362,19.7261843],[-101.2115657,19.7266372],[-101.2114084,19.7262102],[-101.1954031,19.7241268],[-101.1932433,19.7232769],[-101.1944104,19.723134]],[[-101.1944037,19.723032],[-101.1944104,19.723134]],[[-101.1942819,19.7201157],[-101.1944037,19.723032]],[[-101.1958003,19.7200465],[-101.1942819,19.7201157]],[[-101.1967663,19.7201172],[-101.1958003,19.7200465]],[[-101.1968869,19.720126],[-101.1967663,19.7201172]],[[-101.1968869,19.720126],[-101.1975045,19.7135976],[-101.1974226,19.713086],[-101.1982441,19.7056064],[-101.198369,19.7050358],[-101.1989178,19.704237],[-101.200145,19.7040609]],[[-101.2001421,19.7030345],[-101.200145,19.7040609]],[[-101.2001421,19.7030345],[-101.2001929,19.702061],[-101.1968617,19.7019331],[-101.1970322,19.6991433],[-101.1977045,19.6955039],[-101.2025374,19.6954333],[-101.2029141,19.6948278]],[[-101.2032678,19.6938834],[-101.2029141,19.6948278]],[[-101.2034631,19.692416],[-101.2032678,19.6938834]],[[-101.2034631,19.692416],[-101.2062577,19.692835]],[[-101.2066533,19.6950086],[-101.2069363,19.6929367]],[[-101.2066533,19.6950086],[-101.2105886,19.6955251],[-101.2129115,19.6906382]],[[-101.2166576,19.6926808],[-101.2129115,19.6906382]],[[-101.2169766,19.6928045],[-101.2166576,19.6926808]],[[-101.2169766,19.6928045],[-101.2173487,19.6924447]],[[-101.2184013,19.6935457],[-101.2173487,19.6924447]],[[-101.2189936,19.6941583],[-101.2184013,19.6935457]],[[-101.2228938,19.6907392],[-101.2189936,19.6941583]],[[-101.2229879,19.6906567],[-101.2228938,19.6907392]],[[-101.2229879,19.6906567],[-101.22216,19.6898237]],[[-101.223587,19.6886058],[-101.22216,19.6898237]],[[-101.223587,19.6886058],[-101.2235173,19.6871285],[-101.2237205,19.6869095],[-101.2239329,19.6870308]],[[-101.2241181,19.6883503],[-101.2239329,19.6870308]],[[-101.2241181,19.6883503],[-101.226027,19.6880768],[-101.2258003,19.6872824],[-101.2257657,19.6848091]],[[-101.226188,19.6848053],[-101.2257657,19.6848091]],[[-101.2274762,19.6836347],[-101.226188,19.6848053]],[[-101.2287314,19.6847216],[-101.2274762,19.6836347]],[[-101.2287314,19.6847216],[-101.2309138,19.6793688]]]}},{"type":"Feature","id":"Rosa 3","properties":{"ref":"Rosa 3","nombre":"Rosa 3","variantes":1,"osmid":17945573,"paradas":0,"sin_nombre":false},"geometry":{"type":"MultiLineString","coordinates":[[[-101.1831286,19.6998166],[-101.1822392,19.6997534],[-101.1825108,19.6963673],[-101.1806084,19.6962021],[-101.1808149,19.6950294],[-101.1790319,19.6947501],[-101.1781075,19.699081]],[[-101.1779884,19.6994187],[-101.1781075,19.699081]],[[-101.1778218,19.701443],[-101.1779884,19.6994187]],[[-101.1777212,19.7025312],[-101.1778218,19.701443]],[[-101.1776593,19.7032614],[-101.1777212,19.7025312]],[[-101.1778103,19.7048486],[-101.1776122,19.7042633],[-101.1776593,19.7032614]],[[-101.1812142,19.7061204],[-101.1787616,19.7057226],[-101.1778103,19.7048486]],[[-101.1822368,19.7061192],[-101.1812142,19.7061204]],[[-101.1822368,19.7061192],[-101.1854623,19.7056448],[-101.18938,19.7055964],[-101.1891116,19.7069041],[-101.1905865,19.7062828],[-101.1910374,19.7063594]],[[-101.1907019,19.7073387],[-101.1910374,19.7063594]],[[-101.1889123,19.7103242],[-101.1907019,19.7073387]],[[-101.1889123,19.7103242],[-101.1884456,19.7104083],[-101.1881353,19.7119741],[-101.1884708,19.7133535],[-101.1899959,19.7129769],[-101.1937755,19.7135997]],[[-101.1936527,19.7166891],[-101.1937755,19.7135997]],[[-101.1944274,19.7170568],[-101.1936527,19.7166891]],[[-101.1944274,19.7170568],[-101.1942819,19.7201157],[-101.1944037,19.723032],[-101.1930841,19.7232031],[-101.192881,19.7235643],[-101.1948895,19.7244139],[-101.1968674,19.724823],[-101.1983097,19.7291892],[-101.1986041,19.7294786],[-101.1993458,19.7314183],[-101.1992262,19.7325359]],[[-101.1990367,19.7331474],[-101.1992262,19.7325359]],[[-101.1990108,19.7332141],[-101.1990367,19.7331474]],[[-101.1986168,19.734367],[-101.1990108,19.7332141]],[[-101.1995762,19.7397085],[-101.1991131,19.7363766],[-101.1986168,19.734367]],[[-101.1995762,19.7397085],[-101.1996268,19.740209],[-101.2009604,19.7419799],[-101.2038451,19.7467254]],[[-101.2044696,19.7478743],[-101.2038451,19.7467254]],[[-101.2047053,19.7479085],[-101.2044696,19.7478743]],[[-101.2057091,19.7476037],[-101.2047053,19.7479085]],[[-101.2053161,19.7493759],[-101.205775,19.7489058],[-101.2058906,19.7482821],[-101.2057091,19.7476037]],[[-101.2053161,19.7493759],[-101.2058133,19.7518343],[-101.2069279,19.7522927],[-101.2107664,19.753006],[-101.2108027,19.7541032]]]}},{"type":"Feature","id":"Rosa Metropolis - Estrella","properties":{"ref":"Rosa Metropolis - Estrella","nombre":"Rosa Metropolis - Estrella","variantes":1,"osmid":18180712,"paradas":0,"sin_nombre":false},"geometry":{"type":"MultiLineString","coordinates":[[[-101.19519,19.7626716],[-101.1952666,19.7628432],[-101.195571,19.7627833]],[[-101.1950924,19.765943],[-101.195571,19.7627833]],[[-101.1950808,19.7660042],[-101.1950924,19.765943]],[[-101.1950808,19.7660042],[-101.1959251,19.7661427],[-101.1960326,19.765295],[-101.1977935,19.7641409],[-101.1977892,19.7639112]],[[-101.1979651,19.7629337],[-101.1977892,19.7639112]],[[-101.1979651,19.7629337],[-101.1990528,19.7628863],[-101.1995617,19.7631515],[-101.200701,19.7631823],[-101.2017497,19.763773],[-101.2037764,19.763482],[-101.2035697,19.7626694],[-101.2040981,19.7597718]],[[-101.2056271,19.7600292],[-101.2040981,19.7597718]],[[-101.2056036,19.7601621],[-101.2056271,19.7600292]],[[-101.2061692,19.7602587],[-101.2056036,19.7601621]],[[-101.2062785,19.76028],[-101.2061692,19.7602587]],[[-101.2063183,19.7602887],[-101.2062785,19.76028]],[[-101.2065907,19.7588484],[-101.2063183,19.7602887]],[[-101.2062434,19.758779],[-101.2065907,19.7588484]],[[-101.2062434,19.758779],[-101.2048199,19.7566814],[-101.204827,19.7563385],[-101.2045126,19.756294],[-101.2027778,19.7548368],[-101.2018195,19.7534537],[-101.2002471,19.753114],[-101.2003388,19.752071],[-101.1967489,19.7518062],[-101.1969459,19.7497664]],[[-101.1984989,19.7475017],[-101.1973858,19.7487204],[-101.1969459,19.7497664]],[[-101.1984989,19.7475017],[-101.1989712,19.746894]],[[-101.2004211,19.7465358],[-101.1989712,19.746894]],[[-101.2004211,19.7465358],[-101.2010468,19.7470103]],[[-101.2037694,19.7466053],[-101.2010468,19.7470103]],[[-101.1995898,19.7398763],[-101.1996268,19.740209],[-101.2009604,19.7419799],[-101.2037694,19.7466053]],[[-101.1995821,19.7397872],[-101.1995898,19.7398763]],[[-101.1995762,19.7397085],[-101.1995821,19.7397872]],[[-101.1995762,19.7397085],[-101.1991131,19.7363766],[-101.1986168,19.734367],[-101.1994651,19.7319231],[-101.1994661,19.7314313],[-101.2023303,19.7315024],[-101.2023622,19.7290519],[-101.2030057,19.7267513],[-101.2048098,19.7272214]],[[-101.2051721,19.7258792],[-101.2048098,19.7272214]],[[-101.2051721,19.7258792],[-101.2052675,19.725433],[-101.195007,19.7240407],[-101.1932433,19.7232769],[-101.1944104,19.723134]],[[-101.1944037,19.723032],[-101.1944104,19.723134]],[[-101.1942819,19.7201157],[-101.1944037,19.723032]],[[-101.1958003,19.7200465],[-101.1942819,19.7201157]],[[-101.1967663,19.7201172],[-101.1958003,19.7200465]],[[-101.1968869,19.720126],[-101.1967663,19.7201172]],[[-101.1968869,19.720126],[-101.1979739,19.7072054],[-101.1984665,19.7048668],[-101.1968286,19.7048086],[-101.1968617,19.7019331],[-101.1951122,19.7019116],[-101.1952683,19.6968507],[-101.1954677,19.6955458],[-101.1957578,19.6826683],[-101.1962862,19.6814196],[-101.1969686,19.6810611],[-101.1976706,19.681101],[-101.1982926,19.6815425],[-101.198464,19.6819225],[-101.1977716,19.6838531]],[[-101.1977293,19.6839411],[-101.199148,19.685036],[-101.202447,19.6851648],[-101.2039839,19.6864553],[-101.2072229,19.6866476],[-101.2141744,19.6879644],[-101.2163654,19.6834195],[-101.2164768,19.6835101]]]}},{"type":"Feature","id":"Rosa Puerta del Sol - Galaxia","properties":{"ref":"Rosa Puerta del Sol - Galaxia","nombre":"Rosa Puerta del Sol - Galaxia","variantes":2,"osmid":18097058,"paradas":0,"sin_nombre":false},"geometry":{"type":"MultiLineString","coordinates":[[[-101.2175693,19.6839586],[-101.2162826,19.6831823],[-101.2140675,19.687833],[-101.2072327,19.6865662],[-101.2046608,19.6864059],[-101.2045774,19.6855883]],[[-101.2040593,19.6856123],[-101.2045774,19.6855883]],[[-101.2041164,19.6863752],[-101.2040593,19.6856123]],[[-101.2041164,19.6863752],[-101.203709,19.6861913],[-101.20262,19.685108],[-101.1991668,19.6849425],[-101.1977716,19.6838531],[-101.1956587,19.6880665]],[[-101.1956363,19.6880659],[-101.1956587,19.6880665]],[[-101.1956363,19.6880659],[-101.1957578,19.6826683],[-101.1959622,19.6822115],[-101.1957684,19.6819619],[-101.1954822,19.6821299],[-101.195641,19.6832139]],[[-101.1955146,19.6833105],[-101.195641,19.6832139]],[[-101.1955146,19.6833105],[-101.1952233,19.6955497],[-101.1951188,19.6962549],[-101.1943004,19.6961633],[-101.1940774,19.7029512]],[[-101.1941278,19.7029519],[-101.1940774,19.7029512]],[[-101.1941278,19.7029519],[-101.1940359,19.707264],[-101.1961885,19.7073314],[-101.19771,19.7069858],[-101.1979739,19.7072054]],[[-101.1978031,19.7090216],[-101.1979739,19.7072054]],[[-101.197412,19.7132017],[-101.1978031,19.7090216]],[[-101.1973966,19.713413],[-101.197412,19.7132017]],[[-101.197429,19.7134768],[-101.1973966,19.713413]],[[-101.197429,19.7134768],[-101.1968988,19.7187133],[-101.1944274,19.7170568],[-101.1907785,19.715697]],[[-101.1905334,19.7202863],[-101.1907785,19.715697]],[[-101.1942819,19.7201157],[-101.1905334,19.7202863]],[[-101.1942819,19.7201157],[-101.1944037,19.723032],[-101.1930841,19.7232031],[-101.192881,19.7235643],[-101.1958642,19.7246729],[-101.2043057,19.7257493]],[[-101.2039492,19.726999],[-101.2043057,19.7257493]],[[-101.2030057,19.7267513],[-101.2039492,19.726999]],[[-101.2023518,19.7292655],[-101.2030057,19.7267513]],[[-101.2023303,19.7315024],[-101.2023518,19.7292655]],[[-101.2005395,19.7314602],[-101.2023303,19.7315024]],[[-101.200534,19.7333149],[-101.2005395,19.7314602]],[[-101.1995584,19.7333281],[-101.200534,19.7333149]],[[-101.1995584,19.7333281],[-101.1990367,19.7331474]],[[-101.1990108,19.7332141],[-101.1990367,19.7331474]],[[-101.1986168,19.734367],[-101.1990108,19.7332141]],[[-101.1995762,19.7397085],[-101.1991131,19.7363766],[-101.1986168,19.734367]],[[-101.1995762,19.7397085],[-101.1995898,19.7398763],[-101.194532,19.7419192],[-101.1928777,19.7449544],[-101.1916857,19.7456074],[-101.1920389,19.751658],[-101.1963028,19.7518219],[-101.1953306,19.7586763],[-101.1949078,19.7596739],[-101.1947433,19.7612519],[-101.1952234,19.7628207],[-101.1990528,19.7628863],[-101.1995617,19.7631515],[-101.200701,19.7631823],[-101.2017497,19.763773],[-101.2036287,19.7634551],[-101.2042689,19.7635536],[-101.2059404,19.7645587],[-101.2063302,19.765607],[-101.2070202,19.7665296]],[[-101.2070553,19.7664348],[-101.2070202,19.7665296]],[[-101.2091005,19.7649778],[-101.2077899,19.7657334],[-101.2070553,19.7664348]],[[-101.2095754,19.7643013],[-101.2091005,19.7649778]],[[-101.2095754,19.7643013],[-101.2091565,19.7637676],[-101.2097848,19.7633217],[-101.2093805,19.7630715]],[[-101.2097323,19.7628456],[-101.2093805,19.7630715]],[[-101.2097848,19.7633217],[-101.2102803,19.7629609]],[[-101.2091565,19.7637676],[-101.2097848,19.7633217]],[[-101.2095754,19.7643013],[-101.2091565,19.7637676]],[[-101.2095754,19.7643013],[-101.2091954,19.7649032],[-101.2077899,19.7657334],[-101.2070553,19.7664348],[-101.2064141,19.76555],[-101.2060346,19.7645275],[-101.2043778,19.7634981],[-101.2037092,19.7633061],[-101.2017444,19.7636796],[-101.2008043,19.7631041],[-101.1996576,19.7630283],[-101.1990072,19.7627405],[-101.195337,19.7626063],[-101.1948226,19.7612488],[-101.195414,19.7586912],[-101.1963665,19.7517737],[-101.1921149,19.751595],[-101.1918348,19.7481506]],[[-101.1917438,19.7481],[-101.1918348,19.7481506]],[[-101.1995898,19.7398763],[-101.194532,19.7419192],[-101.1928777,19.7449544],[-101.1916857,19.7456074],[-101.1917438,19.7481]],[[-101.1995821,19.7397872],[-101.1995898,19.7398763]],[[-101.1995762,19.7397085],[-101.1995821,19.7397872]],[[-101.1995762,19.7397085],[-101.1991131,19.7363766],[-101.1986168,19.734367],[-101.1994651,19.7319231],[-101.1994661,19.7314313],[-101.2023303,19.7315024],[-101.2023622,19.7290519],[-101.2030057,19.7267513],[-101.2048098,19.7272214]],[[-101.2051721,19.7258792],[-101.2048098,19.7272214]],[[-101.2051721,19.7258792],[-101.2052675,19.725433],[-101.195007,19.7240407],[-101.1932433,19.7232769],[-101.1944104,19.723134]],[[-101.1944037,19.723032],[-101.1944104,19.723134]],[[-101.1942819,19.7201157],[-101.1944037,19.723032]],[[-101.1942819,19.7201157],[-101.1905334,19.7202863],[-101.1907785,19.715697]],[[-101.1936527,19.7166891],[-101.1907785,19.715697]],[[-101.1944274,19.7170568],[-101.1936527,19.7166891]],[[-101.1968988,19.7187133],[-101.1944274,19.7170568]],[[-101.1970153,19.7187733],[-101.1968988,19.7187133]],[[-101.1970153,19.7187733],[-101.1979739,19.7072054],[-101.1984665,19.7048668],[-101.1968286,19.7048086],[-101.1968617,19.7019331],[-101.1951122,19.7019116],[-101.1952683,19.6968507],[-101.1954677,19.6955458],[-101.1957578,19.6826683],[-101.1962862,19.6814196],[-101.1969686,19.6810611],[-101.1974252,19.6810614],[-101.1981055,19.681491],[-101.1989763,19.6817019],[-101.1989918,19.6830617]],[[-101.1993123,19.6830769],[-101.1989918,19.6830617]],[[-101.1993123,19.6830769],[-101.1992768,19.6850485],[-101.202278,19.6851307],[-101.2039839,19.6864553],[-101.2072229,19.6866476],[-101.2141744,19.6879644],[-101.2163654,19.6834195],[-101.2164768,19.6835101]]]}},{"type":"Feature","id":"Ruta 1 Circuito","properties":{"ref":"Ruta 1 Circuito","nombre":"Ruta 1 Circuito","variantes":2,"osmid":18180814,"paradas":0,"sin_nombre":false},"geometry":{"type":"MultiLineString","coordinates":[[[-101.2522993,19.6982104],[-101.2543474,19.6977654]],[[-101.2543177,19.697614],[-101.2543314,19.6977029]],[[-101.2543177,19.697614],[-101.2436959,19.6998983],[-101.243068,19.6990364],[-101.2344347,19.6789133],[-101.2336777,19.6782656],[-101.230373,19.6770195]],[[-101.2300668,19.6769244],[-101.2232434,19.6766176],[-101.2202714,19.6770261],[-101.2099911,19.6721067],[-101.2088322,19.671957],[-101.2029793,19.6753442],[-101.2024941,19.6760363],[-101.2012341,19.6801132],[-101.200859,19.6805943],[-101.2003296,19.6808779],[-101.1984863,19.6811302],[-101.1970075,19.680954],[-101.1945579,19.6817549],[-101.1907841,19.6823455],[-101.1898669,19.6822598],[-101.1874689,19.6811446],[-101.1864532,19.6809816],[-101.169761,19.6820752],[-101.167688,19.6828462],[-101.1604303,19.6878695],[-101.1539256,19.6871483],[-101.1529323,19.6874134],[-101.1510047,19.6893862],[-101.150592,19.6900388],[-101.1492288,19.6941903],[-101.1490834,19.6957038],[-101.1493342,19.6963334],[-101.1626011,19.7066853],[-101.1633302,19.7073764],[-101.1651384,19.709769],[-101.1653401,19.7104132],[-101.1659718,19.7106366],[-101.1718156,19.7150209]],[[-101.1723814,19.7154571],[-101.1788438,19.7201719],[-101.1799713,19.7202385],[-101.1819448,19.7192964],[-101.1833455,19.7192504],[-101.1954466,19.7245775],[-101.2203139,19.7277259],[-101.2215659,19.7276994],[-101.2225181,19.7273535],[-101.223438,19.7265923],[-101.2275902,19.720809],[-101.2310774,19.7153467],[-101.2364297,19.7079341],[-101.2372314,19.7073002],[-101.2385042,19.7067192],[-101.2435242,19.7054271],[-101.2444739,19.7046446],[-101.2448529,19.7033732],[-101.2439419,19.7008696],[-101.2442273,19.7002537],[-101.2522993,19.6982104]],[[-101.2543837,19.7015333],[-101.2542743,19.7011028],[-101.2538988,19.7009051],[-101.2536505,19.7004462]],[[-101.2543814,19.7016198],[-101.2543837,19.7015333]],[[-101.2543814,19.7016943],[-101.2543814,19.7016198]],[[-101.2545463,19.7028205],[-101.2543814,19.7016943]],[[-101.250123,19.6985155],[-101.2429822,19.7001137],[-101.2444136,19.7031851],[-101.2443278,19.7040336],[-101.2440274,19.7045336],[-101.243273,19.7050829],[-101.2382292,19.7063517],[-101.2360588,19.7076581],[-101.2313141,19.714193],[-101.2232528,19.7260622],[-101.2225602,19.7267812],[-101.221893,19.7271457],[-101.2208115,19.7273081],[-101.2191951,19.7271503],[-101.1954031,19.7241268],[-101.185074,19.7196146],[-101.1831475,19.7189693],[-101.1820584,19.7189963],[-101.1800813,19.7199548],[-101.1791204,19.7199925],[-101.1768956,19.7185555],[-101.1666075,19.7106781],[-101.1663325,19.7098703],[-101.1654755,19.7095862],[-101.1630778,19.706787],[-101.1499653,19.6962732],[-101.1495126,19.6956725],[-101.1495153,19.6948689],[-101.1496873,19.6936738],[-101.1503271,19.6916058],[-101.1511044,19.6897428],[-101.1534016,19.6875006],[-101.1605249,19.6880498],[-101.1677881,19.6829967],[-101.1694024,19.6823074],[-101.1863417,19.6811598],[-101.1872534,19.6812765],[-101.1900775,19.6824573],[-101.1918257,19.682378]],[[-101.1920779,19.6823402],[-101.194636,19.6819375],[-101.1957748,19.6824116],[-101.1961093,19.681604],[-101.1969686,19.6810611],[-101.1986728,19.6812399],[-101.2006715,19.6808084],[-101.2013769,19.6799338],[-101.2025846,19.6761404],[-101.2030506,19.675432],[-101.2088464,19.67206],[-101.2099414,19.6722279],[-101.2200044,19.6770714],[-101.220466,19.6771764],[-101.2232452,19.6767707],[-101.2294114,19.67697]],[[-101.2297252,19.6770111],[-101.2298416,19.6770417]],[[-101.2303367,19.6772081],[-101.2336628,19.6784377],[-101.2341664,19.6787696],[-101.2344808,19.6792634],[-101.2415698,19.695825],[-101.2431676,19.7005342],[-101.2522993,19.6982104]],[[-101.2543837,19.7015333],[-101.2542743,19.7011028],[-101.2538988,19.7009051],[-101.2536505,19.7004462]],[[-101.2543814,19.7016198],[-101.2543837,19.7015333]],[[-101.2543814,19.7016943],[-101.2543814,19.7016198]],[[-101.2545463,19.7028205],[-101.2543814,19.7016943]],[[-101.2545463,19.7028205],[-101.2543359,19.7012018],[-101.2538988,19.7009051],[-101.2536505,19.7004462]],[[-101.2522993,19.6982104],[-101.2543474,19.6977654]],[[-101.2543177,19.697614],[-101.2543314,19.6977029]],[[-101.2543177,19.697614],[-101.250123,19.6985155]]]}},{"type":"Feature","id":"Ruta 1 Pedregal","properties":{"ref":"Ruta 1 Pedregal","nombre":"Ruta 1 Pedregal","variantes":1,"osmid":18181028,"paradas":0,"sin_nombre":false},"geometry":{"type":"MultiLineString","coordinates":[[[-101.2545463,19.7028205],[-101.2543814,19.7016198],[-101.2537959,19.7017543],[-101.2531358,19.7005791],[-101.2536505,19.7004462],[-101.2522993,19.6982104],[-101.2543474,19.6977654]],[[-101.2543314,19.6977029],[-101.2543474,19.6977654]],[[-101.2543177,19.697614],[-101.2543314,19.6977029]],[[-101.2543177,19.697614],[-101.2434486,19.6999346],[-101.2424023,19.7003407],[-101.23771,19.7014793]],[[-101.2377245,19.7010618],[-101.23771,19.7014793]],[[-101.2373038,19.6969033],[-101.2377597,19.699741],[-101.2377245,19.7010618]],[[-101.2372863,19.6953086],[-101.2371267,19.6960346],[-101.2373038,19.6969033]],[[-101.2372924,19.6947088],[-101.2372863,19.6953086]],[[-101.2372776,19.6944115],[-101.2372924,19.6947088]],[[-101.2370855,19.6938],[-101.2372776,19.6944115]],[[-101.2376015,19.6924259],[-101.2370855,19.6938]],[[-101.2368463,19.6894201],[-101.2366741,19.6907781],[-101.2376015,19.6924259]],[[-101.2368463,19.6894201],[-101.2384491,19.6882043],[-101.236983,19.684745],[-101.2368338,19.684817],[-101.2415698,19.695825],[-101.2431676,19.7005342],[-101.2543474,19.6977654]],[[-101.2543314,19.6977029],[-101.2543474,19.6977654]],[[-101.2543177,19.697614],[-101.2543314,19.6977029]],[[-101.2543177,19.697614],[-101.2434486,19.6999346],[-101.2424023,19.7003407],[-101.23771,19.7014793]],[[-101.2377245,19.7010618],[-101.23771,19.7014793]],[[-101.2373038,19.6969033],[-101.2377597,19.699741],[-101.2377245,19.7010618]],[[-101.2372863,19.6953086],[-101.2371267,19.6960346],[-101.2373038,19.6969033]],[[-101.2372924,19.6947088],[-101.2372863,19.6953086]],[[-101.2372776,19.6944115],[-101.2372924,19.6947088]],[[-101.2370855,19.6938],[-101.2372776,19.6944115]],[[-101.2376015,19.6924259],[-101.2370855,19.6938]],[[-101.2368463,19.6894201],[-101.2366741,19.6907781],[-101.2376015,19.6924259]],[[-101.2368463,19.6894201],[-101.2384491,19.6882043],[-101.236983,19.684745],[-101.2368338,19.684817]],[[-101.2365938,19.6849358],[-101.2292616,19.688447],[-101.2258277,19.6913583],[-101.2250583,19.6913832],[-101.2245442,19.6909668],[-101.2190388,19.695766],[-101.2181376,19.6969375],[-101.2125967,19.7020251],[-101.2157623,19.7037409],[-101.2161295,19.7037738],[-101.21551,19.7058167],[-101.2152277,19.7076131],[-101.2156251,19.7092827],[-101.2156491,19.710401],[-101.2161117,19.7114114],[-101.215647,19.7136368],[-101.2155757,19.7152639],[-101.2162372,19.7176945],[-101.216724,19.7183935],[-101.2210635,19.7213862],[-101.2232138,19.7224572],[-101.2241305,19.7247743],[-101.2229103,19.7264797],[-101.2221273,19.7270379],[-101.2213883,19.7272641],[-101.2191951,19.7271503],[-101.1954031,19.7241268],[-101.1930841,19.7232031]],[[-101.1928087,19.7230756],[-101.185074,19.7196146],[-101.1831475,19.7189693],[-101.1820584,19.7189963],[-101.1798113,19.7200225],[-101.1785745,19.7197644],[-101.1666075,19.7106781],[-101.1663325,19.7098703],[-101.1654755,19.7095862],[-101.1630778,19.706787],[-101.1499653,19.6962732],[-101.1495126,19.6956725],[-101.1495153,19.6948689]],[[-101.1495481,19.6945941],[-101.1497415,19.6934817],[-101.1508548,19.6901447],[-101.1531295,19.687662],[-101.1538644,19.6874248],[-101.1605249,19.6880498],[-101.1677881,19.6829967],[-101.1690404,19.6824097],[-101.1703171,19.6821731],[-101.1863417,19.6811598],[-101.1872534,19.6812765],[-101.1900775,19.6824573],[-101.1918257,19.682378]],[[-101.1920779,19.6823402],[-101.1921825,19.6819613]],[[-101.1972804,19.6795104],[-101.1975065,19.6796687],[-101.1975755,19.6800555],[-101.1970733,19.6805305],[-101.1960997,19.680653],[-101.195142,19.6810847],[-101.1927646,19.6813992],[-101.1921825,19.6819613]],[[-101.1972804,19.6795104],[-101.1975286,19.6793904],[-101.1974574,19.6758257],[-101.1995778,19.6758648]],[[-101.1995729,19.6741698],[-101.1995778,19.6758648]],[[-101.1995729,19.6741698],[-101.2006726,19.6741838],[-101.200847,19.6715874],[-101.2010998,19.671612]],[[-101.2023082,19.6712049],[-101.2010998,19.671612]],[[-101.2036682,19.6707235],[-101.2023082,19.6712049]],[[-101.2036682,19.6707235],[-101.2050786,19.6741744],[-101.2083772,19.6722113],[-101.2095061,19.6720813],[-101.2200044,19.6770714],[-101.220466,19.6771764],[-101.2232452,19.6767707],[-101.2294114,19.67697]],[[-101.2297252,19.6770111],[-101.2298416,19.6770417]],[[-101.2303367,19.6772081],[-101.2336628,19.6784377],[-101.2342522,19.6788644],[-101.2368338,19.684817]]]}},{"type":"Feature","id":"Ruta 2 (Contra Reloj)","properties":{"ref":"Ruta 2 (Contra Reloj)","nombre":"Ruta 2 (Contra Reloj)","variantes":1,"osmid":18090329,"paradas":0,"sin_nombre":false},"geometry":{"type":"MultiLineString","coordinates":[[[-101.2048296,19.6926209],[-101.2036681,19.6911]],[[-101.2036367,19.6910942],[-101.2036681,19.6911]],[[-101.203662,19.6909556],[-101.2036367,19.6910942]],[[-101.203662,19.6909556],[-101.2016037,19.6906213]],[[-101.2003806,19.6901989],[-101.2009632,19.6902188],[-101.2016037,19.6906213]],[[-101.199078,19.690206],[-101.2003806,19.6901989]],[[-101.1955913,19.6902041],[-101.199078,19.690206]],[[-101.1955913,19.6902041],[-101.1957578,19.6826683],[-101.1959622,19.6822115],[-101.195744,19.6814293],[-101.1907841,19.6823455],[-101.1898669,19.6822598],[-101.1874689,19.6811446],[-101.1866998,19.6809862],[-101.1741141,19.6817744],[-101.1721276,19.6900155],[-101.163722,19.6882219],[-101.1608863,19.6877421],[-101.1602205,19.6878995],[-101.1589611,19.6877514],[-101.159323,19.6914113],[-101.1596813,19.6926897],[-101.1588489,19.6954641],[-101.1586258,19.6954461]],[[-101.1586186,19.6955943],[-101.1586258,19.6954461]],[[-101.1586157,19.6956666],[-101.1586186,19.6955943]],[[-101.1584268,19.6975694],[-101.1586157,19.6956666]],[[-101.1581347,19.7006092],[-101.1584268,19.6975694]],[[-101.1581347,19.7006092],[-101.1614548,19.7000073]],[[-101.1623824,19.7020981],[-101.1614548,19.7000073]],[[-101.1633679,19.7017561],[-101.1623824,19.7020981]],[[-101.1665309,19.7020821],[-101.1633679,19.7017561]],[[-101.1709163,19.7024859],[-101.1665309,19.7020821]],[[-101.1718371,19.7025666],[-101.1709163,19.7024859]],[[-101.1718371,19.7025666],[-101.1713598,19.707724]],[[-101.1712543,19.7087464],[-101.1713598,19.707724]],[[-101.1712543,19.7087464],[-101.1756524,19.709],[-101.175194,19.7132475],[-101.1801683,19.7132562],[-101.1801799,19.7124479]],[[-101.1814655,19.7124457],[-101.1801799,19.7124479]],[[-101.1814698,19.7132581],[-101.1814655,19.7124457]],[[-101.1814698,19.7132581],[-101.1840542,19.7132626],[-101.1872129,19.711083],[-101.1881964,19.7107624],[-101.1891979,19.7109191],[-101.189802,19.710735]],[[-101.1938707,19.710773],[-101.189802,19.710735]],[[-101.2013585,19.710843],[-101.1938707,19.710773]],[[-101.2023902,19.7108776],[-101.2013585,19.710843]],[[-101.2045739,19.7109135],[-101.2023902,19.7108776]],[[-101.2045739,19.7109135],[-101.2043269,19.7075668]],[[-101.2063051,19.7079124],[-101.2043269,19.7075668]],[[-101.2059492,19.7025967],[-101.2063051,19.7079124]],[[-101.2059492,19.7025967],[-101.2062627,19.7023348],[-101.2073183,19.7021364],[-101.2079522,19.7009627],[-101.207771,19.7004635],[-101.2084764,19.6980263],[-101.2088911,19.695284]],[[-101.2087644,19.6952684],[-101.2088911,19.695284]],[[-101.2086397,19.6952531],[-101.2087644,19.6952684]],[[-101.2066533,19.6950086],[-101.2086397,19.6952531]],[[-101.2066533,19.6950086],[-101.2069363,19.6929367]],[[-101.2062577,19.692835],[-101.2069363,19.6929367]],[[-101.2048296,19.6926209],[-101.2055758,19.6927327]]]}},{"type":"Feature","id":"Ruta 2 (Sentido Reloj)","properties":{"ref":"Ruta 2 (Sentido Reloj)","nombre":"Ruta 2 (Sentido Reloj)","variantes":1,"osmid":18149288,"paradas":0,"sin_nombre":false},"geometry":{"type":"MultiLineString","coordinates":[[[-101.2044383,19.6925622],[-101.2048296,19.6926209],[-101.2036681,19.6911]],[[-101.2036367,19.6910942],[-101.2036681,19.6911]],[[-101.202924,19.6909647],[-101.2036367,19.6910942]],[[-101.202924,19.6909647],[-101.2027704,19.6923122]],[[-101.2020882,19.6922099],[-101.2027704,19.6923122]],[[-101.2014317,19.6921104],[-101.2020882,19.6922099]],[[-101.2016037,19.6906213],[-101.2014317,19.6921104]],[[-101.2003806,19.6901989],[-101.2009632,19.6902188],[-101.2016037,19.6906213]],[[-101.199078,19.690206],[-101.2003806,19.6901989]],[[-101.1955913,19.6902041],[-101.199078,19.690206]],[[-101.1954724,19.6902053],[-101.1955913,19.6902041]],[[-101.1954329,19.6902071],[-101.1954724,19.6902053]],[[-101.1953224,19.6902086],[-101.1954329,19.6902071]],[[-101.1953634,19.6885312],[-101.1953224,19.6902086]],[[-101.1955146,19.6833105],[-101.1953634,19.6885312]],[[-101.1955146,19.6833105],[-101.195641,19.6832139]],[[-101.1956503,19.6829312],[-101.195641,19.6832139]],[[-101.1955593,19.6823618],[-101.1956503,19.6829312]],[[-101.1953743,19.682319],[-101.1955593,19.6823618]],[[-101.1920779,19.6823402],[-101.194636,19.6819375],[-101.1953743,19.682319]],[[-101.1919235,19.6878918],[-101.1920779,19.6823402]],[[-101.1892703,19.6886903],[-101.19067,19.6889034]],[[-101.1880449,19.6885042],[-101.1892703,19.6886903]],[[-101.1875446,19.6884281],[-101.1880449,19.6885042]],[[-101.1875446,19.6884281],[-101.1875484,19.6877987],[-101.1810446,19.687621]],[[-101.1811134,19.6867355],[-101.1810446,19.687621]],[[-101.1811665,19.6861701],[-101.1811134,19.6867355]],[[-101.1811665,19.6861701],[-101.1805696,19.6860743]],[[-101.1806336,19.6857378],[-101.1805696,19.6860743]],[[-101.1807915,19.684892],[-101.1806336,19.6857378]],[[-101.1813595,19.6818493],[-101.1807915,19.684892]],[[-101.181031,19.6814805],[-101.1813595,19.6818493]],[[-101.1742094,19.6819456],[-101.181031,19.6814805]],[[-101.1737821,19.6835788],[-101.1742094,19.6819456]],[[-101.1731798,19.6861614],[-101.1737821,19.6835788]],[[-101.1731494,19.6862917],[-101.1731798,19.6861614]],[[-101.1721972,19.6903747],[-101.1731494,19.6862917]],[[-101.1720511,19.6903465],[-101.1721972,19.6903747]],[[-101.171238,19.6901807],[-101.1720511,19.6903465]],[[-101.1603665,19.6880798],[-101.16363,19.6884989],[-101.171238,19.6901807]],[[-101.1602303,19.6880866],[-101.1603665,19.6880798]],[[-101.1590896,19.6879568],[-101.1602303,19.6880866]],[[-101.1592095,19.6892644],[-101.1590896,19.6879568]],[[-101.1593023,19.6899009],[-101.1592095,19.6892644]],[[-101.1593204,19.6900027],[-101.1593023,19.6899009]],[[-101.1595848,19.691263],[-101.1593204,19.6900027]],[[-101.1596422,19.6914405],[-101.1595848,19.691263]],[[-101.1589966,19.6953728],[-101.159776,19.6927814],[-101.1596422,19.6914405]],[[-101.1589655,19.6954736],[-101.1589966,19.6953728]],[[-101.1589367,19.695556],[-101.1589655,19.6954736]],[[-101.1589149,19.6956157],[-101.1589367,19.695556]],[[-101.1588037,19.6956068],[-101.1589149,19.6956157]],[[-101.1586186,19.6955943],[-101.1588037,19.6956068]],[[-101.1586157,19.6956666],[-101.1586186,19.6955943]],[[-101.1584268,19.6975694],[-101.1586157,19.6956666]],[[-101.1581347,19.7006092],[-101.1584268,19.6975694]],[[-101.1581347,19.7006092],[-101.1614548,19.7000073]],[[-101.1623824,19.7020981],[-101.1614548,19.7000073]],[[-101.1633679,19.7017561],[-101.1623824,19.7020981]],[[-101.1665309,19.7020821],[-101.1633679,19.7017561]],[[-101.1709163,19.7024859],[-101.1665309,19.7020821]],[[-101.1718371,19.7025666],[-101.1709163,19.7024859]],[[-101.1718371,19.7025666],[-101.1713598,19.707724]],[[-101.1712543,19.7087464],[-101.1713598,19.707724]],[[-101.1712543,19.7087464],[-101.1763187,19.7090008]],[[-101.1761629,19.7115562],[-101.1763187,19.7090008]],[[-101.1761081,19.7124548],[-101.1761629,19.7115562]],[[-101.1760594,19.713249],[-101.1761081,19.7124548]],[[-101.1760594,19.713249],[-101.1801683,19.7132562],[-101.1801799,19.7124479]],[[-101.1814655,19.7124457],[-101.1801799,19.7124479]],[[-101.1814698,19.7132581],[-101.1814655,19.7124457]],[[-101.1814698,19.7132581],[-101.1840542,19.7132626],[-101.1872129,19.711083],[-101.1883956,19.710737],[-101.1891979,19.7109191],[-101.1901548,19.7105561],[-101.1906745,19.7100831],[-101.1922146,19.7077917],[-101.1931703,19.7073003],[-101.1940359,19.707264],[-101.1938707,19.710773]],[[-101.2013585,19.710843],[-101.1938707,19.710773]],[[-101.2023902,19.7108776],[-101.2013585,19.710843]],[[-101.2045739,19.7109135],[-101.2023902,19.7108776]],[[-101.2045739,19.7109135],[-101.2043269,19.7075668]],[[-101.2063051,19.7079124],[-101.2043269,19.7075668]],[[-101.2067815,19.7079982],[-101.2063051,19.7079124]],[[-101.2064636,19.7033394],[-101.2067815,19.7079982]],[[-101.206918,19.7033139],[-101.2064636,19.7033394]],[[-101.206918,19.7033139],[-101.2068999,19.702771]],[[-101.2068624,19.7023032],[-101.2068999,19.702771]],[[-101.2067516,19.7022201],[-101.2068624,19.7023032]],[[-101.206795,19.7017057],[-101.2067516,19.7022201]],[[-101.2072159,19.7013236],[-101.206795,19.7017057]],[[-101.2077831,19.7008332],[-101.2072159,19.7013236]],[[-101.2077228,19.7006947],[-101.2077831,19.7008332]],[[-101.2076975,19.7005886],[-101.2077228,19.7006947]],[[-101.2076275,19.7004683],[-101.2076975,19.7005886]],[[-101.2082464,19.6979938],[-101.2076275,19.7004683]],[[-101.2086397,19.6952531],[-101.2082464,19.6979938]],[[-101.2066533,19.6950086],[-101.2086397,19.6952531]],[[-101.2066533,19.6950086],[-101.2069363,19.6929367]],[[-101.2062577,19.692835],[-101.2069363,19.6929367]],[[-101.2055758,19.6927327],[-101.2062577,19.692835]],[[-101.2048296,19.6926209],[-101.2055758,19.6927327]],[[-101.2044383,19.6925622],[-101.2048296,19.6926209]]]}},{"type":"Feature","id":"Ruta 4","properties":{"ref":"Ruta 4","nombre":"Ruta 4","variantes":1,"osmid":17991975,"paradas":0,"sin_nombre":false},"geometry":{"type":"MultiLineString","coordinates":[[[-101.2788291,19.7016009],[-101.2779011,19.7016161],[-101.2758165,19.7011845],[-101.2754666,19.7008878],[-101.2753594,19.6999183]],[[-101.275261,19.6998525],[-101.2753594,19.6999183]],[[-101.275261,19.6998525],[-101.2712749,19.6987369]],[[-101.2709395,19.6997658],[-101.2712749,19.6987369]],[[-101.2711704,19.7001548],[-101.2709395,19.6997658]],[[-101.2707929,19.7005131],[-101.2711704,19.7001548]],[[-101.2713903,19.7037027],[-101.27135,19.7021649],[-101.2707929,19.7005131]],[[-101.2713903,19.7037027],[-101.2590761,19.7049085],[-101.2590013,19.7047867]],[[-101.2578601,19.7052934],[-101.2590013,19.7047867]],[[-101.257079,19.7041251],[-101.2578601,19.7052934]],[[-101.257079,19.7041251],[-101.2562091,19.7019646],[-101.2573417,19.7017698]],[[-101.2563134,19.6975488],[-101.2573417,19.7017698]],[[-101.2563134,19.6975488],[-101.2644797,19.6962154],[-101.2644131,19.6960159],[-101.2526781,19.6978838],[-101.2429822,19.7001137]],[[-101.2397384,19.7010717],[-101.2243418,19.7047432],[-101.219922,19.7053965],[-101.2125891,19.7017717],[-101.2075193,19.7021489],[-101.2076201,19.7015263],[-101.207013,19.7013209],[-101.205907,19.702244],[-101.2040947,19.7024309],[-101.2024302,19.7021744],[-101.1968617,19.7019331],[-101.1970322,19.6991433],[-101.1973714,19.6976316]],[[-101.1968819,19.6973484],[-101.1973714,19.6976316]],[[-101.1962107,19.69708],[-101.1968819,19.6973484]],[[-101.1952683,19.6968507],[-101.1962107,19.69708]],[[-101.1952683,19.6968507],[-101.1951188,19.6962549],[-101.1943004,19.6961633]],[[-101.1925813,19.6960189],[-101.1943004,19.6961633]],[[-101.1916736,19.6959116],[-101.1925813,19.6960189]],[[-101.1899216,19.6959258],[-101.1916736,19.6959116]],[[-101.1893666,19.6959538],[-101.1899216,19.6959258]],[[-101.1889708,19.6959309],[-101.1893666,19.6959538]],[[-101.1877626,19.6957796],[-101.1889708,19.6959309]],[[-101.1877626,19.6957796],[-101.1878828,19.6932098],[-101.1890126,19.6934901]],[[-101.1894523,19.6935332],[-101.1890126,19.6934901]],[[-101.1894523,19.6935332],[-101.1893666,19.6959538]]]}},{"type":"Feature","id":"San Bernabe","properties":{"ref":"San Bernabe","nombre":"San Bernabe","variantes":2,"osmid":17992201,"paradas":0,"sin_nombre":false},"geometry":{"type":"MultiLineString","coordinates":[[[-101.1649229,19.7671359],[-101.1637561,19.7667448]],[[-101.1631693,19.7657363],[-101.1637561,19.7667448]],[[-101.1631693,19.7657363],[-101.1621099,19.7671007]],[[-101.1616561,19.7678823],[-101.1621099,19.7671007]],[[-101.1616561,19.7678823],[-101.1625842,19.7681853],[-101.1623593,19.7687775],[-101.1620347,19.7694501],[-101.1611004,19.7691227]],[[-101.1602908,19.7703901],[-101.1611004,19.7691227]],[[-101.1602908,19.7703901],[-101.159395,19.7699748],[-101.1579801,19.7699092],[-101.1586858,19.7684031],[-101.159727,19.7670813],[-101.1658222,19.7613677],[-101.1669228,19.7601125],[-101.1779595,19.7390841],[-101.1785493,19.7386228],[-101.1815447,19.7371782],[-101.1824169,19.7362502],[-101.1827187,19.7350727],[-101.1833061,19.728013],[-101.1836309,19.7263878],[-101.1845243,19.7249235],[-101.1873339,19.722638],[-101.1883544,19.721156],[-101.18859,19.7201926],[-101.1888175,19.7164571],[-101.1891241,19.7152871],[-101.188283,19.7116953],[-101.1887582,19.7105863],[-101.1905797,19.7076536],[-101.1913568,19.7053514],[-101.189423,19.7053498],[-101.1887987,19.7081359],[-101.1826367,19.7081985]],[[-101.1826363,19.7067573],[-101.1826367,19.7081985]],[[-101.1821989,19.7066891],[-101.1826363,19.7067573]],[[-101.1821989,19.7066891],[-101.1822368,19.7061192],[-101.1854623,19.7056448]],[[-101.18938,19.7055964],[-101.1891116,19.7069041],[-101.1905865,19.7062828],[-101.1909551,19.7063455],[-101.1903839,19.7078982],[-101.1888242,19.7103845],[-101.1884456,19.7104083],[-101.1882074,19.7115425],[-101.1881637,19.7122693],[-101.1890169,19.7152631],[-101.1887191,19.7164466],[-101.1882692,19.7205876],[-101.1877534,19.7217415],[-101.1844347,19.724778],[-101.1835006,19.7263441],[-101.1831607,19.7280006],[-101.182732,19.7338665],[-101.1824198,19.7359071],[-101.1819552,19.7366394],[-101.1814266,19.7370696],[-101.1787298,19.7384054],[-101.1775504,19.7393803],[-101.166848,19.7600081],[-101.1657545,19.7612487],[-101.1596646,19.7670049],[-101.1586033,19.7683079],[-101.1572961,19.771148],[-101.1566695,19.7746626],[-101.1567168,19.775959],[-101.1571945,19.7785418]],[[-101.1574874,19.7794963],[-101.1567481,19.7753119]]]}},{"type":"Feature","id":"San Jose de la Palma (Trebol - Postal - Monarcas)","properties":{"ref":"San Jose de la Palma (Trebol - Postal - Monarcas)","nombre":"San Jose de la Palma (Trebol - Postal - Monarcas)","variantes":1,"osmid":18015662,"paradas":0,"sin_nombre":false},"geometry":{"type":"MultiLineString","coordinates":[[[-101.18938,19.7055964],[-101.1891116,19.7069041],[-101.1905865,19.7062828],[-101.1909551,19.7063455],[-101.1903839,19.7078982],[-101.1888242,19.7103845],[-101.1884456,19.7104083],[-101.1881353,19.7119741],[-101.1882452,19.7125699],[-101.1861107,19.7132529],[-101.1821329,19.716109]],[[-101.1822201,19.7162226],[-101.1821329,19.716109]],[[-101.1823348,19.716372],[-101.1822201,19.7162226]],[[-101.1824115,19.7164719],[-101.1823348,19.716372]],[[-101.1824115,19.7164719],[-101.1861547,19.7136355],[-101.1883223,19.7128553],[-101.1890169,19.7152631],[-101.1887191,19.7164466],[-101.1884688,19.7203689],[-101.188215,19.7212755],[-101.1875961,19.7222386],[-101.1842228,19.7250633],[-101.1833999,19.7266358],[-101.1826457,19.7347343],[-101.1823288,19.7361056],[-101.1814266,19.7370696],[-101.1787298,19.7384054],[-101.1775504,19.7393803],[-101.1664985,19.7604887],[-101.1591267,19.7675611],[-101.1584254,19.7679959],[-101.1570176,19.7683525]],[[-101.1524287,19.7698974],[-101.1528904,19.7697368]],[[-101.1449831,19.772319],[-101.1524287,19.7698974]],[[-101.1449831,19.772319],[-101.1451189,19.7711902],[-101.1446612,19.7704232],[-101.1447179,19.7699786],[-101.1443773,19.7693047],[-101.144321,19.7682155]],[[-101.1470883,19.7648155],[-101.1448534,19.7673661],[-101.144321,19.7682155]],[[-101.1468456,19.7646236],[-101.1470883,19.7648155]],[[-101.1458619,19.7642967],[-101.1468456,19.7646236]],[[-101.1458619,19.7642967],[-101.14465,19.7645267]],[[-101.1442304,19.7649261],[-101.14465,19.7645267]],[[-101.1433044,19.7649101],[-101.1442304,19.7649261]],[[-101.1430818,19.7645605],[-101.1433044,19.7649101]],[[-101.1429122,19.7635756],[-101.1430818,19.7645605]],[[-101.1415656,19.7633506],[-101.1429122,19.7635756]],[[-101.1412412,19.763304],[-101.1415656,19.7633506]],[[-101.1410339,19.7627617],[-101.1412412,19.763304]],[[-101.1410644,19.7627107],[-101.1410339,19.7627617]]]}},{"type":"Feature","id":"San Juanito Itzicuaro","properties":{"ref":"San Juanito Itzicuaro","nombre":"San Juanito Itzicuaro","variantes":2,"osmid":18015810,"paradas":0,"sin_nombre":false},"geometry":{"type":"MultiLineString","coordinates":[[[-101.2753139,19.6651186],[-101.2731786,19.6654432],[-101.2705154,19.6669097],[-101.2680992,19.6697869]],[[-101.2613887,19.6718159],[-101.2640273,19.6710065],[-101.2661268,19.6709168],[-101.2680992,19.6697869]],[[-101.2547643,19.6736439],[-101.2580574,19.6724612],[-101.2613887,19.6718159]],[[-101.2544673,19.6722015],[-101.2547643,19.6736439]],[[-101.2544673,19.6722015],[-101.2538887,19.6723108],[-101.2546386,19.6758469],[-101.2545793,19.6767676],[-101.2509448,19.6797211],[-101.2506383,19.6802725],[-101.2506799,19.6872572],[-101.250123,19.6985155],[-101.2432648,19.699979],[-101.2418238,19.7004898],[-101.2247904,19.7046434],[-101.219922,19.7053965],[-101.2125891,19.7017717],[-101.2075193,19.7021489],[-101.2076201,19.7015263],[-101.207013,19.7013209],[-101.205907,19.702244],[-101.2042815,19.7023201],[-101.203891,19.7021446],[-101.2034108,19.7015618],[-101.2013987,19.6986417]],[[-101.1973714,19.6976316],[-101.2013987,19.6986417]],[[-101.1968819,19.6973484],[-101.1973714,19.6976316]],[[-101.1962107,19.69708],[-101.1968819,19.6973484]],[[-101.1952683,19.6968507],[-101.1962107,19.69708]],[[-101.1952683,19.6968507],[-101.1951188,19.6962549],[-101.1943004,19.6961633]],[[-101.1925813,19.6960189],[-101.1943004,19.6961633]],[[-101.1916736,19.6959116],[-101.1925813,19.6960189]],[[-101.1899216,19.6959258],[-101.1916736,19.6959116]],[[-101.1893666,19.6959538],[-101.1899216,19.6959258]],[[-101.1889708,19.6959309],[-101.1893666,19.6959538]],[[-101.1877626,19.6957796],[-101.1889708,19.6959309]],[[-101.1877626,19.6957796],[-101.1943004,19.6961633],[-101.1942757,19.6966456],[-101.2013987,19.6986417]],[[-101.2034108,19.7015618],[-101.2013987,19.6986417]],[[-101.203891,19.7021446],[-101.2034108,19.7015618]],[[-101.203891,19.7021446],[-101.2041507,19.7025095],[-101.2124116,19.7019589],[-101.21339,19.7024752]]]}},{"type":"Feature","id":"San Pedro (Aga Trebol - Seminario)","properties":{"ref":"San Pedro (Aga Trebol - Seminario)","nombre":"San Pedro (Aga Trebol - Seminario)","variantes":1,"osmid":17992288,"paradas":0,"sin_nombre":false},"geometry":{"type":"MultiLineString","coordinates":[[[-101.1368156,19.7853909],[-101.1362275,19.7831968],[-101.1350817,19.7829472],[-101.1329934,19.7764729]],[[-101.132862,19.7760602],[-101.1528904,19.7697368]],[[-101.1564121,19.7686025],[-101.1528904,19.7697368]],[[-101.1564121,19.7686025],[-101.1575892,19.7684166],[-101.1592244,19.7689614],[-101.1598284,19.768661],[-101.1599931,19.7681927],[-101.1599426,19.7672409],[-101.1604717,19.7664267],[-101.1666282,19.7605129],[-101.1779595,19.7390841],[-101.1785493,19.7386228],[-101.1815447,19.7371782],[-101.1824169,19.7362502],[-101.1827187,19.7350727],[-101.1833061,19.728013],[-101.1836309,19.7263878],[-101.1845243,19.7249235],[-101.1873815,19.722369],[-101.1879114,19.7216495],[-101.1883108,19.7207716],[-101.1886738,19.7186219]],[[-101.1886106,19.7199427],[-101.1888175,19.7164571],[-101.1891241,19.7152871],[-101.188283,19.7116953],[-101.1887582,19.7105863],[-101.1907019,19.7073387]],[[-101.1910374,19.7063594],[-101.1913568,19.7053514],[-101.189423,19.7053498],[-101.1887987,19.7081359],[-101.1826367,19.7081985]],[[-101.1826363,19.7067573],[-101.1826367,19.7081985]],[[-101.1821989,19.7066891],[-101.1826363,19.7067573]],[[-101.1821989,19.7066891],[-101.1822368,19.7061192],[-101.1854623,19.7056448],[-101.18938,19.7055964],[-101.1881353,19.7119741],[-101.1890169,19.7152631]]]}},{"type":"Feature","id":"Tarimbaro","properties":{"ref":"Tarimbaro","nombre":"Tarimbaro","variantes":1,"osmid":18073853,"paradas":0,"sin_nombre":false},"geometry":{"type":"MultiLineString","coordinates":[[[-101.1746004,19.7957539],[-101.1758228,19.7958076]],[[-101.1742196,19.795795],[-101.1746004,19.7957539]],[[-101.1727971,19.7959703],[-101.1742196,19.795795]],[[-101.1727971,19.7959703],[-101.1630303,19.7971324],[-101.1625042,19.7970665],[-101.1581705,19.7833548],[-101.1567571,19.7755366],[-101.1572965,19.771481],[-101.158999,19.7678978],[-101.1658222,19.7613677],[-101.1669228,19.7601125],[-101.1779595,19.7390841],[-101.1785493,19.7386228],[-101.1815447,19.7371782],[-101.1824169,19.7362502],[-101.1827187,19.7350727],[-101.1833061,19.728013],[-101.1836309,19.7263878],[-101.1845243,19.7249235],[-101.18778,19.7221498],[-101.1883544,19.721156],[-101.18859,19.7201926]],[[-101.1886738,19.7186219],[-101.1888175,19.7164571],[-101.1891241,19.7152871],[-101.188283,19.7116953],[-101.1887582,19.7105863],[-101.1907019,19.7073387]],[[-101.1910374,19.7063594],[-101.1913568,19.7053514],[-101.189423,19.7053498],[-101.1887987,19.7081359],[-101.1826367,19.7081985]],[[-101.1826363,19.7067573],[-101.1826367,19.7081985]],[[-101.1821989,19.7066891],[-101.1826363,19.7067573]],[[-101.1821989,19.7066891],[-101.1822368,19.7061192],[-101.1854623,19.7056448],[-101.1885062,19.7056532]]]}},{"type":"Feature","id":"Tejaro (La Palma - Valle Real C)","properties":{"ref":"Tejaro (La Palma - Valle Real C)","nombre":"Tejaro (La Palma - Valle Real C)","variantes":1,"osmid":18180726,"paradas":0,"sin_nombre":false},"geometry":{"type":"MultiLineString","coordinates":[[[-101.1001547,19.8311217],[-101.1037899,19.8310895],[-101.1061993,19.8315646],[-101.1073908,19.8325151]],[[-101.1002797,19.831853],[-101.1001547,19.8311217]],[[-101.1002962,19.832466],[-101.1002797,19.831853]],[[-101.0999496,19.8338837],[-101.1002962,19.832466]],[[-101.0998038,19.8344891],[-101.0999496,19.8338837]],[[-101.0993695,19.8369911],[-101.0998038,19.8344891]],[[-101.0993695,19.8369911],[-101.0980633,19.8368633]],[[-101.0975759,19.8359115],[-101.0980633,19.8368633]],[[-101.0975759,19.8359115],[-101.092939,19.8364817],[-101.091681,19.835503],[-101.0913309,19.8347787],[-101.0914872,19.8339555],[-101.0918601,19.8334363],[-101.0938101,19.8323986],[-101.0943558,19.8318],[-101.0962055,19.8310086]],[[-101.09606,19.8305352],[-101.0962055,19.8310086]],[[-101.0960323,19.8304137],[-101.09606,19.8305352]],[[-101.0950776,19.8235116],[-101.0953711,19.8242038],[-101.0960323,19.8304137]],[[-101.0950245,19.8234181],[-101.0950776,19.8235116]],[[-101.0949339,19.8232603],[-101.0950245,19.8234181]],[[-101.0926758,19.8078767],[-101.0925225,19.8088622],[-101.0948614,19.8157057],[-101.0946039,19.8163638],[-101.0929302,19.818221],[-101.0927156,19.8189962],[-101.0929088,19.8196947],[-101.0949339,19.8232603]],[[-101.0927082,19.8077784],[-101.0926758,19.8078767]],[[-101.0877559,19.7931065],[-101.088008,19.7936026],[-101.088362,19.7963042],[-101.090481,19.8002841],[-101.0928226,19.8065022],[-101.0929084,19.8071734],[-101.0927082,19.8077784]],[[-101.0876995,19.7930146],[-101.0877559,19.7931065]],[[-101.0869713,19.7911861],[-101.0873213,19.7916164],[-101.0876995,19.7930146]],[[-101.0869713,19.7911861],[-101.0889347,19.7902624],[-101.09019,19.7893185],[-101.091169,19.7888856],[-101.1322582,19.7761308],[-101.1377339,19.7745782],[-101.1528904,19.7697368]],[[-101.1564121,19.7686025],[-101.1528904,19.7697368]],[[-101.1564121,19.7686025],[-101.1575892,19.7684166],[-101.1592244,19.7689614],[-101.1598284,19.768661],[-101.1599931,19.7681927],[-101.1599426,19.7672409],[-101.1604717,19.7664267],[-101.1666282,19.7605129],[-101.1779595,19.7390841],[-101.1785493,19.7386228],[-101.1815447,19.7371782],[-101.1824169,19.7362502],[-101.1827187,19.7350727],[-101.1833061,19.728013],[-101.1836309,19.7263878],[-101.1845243,19.7249235],[-101.1873815,19.722369],[-101.1881342,19.7212419],[-101.1891241,19.7152871],[-101.1882594,19.7119663],[-101.1886761,19.7107553],[-101.1883956,19.710737],[-101.1881353,19.7119741],[-101.1882452,19.7125699],[-101.1861107,19.7132529],[-101.1821329,19.716109]],[[-101.1822201,19.7162226],[-101.1821329,19.716109]]]}},{"type":"Feature","id":"Tenencia Morelos (Arquito)","properties":{"ref":"Tenencia Morelos (Arquito)","nombre":"Tenencia Morelos (Arquito)","variantes":3,"osmid":17945761,"paradas":0,"sin_nombre":false},"geometry":{"type":"MultiLineString","coordinates":[[[-101.1916736,19.6959116],[-101.1943004,19.6961633],[-101.1942757,19.6966456],[-101.2013987,19.6986417]],[[-101.2034108,19.7015618],[-101.2013987,19.6986417]],[[-101.203891,19.7021446],[-101.2034108,19.7015618]],[[-101.203891,19.7021446],[-101.2041507,19.7025095],[-101.2066408,19.7023104],[-101.2074175,19.7020528],[-101.2193652,19.6773525],[-101.2236437,19.6681265],[-101.2246318,19.6665183],[-101.2257156,19.6654883],[-101.2254112,19.6650034],[-101.2253481,19.6644048],[-101.2283209,19.6581953],[-101.2289287,19.6561083],[-101.2302376,19.6549059],[-101.2305865,19.6543126],[-101.2316954,19.6542397],[-101.2345638,19.6528439],[-101.2373975,19.6522971],[-101.2390397,19.6499333]],[[-101.2390582,19.6491236],[-101.2390397,19.6499333]],[[-101.2379773,19.6490844],[-101.2390582,19.6491236]],[[-101.2369429,19.6479601],[-101.2372635,19.6485314],[-101.2379773,19.6490844]],[[-101.2369429,19.6479601],[-101.2374553,19.6447625]],[[-101.236071,19.6447541],[-101.2374553,19.6447625]],[[-101.236071,19.6447541],[-101.2355543,19.643227]],[[-101.2371903,19.642696],[-101.2355543,19.643227]],[[-101.237931,19.6424498],[-101.2371903,19.642696]],[[-101.2381082,19.643097],[-101.237931,19.6424498]],[[-101.2391305,19.6430574],[-101.2381082,19.643097]],[[-101.2391089,19.6425623],[-101.2391305,19.6430574]],[[-101.2394742,19.6420934],[-101.2391089,19.6425623]],[[-101.2394742,19.6420934],[-101.2403687,19.6421628],[-101.2405076,19.6385356]],[[-101.2403687,19.6421628],[-101.2405076,19.6385356]],[[-101.2394742,19.6420934],[-101.2403687,19.6421628]],[[-101.2394742,19.6420934],[-101.2391089,19.6425623],[-101.2390397,19.6499333]],[[-101.2384602,19.650777],[-101.2390397,19.6499333]],[[-101.2403687,19.6421628],[-101.2405076,19.6385356]],[[-101.2394742,19.6420934],[-101.2403687,19.6421628]],[[-101.2394742,19.6420934],[-101.2391089,19.6425623],[-101.2391305,19.6430574],[-101.2381082,19.643097],[-101.237931,19.6424498],[-101.2371903,19.642696],[-101.237001,19.6420885],[-101.2364464,19.6422662],[-101.236223,19.6416572],[-101.2350363,19.6420562],[-101.2358817,19.6447495],[-101.2374553,19.6447625]],[[-101.2369429,19.6479601],[-101.2374553,19.6447625]],[[-101.2369429,19.6479601],[-101.2370946,19.648347],[-101.2377981,19.6489986],[-101.2390582,19.6491236],[-101.2390397,19.6499333]],[[-101.2384602,19.650777],[-101.2390397,19.6499333]],[[-101.2365406,19.6523737],[-101.2374727,19.6522446],[-101.2384602,19.650777]],[[-101.2363959,19.6524071],[-101.2365406,19.6523737]],[[-101.2332467,19.653451],[-101.2342125,19.6529544],[-101.2363959,19.6524071]],[[-101.2307535,19.6542751],[-101.2316954,19.6542397],[-101.2332467,19.653451]],[[-101.2307535,19.6542751],[-101.2305416,19.6542097]],[[-101.2304371,19.654442],[-101.2305416,19.6542097]],[[-101.2283209,19.6581953],[-101.228842,19.65626],[-101.2302376,19.6549059],[-101.2304371,19.654442]],[[-101.2253481,19.6644048],[-101.2283209,19.6581953]],[[-101.2253481,19.6644048],[-101.2251698,19.6655717],[-101.2240164,19.6669684],[-101.20809,19.7004708],[-101.205907,19.702244],[-101.2042815,19.7023201],[-101.203891,19.7021446],[-101.2034108,19.7015618],[-101.2013987,19.6986417]],[[-101.1973714,19.6976316],[-101.2013987,19.6986417]],[[-101.1968819,19.6973484],[-101.1973714,19.6976316]],[[-101.1962107,19.69708],[-101.1968819,19.6973484]],[[-101.1952683,19.6968507],[-101.1962107,19.69708]],[[-101.1952683,19.6968507],[-101.1951188,19.6962549],[-101.1943004,19.6961633]],[[-101.1925813,19.6960189],[-101.1943004,19.6961633]],[[-101.1916736,19.6959116],[-101.1925813,19.6960189]],[[-101.1899216,19.6959258],[-101.1916736,19.6959116]],[[-101.1893666,19.6959538],[-101.1899216,19.6959258]],[[-101.1889708,19.6959309],[-101.1893666,19.6959538]],[[-101.1889708,19.6959309],[-101.1890126,19.6934901]],[[-101.2307362,19.6390374],[-101.2340454,19.6426785]],[[-101.2347262,19.6418718],[-101.2340454,19.6426785]],[[-101.2348913,19.6416996],[-101.2347262,19.6418718]],[[-101.2348913,19.6416996],[-101.2358817,19.6447495],[-101.2374553,19.6447625]],[[-101.2253481,19.6644048],[-101.2251698,19.6655717],[-101.2240164,19.6669684],[-101.2192975,19.6771148]]]}},{"type":"Feature","id":"Valle Real (Trebol - Postal)","properties":{"ref":"Valle Real (Trebol - Postal)","nombre":"Valle Real (Trebol - Postal)","variantes":3,"osmid":18074331,"paradas":0,"sin_nombre":false},"geometry":{"type":"MultiLineString","coordinates":[[[-101.1086201,19.7626357],[-101.1074602,19.7625047],[-101.1057081,19.7619481],[-101.1045011,19.7623672],[-101.1030641,19.762319]],[[-101.1094591,19.7659902],[-101.109514,19.7655349],[-101.1090821,19.7649922],[-101.1086201,19.7626357]],[[-101.1094591,19.7659902],[-101.1127991,19.7663118],[-101.1128991,19.7665073],[-101.1144394,19.7672028],[-101.1157157,19.7671926],[-101.1208261,19.7655409],[-101.1211388,19.7656273],[-101.1213492,19.7645706],[-101.1219963,19.7639785]],[[-101.1225308,19.7640328],[-101.1219963,19.7639785]],[[-101.1225308,19.7640328],[-101.1228219,19.7664197],[-101.1219205,19.7674671],[-101.1214337,19.7684275],[-101.1215906,19.7685462],[-101.1226745,19.7682749],[-101.1229349,19.7684392],[-101.1223139,19.7689213],[-101.1220444,19.7700282],[-101.1231438,19.773219],[-101.1241373,19.7730637],[-101.1252746,19.7736133]],[[-101.1252901,19.7735208],[-101.1252746,19.7736133]],[[-101.1252901,19.7735208],[-101.1242021,19.7702553],[-101.123828,19.7703732]],[[-101.124325,19.7718421],[-101.123828,19.7703732]],[[-101.1247338,19.7717244],[-101.124325,19.7718421]],[[-101.1252901,19.7735208],[-101.1247338,19.7717244]],[[-101.1252901,19.7735208],[-101.1252746,19.7736133]],[[-101.126116,19.7760914],[-101.1252746,19.7736133]],[[-101.1268354,19.7760726],[-101.126116,19.7760914]],[[-101.1268354,19.7760726],[-101.1272248,19.7775873]],[[-101.1086201,19.7626357],[-101.1074602,19.7625047],[-101.1057081,19.7619481],[-101.1045011,19.7623672],[-101.1030641,19.762319]],[[-101.1094591,19.7659902],[-101.109514,19.7655349],[-101.1090821,19.7649922],[-101.1086201,19.7626357]],[[-101.1094591,19.7659902],[-101.1127991,19.7663118],[-101.1128991,19.7665073],[-101.1144394,19.7672028],[-101.1157157,19.7671926],[-101.1208261,19.7655409],[-101.1211388,19.7656273],[-101.1213492,19.7645706],[-101.1219963,19.7639785]],[[-101.1225308,19.7640328],[-101.1219963,19.7639785]],[[-101.1225308,19.7640328],[-101.1228219,19.7664197],[-101.1219205,19.7674671],[-101.1214337,19.7684275],[-101.1215906,19.7685462],[-101.1226745,19.7682749],[-101.1229349,19.7684392],[-101.1223139,19.7689213],[-101.1220444,19.7700282],[-101.1231438,19.773219],[-101.1241373,19.7730637],[-101.1252746,19.7736133]],[[-101.1252901,19.7735208],[-101.1252746,19.7736133]],[[-101.1252901,19.7735208],[-101.1242021,19.7702553],[-101.123828,19.7703732]],[[-101.124325,19.7718421],[-101.123828,19.7703732]],[[-101.1247338,19.7717244],[-101.124325,19.7718421]],[[-101.1252901,19.7735208],[-101.1247338,19.7717244]],[[-101.1252901,19.7735208],[-101.1252746,19.7736133]],[[-101.126116,19.7760914],[-101.1252746,19.7736133]],[[-101.1268354,19.7760726],[-101.126116,19.7760914]],[[-101.1268354,19.7760726],[-101.1272248,19.7775873],[-101.1258736,19.777993],[-101.1254245,19.7782459],[-101.1259487,19.7781949],[-101.1528904,19.7697368]],[[-101.1564121,19.7686025],[-101.1528904,19.7697368]],[[-101.1564121,19.7686025],[-101.1575892,19.7684166],[-101.1592244,19.7689614],[-101.1598284,19.768661],[-101.1599931,19.7681927],[-101.1599426,19.7672409],[-101.1604717,19.7664267],[-101.1666282,19.7605129],[-101.1779595,19.7390841],[-101.1785493,19.7386228],[-101.1815447,19.7371782],[-101.1824169,19.7362502],[-101.1827187,19.7350727],[-101.1833061,19.728013],[-101.1836309,19.7263878],[-101.1845243,19.7249235],[-101.18778,19.7221498],[-101.1885363,19.7205359],[-101.1888175,19.7164571],[-101.1891241,19.7152871],[-101.188283,19.7116953],[-101.1887582,19.7105863],[-101.1905797,19.7076536],[-101.1913568,19.7053514],[-101.189423,19.7053498],[-101.1881389,19.7120896]],[[-101.1268354,19.7760726],[-101.1272248,19.7775873],[-101.1258736,19.777993],[-101.1254245,19.7782459],[-101.1259487,19.7781949],[-101.1449831,19.772319]],[[-101.1524287,19.7698974],[-101.1528904,19.7697368]],[[-101.1449831,19.772319],[-101.1524287,19.7698974]],[[-101.1564121,19.7686025],[-101.1575892,19.7684166],[-101.1592244,19.7689614],[-101.1598284,19.768661],[-101.1599931,19.7681927],[-101.1599426,19.7672409],[-101.1604717,19.7664267],[-101.1666282,19.7605129],[-101.1779595,19.7390841],[-101.1785493,19.7386228],[-101.1815447,19.7371782],[-101.1824169,19.7362502],[-101.1827187,19.7350727],[-101.1833061,19.728013],[-101.1836309,19.7263878],[-101.1845243,19.7249235],[-101.18778,19.7221498],[-101.1885363,19.7205359],[-101.1888175,19.7164571],[-101.1891241,19.7152871],[-101.188283,19.7116953],[-101.1887582,19.7105863],[-101.1905797,19.7076536],[-101.1913488,19.7056004],[-101.1913568,19.7053514],[-101.1895907,19.7053488]]]}},{"type":"Feature","id":"Verde 1","properties":{"ref":"Verde 1","nombre":"Verde 1","variantes":2,"osmid":17945638,"paradas":0,"sin_nombre":false},"geometry":{"type":"MultiLineString","coordinates":[[[-101.2256452,19.6770723],[-101.2257095,19.6872493],[-101.2260848,19.6887875],[-101.2261169,19.6897566],[-101.2190388,19.695766],[-101.2181376,19.6969375],[-101.2127257,19.7018057],[-101.2075193,19.7021489],[-101.2076201,19.7015263],[-101.207013,19.7013209],[-101.205907,19.702244],[-101.2042815,19.7023201],[-101.203891,19.7021446],[-101.2034108,19.7015618],[-101.2013987,19.6986417]],[[-101.1973714,19.6976316],[-101.2013987,19.6986417]],[[-101.1968819,19.6973484],[-101.1973714,19.6976316]],[[-101.1962107,19.69708],[-101.1968819,19.6973484]],[[-101.1952683,19.6968507],[-101.1962107,19.69708]],[[-101.1952683,19.6968507],[-101.1951188,19.6962549],[-101.1943004,19.6961633]],[[-101.1925813,19.6960189],[-101.1943004,19.6961633]],[[-101.1916736,19.6959116],[-101.1925813,19.6960189]],[[-101.1899216,19.6959258],[-101.1916736,19.6959116]],[[-101.1893666,19.6959538],[-101.1899216,19.6959258]],[[-101.1889708,19.6959309],[-101.1893666,19.6959538]],[[-101.1877626,19.6957796],[-101.1889708,19.6959309]],[[-101.1870661,19.6955766],[-101.1877626,19.6957796]],[[-101.1819135,19.6939954],[-101.1870661,19.6955766]],[[-101.1810424,19.6938419],[-101.1819135,19.6939954]],[[-101.1792282,19.6935399],[-101.1810424,19.6938419]],[[-101.1762403,19.693065],[-101.1792282,19.6935399]],[[-101.1659037,19.6955008],[-101.1762403,19.693065]],[[-101.1659037,19.6955008],[-101.164499,19.6958961],[-101.1589966,19.6953728],[-101.159784,19.6925717],[-101.1590568,19.6877628],[-101.1588103,19.6873303]],[[-101.1586966,19.6869249],[-101.1588103,19.6873303]],[[-101.158444,19.6855144],[-101.1586966,19.6869249]],[[-101.1577012,19.6813817],[-101.1584723,19.6845386],[-101.158444,19.6855144]],[[-101.1574458,19.6803411],[-101.1584723,19.6845386],[-101.158425,19.6854247],[-101.1588103,19.6873303],[-101.1586239,19.6876536],[-101.1580146,19.6876382],[-101.1579968,19.6877821],[-101.1587555,19.6879187],[-101.1590067,19.6882062],[-101.159323,19.6914113],[-101.1596842,19.6925978],[-101.1588037,19.6956068],[-101.1658061,19.6962833],[-101.1659037,19.6955008],[-101.1762403,19.693065],[-101.1819135,19.6939954],[-101.1877626,19.6957796],[-101.1943004,19.6961633],[-101.1942757,19.6966456],[-101.2013987,19.6986417]],[[-101.2034108,19.7015618],[-101.2013987,19.6986417]],[[-101.203891,19.7021446],[-101.2034108,19.7015618]],[[-101.203891,19.7021446],[-101.2041507,19.7025095],[-101.2115776,19.7019782],[-101.21263,19.7020453],[-101.218131,19.6970712],[-101.219049,19.6958711],[-101.2244711,19.6911336],[-101.2250712,19.6915028],[-101.2257315,19.6915011],[-101.2272679,19.6901623]],[[-101.2284995,19.6890245],[-101.2272679,19.6901623]],[[-101.2306177,19.6877908],[-101.2284995,19.6890245]],[[-101.2326058,19.6868417],[-101.2306177,19.6877908]],[[-101.2353382,19.6855356],[-101.2326058,19.6868417]],[[-101.2354519,19.685481],[-101.2353382,19.6855356]],[[-101.2365938,19.6849358],[-101.2354986,19.6854623]],[[-101.2368338,19.684817],[-101.2365938,19.6849358]],[[-101.236983,19.684745],[-101.2368338,19.684817]],[[-101.236983,19.684745],[-101.2342832,19.6787066],[-101.2336777,19.6782656],[-101.230373,19.6770195]],[[-101.2300668,19.6769244],[-101.2256469,19.6766882]]]}},{"type":"Feature","id":"Verde 3 INDECO","properties":{"ref":"Verde 3 INDECO","nombre":"Verde 3 INDECO","variantes":1,"osmid":17951466,"paradas":0,"sin_nombre":false},"geometry":{"type":"MultiLineString","coordinates":[[[-101.1959825,19.7019251],[-101.1923479,19.7018589],[-101.1925813,19.6960189],[-101.1943004,19.6961633],[-101.1942757,19.6966456],[-101.2013987,19.6986417]],[[-101.2034108,19.7015618],[-101.2013987,19.6986417]],[[-101.203891,19.7021446],[-101.2034108,19.7015618]],[[-101.203891,19.7021446],[-101.2041507,19.7025095],[-101.2115776,19.7019782],[-101.21263,19.7020453],[-101.218131,19.6970712],[-101.219049,19.6958711],[-101.2244144,19.6911814],[-101.2260432,19.6899725],[-101.2262481,19.6893109],[-101.2258003,19.6872824],[-101.2257366,19.6770755],[-101.2259219,19.6768451],[-101.2294114,19.67697]],[[-101.2297252,19.6770111],[-101.2298416,19.6770417]],[[-101.2303367,19.6772081],[-101.2336628,19.6784377],[-101.2342522,19.6788644],[-101.2383388,19.6882652]],[[-101.2375046,19.6888329],[-101.2383388,19.6882652]],[[-101.2368463,19.6894201],[-101.2375046,19.6888329]],[[-101.2368463,19.6894201],[-101.2366741,19.6907781],[-101.2376015,19.6924259],[-101.2370855,19.6938],[-101.2372924,19.6947088],[-101.2371267,19.6960346],[-101.2377242,19.6994424],[-101.2377245,19.7010618]]]}},{"type":"Feature","id":"Verde 3 Lomas del Valle","properties":{"ref":"Verde 3 Lomas del Valle","nombre":"Verde 3 Lomas del Valle","variantes":1,"osmid":17945334,"paradas":0,"sin_nombre":false},"geometry":{"type":"MultiLineString","coordinates":[[[-101.2377245,19.7010618],[-101.23771,19.7014793]],[[-101.2373038,19.6969033],[-101.2377597,19.699741],[-101.2377245,19.7010618]],[[-101.2372863,19.6953086],[-101.2371267,19.6960346],[-101.2373038,19.6969033]],[[-101.2372924,19.6947088],[-101.2372863,19.6953086]],[[-101.2372776,19.6944115],[-101.2372924,19.6947088]],[[-101.2370855,19.6938],[-101.2372776,19.6944115]],[[-101.2376015,19.6924259],[-101.2370855,19.6938]],[[-101.2368463,19.6894201],[-101.2366741,19.6907781],[-101.2376015,19.6924259]],[[-101.2368463,19.6894201],[-101.2384491,19.6882043],[-101.2344347,19.6789133],[-101.2336777,19.6782656],[-101.230373,19.6770195]],[[-101.2300668,19.6769244],[-101.2256469,19.6766882],[-101.2256955,19.6867745],[-101.2261752,19.689487],[-101.2260318,19.6898816],[-101.2245075,19.6909973],[-101.2190388,19.695766],[-101.2181376,19.6969375],[-101.2127257,19.7018057],[-101.2075193,19.7021489],[-101.2076201,19.7015263],[-101.207013,19.7013209],[-101.205907,19.702244],[-101.2040947,19.7024309],[-101.2014039,19.7021046],[-101.1923479,19.7018589],[-101.1925813,19.6960189]]]}},{"type":"Feature","id":"Verde 4","properties":{"ref":"Verde 4","nombre":"Verde 4","variantes":1,"osmid":18073946,"paradas":0,"sin_nombre":false},"geometry":{"type":"MultiLineString","coordinates":[[[-101.2246154,19.6738101],[-101.2299718,19.6741094],[-101.230086,19.6767697],[-101.2298961,19.6768816],[-101.2232434,19.6766176],[-101.2202714,19.6770261],[-101.2171313,19.6755417]],[[-101.2170608,19.6756748],[-101.2171313,19.6755417]],[[-101.2170608,19.6756748],[-101.2176534,19.675985],[-101.217654,19.6771762],[-101.2186545,19.6776259],[-101.2186731,19.67826],[-101.2140675,19.687833],[-101.2072327,19.6865662],[-101.20398,19.6863436],[-101.2024296,19.685041],[-101.2020462,19.6850293],[-101.2020175,19.6862119],[-101.1992301,19.6861165],[-101.1990082,19.6928919],[-101.1952547,19.6919534],[-101.1951188,19.6962549],[-101.1943004,19.6961633]],[[-101.1925813,19.6960189],[-101.1943004,19.6961633]],[[-101.1916736,19.6959116],[-101.1925813,19.6960189]],[[-101.1899216,19.6959258],[-101.1916736,19.6959116]],[[-101.1893666,19.6959538],[-101.1899216,19.6959258]],[[-101.1889708,19.6959309],[-101.1893666,19.6959538]],[[-101.1877626,19.6957796],[-101.1889708,19.6959309]],[[-101.1870661,19.6955766],[-101.1877626,19.6957796]],[[-101.1819135,19.6939954],[-101.1870661,19.6955766]],[[-101.1819135,19.6939954],[-101.1816939,19.6951859],[-101.1790319,19.6947501],[-101.178676,19.6965845],[-101.1762419,19.6961177]],[[-101.1760926,19.696854],[-101.1762419,19.6961177]],[[-101.1758215,19.6980567],[-101.1760926,19.696854]],[[-101.1758215,19.6980567],[-101.1752404,19.7049599],[-101.1743293,19.7049542],[-101.1742279,19.7059481],[-101.168725,19.7055369]],[[-101.1686034,19.7069953],[-101.168725,19.7055369]],[[-101.1686034,19.7069953],[-101.1684564,19.7089468],[-101.1662252,19.7098147],[-101.1655533,19.7098867],[-101.1648855,19.7104574],[-101.1586288,19.713276],[-101.1594968,19.7146727]],[[-101.1603959,19.7141703],[-101.1594968,19.7146727]],[[-101.1603959,19.7141703],[-101.1619833,19.7167175],[-101.161098,19.7172264],[-101.1622087,19.7190007],[-101.1619404,19.7190649],[-101.1622353,19.7203896],[-101.1614188,19.7205849],[-101.1615272,19.7209992]],[[-101.1623281,19.7208111],[-101.1615272,19.7209992]],[[-101.1623281,19.7208111],[-101.1627377,19.7229875],[-101.1623721,19.7228347]],[[-101.162288,19.7229363],[-101.1623721,19.7228347]],[[-101.162288,19.7229363],[-101.1635922,19.7242399]]]}},{"type":"Feature","id":"Veronicas (Colinas de la Palma)","properties":{"ref":"Veronicas (Colinas de la Palma)","nombre":"Veronicas (Colinas de la Palma)","variantes":1,"osmid":18015709,"paradas":0,"sin_nombre":false},"geometry":{"type":"MultiLineString","coordinates":[[[-101.1454692,19.7571324],[-101.1468496,19.7599342]],[[-101.1470883,19.7648155],[-101.1471547,19.7640405],[-101.1467913,19.762006],[-101.1470223,19.7605282],[-101.1468496,19.7599342]],[[-101.1470883,19.7648155],[-101.1448534,19.7673661],[-101.14427,19.7683001],[-101.1443062,19.7692391],[-101.1446629,19.7699938],[-101.1445936,19.7705104],[-101.1450605,19.7712173],[-101.1449831,19.772319]],[[-101.1524287,19.7698974],[-101.1528904,19.7697368]],[[-101.1449831,19.772319],[-101.1524287,19.7698974]],[[-101.1570593,19.7684209],[-101.1575892,19.7684166],[-101.1590283,19.7689504],[-101.1598284,19.768661],[-101.1599931,19.7681927],[-101.1599426,19.7672409],[-101.1604717,19.7664267],[-101.1666282,19.7605129],[-101.1779595,19.7390841],[-101.1785493,19.7386228],[-101.1815447,19.7371782],[-101.1824169,19.7362502],[-101.1827187,19.7350727],[-101.1833061,19.728013],[-101.1836309,19.7263878],[-101.1845243,19.7249235],[-101.18778,19.7221498],[-101.1885363,19.7205359],[-101.1888175,19.7164571],[-101.1891241,19.7152871],[-101.188283,19.7116953],[-101.1887582,19.7105863],[-101.1905797,19.7076536],[-101.1913488,19.7056004],[-101.1913568,19.7053514],[-101.1903654,19.7053425],[-101.189423,19.7053498],[-101.18938,19.7055964]]]}},{"type":"Feature","id":"Veronicas (Trebol - Postal)","properties":{"ref":"Veronicas (Trebol - Postal)","nombre":"Veronicas (Trebol - Postal)","variantes":1,"osmid":17992264,"paradas":0,"sin_nombre":false},"geometry":{"type":"MultiLineString","coordinates":[[[-101.1456731,19.7574251],[-101.1468496,19.7599342]],[[-101.1470883,19.7648155],[-101.1471547,19.7640405],[-101.1467913,19.762006],[-101.1470223,19.7605282],[-101.1468496,19.7599342]],[[-101.1470883,19.7648155],[-101.1448534,19.7673661],[-101.14427,19.7683001],[-101.1443062,19.7692391],[-101.1446629,19.7699938],[-101.1445936,19.7705104],[-101.1450605,19.7712173],[-101.1449831,19.772319]],[[-101.1524287,19.7698974],[-101.1528904,19.7697368]],[[-101.1449831,19.772319],[-101.1524287,19.7698974]],[[-101.1570593,19.7684209],[-101.1575892,19.7684166],[-101.1590283,19.7689504],[-101.1598284,19.768661],[-101.1599931,19.7681927],[-101.1599426,19.7672409],[-101.1604717,19.7664267],[-101.1666282,19.7605129],[-101.1779595,19.7390841],[-101.1785493,19.7386228],[-101.1815447,19.7371782],[-101.1824169,19.7362502],[-101.1827187,19.7350727],[-101.1833061,19.728013],[-101.1836309,19.7263878],[-101.1845243,19.7249235],[-101.18778,19.7221498],[-101.1885363,19.7205359],[-101.1888175,19.7164571],[-101.1891241,19.7152871],[-101.188283,19.7116953],[-101.1887582,19.7105863],[-101.1905797,19.7076536],[-101.1913488,19.7056004],[-101.1913568,19.7053514],[-101.1903654,19.7053425],[-101.189423,19.7053498],[-101.18938,19.7055964]]]}},{"type":"Feature","id":"Villas de la Loma","properties":{"ref":"Villas de la Loma","nombre":"Villas de la Loma","variantes":2,"osmid":17945673,"paradas":0,"sin_nombre":false},"geometry":{"type":"MultiLineString","coordinates":[[[-101.2162356,19.6964361],[-101.2174052,19.6975848],[-101.2125967,19.7020251],[-101.2157623,19.7037409],[-101.2161295,19.7037738],[-101.2194707,19.7054742],[-101.2200961,19.7055425],[-101.2245143,19.7048164],[-101.2390192,19.7013291],[-101.2434737,19.700495],[-101.2441665,19.700185],[-101.2527285,19.6981144],[-101.2651976,19.6960315],[-101.2795397,19.6914001],[-101.2870411,19.6897449],[-101.2877437,19.6892761],[-101.289167,19.6878346],[-101.2924332,19.6866514],[-101.2962709,19.6865797],[-101.2997882,19.6872984]],[[-101.2994279,19.6892787],[-101.2997882,19.6872984]],[[-101.2992196,19.6902944],[-101.2994279,19.6892787]],[[-101.2992196,19.6902944],[-101.2991476,19.6905076]],[[-101.2987935,19.6920185],[-101.2991476,19.6905076]],[[-101.29832,19.6933616],[-101.2987935,19.6920185]],[[-101.2982511,19.693554],[-101.2989185,19.6916644],[-101.2989441,19.6910912],[-101.2993118,19.6904031],[-101.2973571,19.6897447],[-101.2975896,19.6888937]],[[-101.2994279,19.6892787],[-101.2975896,19.6888937]],[[-101.2994279,19.6892787],[-101.2997882,19.6872984],[-101.3025925,19.6878246],[-101.3041383,19.6877584]],[[-101.3047321,19.6877924],[-101.3047529,19.6875691]],[[-101.3045968,19.687607],[-101.3026033,19.6877115],[-101.2962732,19.6864739],[-101.292906,19.6864262],[-101.2890967,19.6877582],[-101.2873617,19.6893781],[-101.2867285,19.6896768],[-101.2795129,19.6913273]],[[-101.2794776,19.6912401],[-101.2795129,19.6913273]],[[-101.2794776,19.6912401],[-101.2644131,19.6960159],[-101.2526781,19.6978838],[-101.2429822,19.7001137]],[[-101.2397384,19.7010717],[-101.2243418,19.7047432],[-101.2196633,19.7053618],[-101.2127257,19.7018057],[-101.2074175,19.7020528],[-101.2121315,19.6922971],[-101.2162356,19.6964361]]]}},{"type":"Feature","id":"Villas del Pedregal 1","properties":{"ref":"Villas del Pedregal 1","nombre":"Villas del Pedregal 1","variantes":2,"osmid":18073901,"paradas":0,"sin_nombre":false},"geometry":{"type":"MultiLineString","coordinates":[[[-101.2164536,19.6965037],[-101.2120813,19.6921375],[-101.208181,19.7003275],[-101.206795,19.7017057],[-101.2067197,19.7021847],[-101.2068624,19.7023032],[-101.2124266,19.7019036],[-101.2192329,19.7054589],[-101.2201216,19.7056288],[-101.2241026,19.7049755],[-101.2434737,19.700495],[-101.2441665,19.700185],[-101.2527285,19.6981144],[-101.2651976,19.6960315],[-101.2795397,19.6914001],[-101.2870411,19.6897449],[-101.2877437,19.6892761],[-101.289167,19.6878346],[-101.2924332,19.6866514],[-101.2962709,19.6865797],[-101.3021404,19.6877607],[-101.3041383,19.6877584]],[[-101.3047321,19.6877924],[-101.3049739,19.6869413],[-101.3049435,19.6860783],[-101.3034073,19.684407],[-101.3039979,19.6839186],[-101.3056029,19.683521],[-101.306778,19.682945],[-101.3073644,19.6823489],[-101.3085152,19.6764902]],[[-101.3084174,19.6762445],[-101.3083571,19.6764417],[-101.3085532,19.6764717],[-101.3085928,19.676302],[-101.3084174,19.6762445]],[[-101.3085489,19.6762569],[-101.3097816,19.6695451]],[[-101.2164536,19.6965037],[-101.2120082,19.6921178],[-101.208181,19.7003275],[-101.206795,19.7017057],[-101.2067197,19.7021847],[-101.2068624,19.7023032],[-101.2124266,19.7019036],[-101.2192329,19.7054589],[-101.2201216,19.7056288],[-101.2241026,19.7049755],[-101.2434737,19.700495],[-101.2441665,19.700185],[-101.2527285,19.6981144],[-101.2644797,19.6962154],[-101.2794254,19.6914374]],[[-101.2795397,19.6914001],[-101.2870411,19.6897449],[-101.2877437,19.6892761],[-101.289167,19.6878346],[-101.2929623,19.6865462],[-101.2962709,19.6865797],[-101.3031019,19.6878197],[-101.3226382,19.6864721],[-101.3312421,19.684423],[-101.3312031,19.684297],[-101.3278096,19.6851193],[-101.3267541,19.6813374],[-101.3263571,19.6747911]]]}},{"type":"Feature","id":"Villas del Pedregal 2","properties":{"ref":"Villas del Pedregal 2","nombre":"Villas del Pedregal 2","variantes":1,"osmid":18074016,"paradas":0,"sin_nombre":false},"geometry":{"type":"MultiLineString","coordinates":[[[-101.3143522,19.6741446],[-101.3054833,19.6726657],[-101.3050974,19.674991],[-101.3043724,19.6756925],[-101.3047704,19.6766044],[-101.3042103,19.680352]],[[-101.3048077,19.681839],[-101.3042042,19.6807674],[-101.3042103,19.680352]],[[-101.3048453,19.6818999],[-101.3048077,19.681839]],[[-101.3048453,19.6818999],[-101.3054636,19.683245],[-101.3039313,19.6838036],[-101.3031526,19.6843457],[-101.3032611,19.6845459]],[[-101.3046288,19.687562],[-101.3046099,19.687802]],[[-101.3032611,19.6845459],[-101.304795,19.6861295],[-101.3046288,19.687562]],[[-101.3044232,19.6876157],[-101.3026033,19.6877115],[-101.2962732,19.6864739],[-101.292906,19.6864262],[-101.2890967,19.6877582],[-101.2873617,19.6893781],[-101.2867285,19.6896768],[-101.2795129,19.6913273]],[[-101.2794776,19.6912401],[-101.2795129,19.6913273]],[[-101.2794776,19.6912401],[-101.2644131,19.6960159],[-101.2526781,19.6978838],[-101.2429822,19.7001137]],[[-101.2397384,19.7010717],[-101.2308336,19.7032144]],[[-101.2258102,19.7043973],[-101.2197997,19.705386],[-101.2127257,19.7018057],[-101.2074427,19.7021097],[-101.2121315,19.6922971],[-101.2162356,19.6964361]]]}},{"type":"Feature","id":"Sin nombre — Ciudad Peluche ↔ La Aldea","properties":{"ref":"Sin nombre — Ciudad Peluche ↔ La Aldea","nombre":"Sin nombre — Ciudad Peluche ↔ La Aldea","variantes":1,"osmid":18074059,"paradas":0,"sin_nombre":true},"geometry":{"type":"MultiLineString","coordinates":[[[-101.1822991,19.6694032],[-101.1851084,19.6700767]],[[-101.1821608,19.6699388],[-101.1822991,19.6694032]],[[-101.1827232,19.6700713],[-101.1821608,19.6699388]],[[-101.1838376,19.670334],[-101.1827232,19.6700713]],[[-101.184981,19.6706035],[-101.1847538,19.6715],[-101.1845999,19.6714633]],[[-101.1845562,19.671636],[-101.1845999,19.6714633]],[[-101.1897929,19.673371],[-101.1888476,19.6733467],[-101.1845562,19.671636]],[[-101.1897929,19.673371],[-101.1904411,19.6733664]],[[-101.1904377,19.6727388],[-101.1904411,19.6733664]],[[-101.1904344,19.6721124],[-101.1904377,19.6727388]],[[-101.1902883,19.6698712],[-101.1904912,19.6703937],[-101.1904344,19.6721124]],[[-101.1938884,19.6705653],[-101.1918074,19.6704788],[-101.1902883,19.6698712]],[[-101.1947203,19.6707756],[-101.1938884,19.6705653]],[[-101.1953607,19.6703759],[-101.1947203,19.6707756]],[[-101.1955496,19.6712132],[-101.1953607,19.6703759]],[[-101.1955496,19.6712132],[-101.1963675,19.6709884],[-101.1982107,19.6710042],[-101.1977286,19.6741462],[-101.1972325,19.6752347],[-101.1966815,19.675857],[-101.1966473,19.6793304],[-101.1974535,19.6796081],[-101.1975386,19.6801694],[-101.1970733,19.6805305],[-101.1960997,19.680653],[-101.195142,19.6810847],[-101.1930741,19.6813096],[-101.1924663,19.6815459],[-101.191316,19.6831182],[-101.1907749,19.6833764],[-101.1907358,19.6853709],[-101.1894397,19.6852367]],[[-101.1881211,19.6864253],[-101.1881724,19.6851055]],[[-101.1880671,19.6878129],[-101.1881211,19.6864253]],[[-101.1880449,19.6885042],[-101.1880671,19.6878129]],[[-101.1879814,19.6900174],[-101.1880449,19.6885042]],[[-101.187979,19.6901006],[-101.1879814,19.6900174]],[[-101.1879724,19.6903262],[-101.187979,19.6901006]],[[-101.1879698,19.6904159],[-101.1879724,19.6903262]],[[-101.1879593,19.6907763],[-101.1879698,19.6904159]],[[-101.1879593,19.6907763],[-101.1839821,19.6901094],[-101.1835846,19.6965182]],[[-101.1837106,19.6983102],[-101.1897366,19.698353],[-101.1897247,19.7037997]],[[-101.1896726,19.7038007],[-101.1897247,19.7037997]],[[-101.1896726,19.7038007],[-101.189585,19.7051595],[-101.1891116,19.7069041],[-101.1905865,19.7062828],[-101.1909551,19.7063455],[-101.1903839,19.7078982],[-101.1888242,19.7103845],[-101.1884456,19.7104083],[-101.1881389,19.7120896]],[[-101.1882452,19.7125699],[-101.1890169,19.7152631],[-101.1886724,19.7168317],[-101.1883899,19.7207893],[-101.1875961,19.7222386],[-101.1842228,19.7250633],[-101.1835006,19.7263441],[-101.1831607,19.7280006],[-101.182732,19.7338665],[-101.1824198,19.7359071],[-101.1819552,19.7366394],[-101.1814266,19.7370696],[-101.1787298,19.7384054],[-101.1777793,19.7390962],[-101.1747948,19.7447004]],[[-101.1713895,19.7431175],[-101.1747948,19.7447004]],[[-101.1713895,19.7431175],[-101.1693167,19.7442641],[-101.1674926,19.7443]],[[-101.1675336,19.7488388],[-101.1674926,19.7443]],[[-101.1651554,19.7477447],[-101.1675336,19.7488388]]]}},{"type":"Feature","id":"Sin nombre — La Aldea ↔ Fraccionamiento La Campiña","properties":{"ref":"Sin nombre — La Aldea ↔ Fraccionamiento La Campiña","nombre":"Sin nombre — La Aldea ↔ Fraccionamiento La Campiña","variantes":1,"osmid":18074168,"paradas":0,"sin_nombre":true},"geometry":{"type":"MultiLineString","coordinates":[[[-101.1667002,19.7351563],[-101.1654232,19.7352128]],[[-101.1641257,19.7326811],[-101.1640766,19.7351956]],[[-101.1677785,19.7325452],[-101.1641257,19.7326811]],[[-101.1711053,19.7324681],[-101.1677785,19.7325452]],[[-101.1714249,19.731773],[-101.1711053,19.7324681]],[[-101.1714785,19.7316544],[-101.1714249,19.731773]],[[-101.1717467,19.7310434],[-101.1714785,19.7316544]],[[-101.1718228,19.7308647],[-101.1717467,19.7310434]],[[-101.1722839,19.7298371],[-101.1718228,19.7308647]],[[-101.1729271,19.7279545],[-101.1729739,19.7283054],[-101.1722839,19.7298371]],[[-101.1731685,19.7278703],[-101.1729271,19.7279545]],[[-101.1751746,19.7238202],[-101.1735919,19.7249939],[-101.1727981,19.725994],[-101.1728731,19.7271953],[-101.1731685,19.7278703]],[[-101.1751746,19.7238202],[-101.176977,19.7222999],[-101.1776127,19.7211183],[-101.1787929,19.7202678],[-101.1791831,19.7205525],[-101.1794464,19.7203461],[-101.180723,19.7201339],[-101.1823142,19.7194044],[-101.1833455,19.7192504],[-101.1839049,19.7194396],[-101.1879818,19.7213994]],[[-101.1881365,19.7210635],[-101.1879818,19.7213994]],[[-101.1881365,19.7210635],[-101.185074,19.7196146],[-101.1829569,19.7189401],[-101.1820584,19.7189963],[-101.1798113,19.7200225],[-101.1791204,19.7199925],[-101.1784282,19.7196604],[-101.1785027,19.7193809],[-101.1864739,19.7134406],[-101.1900743,19.7123483],[-101.1918721,19.7122081],[-101.2026783,19.7147358],[-101.2047297,19.7148549],[-101.2070969,19.7142852],[-101.2092038,19.7129854],[-101.2102447,19.7118216],[-101.211843,19.7090788],[-101.2106494,19.7085968],[-101.2093526,19.7083379],[-101.2085358,19.7070628],[-101.2074113,19.7032297]],[[-101.2071178,19.7022887],[-101.21263,19.7020453],[-101.218131,19.6970712],[-101.219049,19.6958711],[-101.2244711,19.6911336],[-101.2250712,19.6915028],[-101.2257315,19.6915011],[-101.2272679,19.6901623]],[[-101.2284995,19.6890245],[-101.2272679,19.6901623]],[[-101.2306177,19.6877908],[-101.2284995,19.6890245]],[[-101.2326058,19.6868417],[-101.2306177,19.6877908]],[[-101.2353382,19.6855356],[-101.2326058,19.6868417]],[[-101.2354519,19.685481],[-101.2353382,19.6855356]],[[-101.2365938,19.6849358],[-101.2354986,19.6854623]],[[-101.2368338,19.684817],[-101.2365938,19.6849358]],[[-101.2368338,19.684817],[-101.2383388,19.6882652],[-101.2384491,19.6882043],[-101.2380978,19.6874097],[-101.2382484,19.6872505]],[[-101.2442812,19.6819225],[-101.2382484,19.6872505]],[[-101.2477576,19.6788098],[-101.2442812,19.6819225]],[[-101.2476055,19.6786673],[-101.2477576,19.6788098]],[[-101.247582,19.678581],[-101.2476055,19.6786673]],[[-101.2471943,19.6776969],[-101.247582,19.678581]],[[-101.2471943,19.6776969],[-101.245865,19.678912]],[[-101.2444958,19.6775519],[-101.245865,19.678912]],[[-101.2444958,19.6775519],[-101.2442971,19.677732]],[[-101.2435146,19.6759139],[-101.2442971,19.677732]],[[-101.2435146,19.6759139],[-101.2420112,19.6770107]],[[-101.2409691,19.6745802],[-101.2420112,19.6770107]],[[-101.2410482,19.6742535],[-101.2409691,19.6745802]]]}},{"type":"Feature","id":"Sin nombre — Irapeo ↔ Constituyentes de Apatzingan de 1814","properties":{"ref":"Sin nombre — Irapeo ↔ Constituyentes de Apatzingan de 1814","nombre":"Sin nombre — Irapeo ↔ Constituyentes de Apatzingan de 1814","variantes":1,"osmid":18074175,"paradas":0,"sin_nombre":true},"geometry":{"type":"MultiLineString","coordinates":[[[-101.0478395,19.6779214],[-101.047115,19.6773101]],[[-101.0472013,19.6785814],[-101.0478395,19.6779214]],[[-101.0480188,19.6807573],[-101.0474659,19.6799875],[-101.0472013,19.6785814]],[[-101.0501645,19.6850304],[-101.0500789,19.6834298],[-101.0495585,19.6818387],[-101.0480188,19.6807573]],[[-101.0501645,19.6850304],[-101.0559879,19.6815768],[-101.0572563,19.6810848],[-101.0715044,19.6823388],[-101.0735267,19.6831166],[-101.0796806,19.6867578],[-101.0859641,19.6888773],[-101.0882304,19.6893439],[-101.0898529,19.6890238],[-101.0930584,19.6892934],[-101.094421,19.6891721],[-101.0961038,19.6886974],[-101.0972679,19.6888842],[-101.0990784,19.6898363],[-101.0999091,19.6899759],[-101.1030284,19.688809],[-101.1049634,19.6874602],[-101.1090122,19.6888287],[-101.1097632,19.6888994],[-101.1266938,19.6876919],[-101.1310749,19.6857343],[-101.1328129,19.6862293],[-101.1348711,19.6871735],[-101.1358723,19.6878598],[-101.1364089,19.6884911],[-101.1365571,19.6895787],[-101.1369793,19.6901169],[-101.1397778,19.6909171],[-101.1405002,19.6913192],[-101.1412887,19.6921739],[-101.1428887,19.6921703],[-101.1438954,19.6924006],[-101.1454331,19.693139],[-101.1469014,19.6942539],[-101.1482127,19.6945895],[-101.1633894,19.6959081],[-101.1658061,19.6962833],[-101.1659037,19.6955008],[-101.1762403,19.693065],[-101.1810424,19.6938419]],[[-101.1819135,19.6939954],[-101.1870661,19.6955766]],[[-101.1877626,19.6957796],[-101.1878828,19.6932098],[-101.1890126,19.6934901]],[[-101.1894523,19.6935332],[-101.1890126,19.6934901]],[[-101.1894523,19.6935332],[-101.1893666,19.6959538]]]}},{"type":"Feature","id":"Sin nombre — Ciudad Peluche ↔ La Aldea (2)","properties":{"ref":"Sin nombre — Ciudad Peluche ↔ La Aldea (2)","nombre":"Sin nombre — Ciudad Peluche ↔ La Aldea (2)","variantes":1,"osmid":18096980,"paradas":0,"sin_nombre":true},"geometry":{"type":"MultiLineString","coordinates":[[[-101.1932125,19.6637147],[-101.1930676,19.6648205],[-101.1936107,19.6649486],[-101.1930816,19.6656248],[-101.1934355,19.6658601],[-101.1939408,19.6651939]],[[-101.1936107,19.6649486],[-101.1939408,19.6651939]],[[-101.1930676,19.6648205],[-101.1936107,19.6649486]],[[-101.191366,19.6645989],[-101.1930676,19.6648205]],[[-101.191366,19.6645989],[-101.1906053,19.66547],[-101.1874135,19.6664274],[-101.1871491,19.6667064],[-101.1852717,19.6672338],[-101.1841483,19.6677632],[-101.1841713,19.668628],[-101.1845667,19.6688017],[-101.1869514,19.6681397],[-101.1881134,19.6683608],[-101.188766,19.6681098],[-101.189421,19.6682547],[-101.1897241,19.6690808],[-101.1904722,19.6701821],[-101.1904377,19.6727388],[-101.1950255,19.6724916],[-101.1958665,19.6726269],[-101.1955496,19.6712132],[-101.1963675,19.6709884],[-101.1981827,19.6709425],[-101.1977286,19.6741462],[-101.1972325,19.6752347],[-101.1966815,19.675857],[-101.1966655,19.6776997],[-101.2014134,19.677846],[-101.2022154,19.6769578],[-101.2013139,19.6799023],[-101.200859,19.6805943],[-101.2003296,19.6808779],[-101.1984863,19.6811302],[-101.196835,19.6809986],[-101.195744,19.6814293],[-101.1954822,19.6821299],[-101.1955593,19.6823618],[-101.1960183,19.6824947],[-101.1977293,19.6839411],[-101.1971912,19.6851289],[-101.1970213,19.6917665]],[[-101.1970021,19.6924139],[-101.1952547,19.6919534],[-101.1952295,19.6937034],[-101.1894523,19.6935332],[-101.1893666,19.6959538]],[[-101.1889708,19.6959309],[-101.1893666,19.6959538]],[[-101.1877626,19.6957796],[-101.1889708,19.6959309]],[[-101.1870661,19.6955766],[-101.1877626,19.6957796]],[[-101.1870661,19.6955766],[-101.1870397,19.6969804],[-101.1835846,19.6965182],[-101.1838152,19.6998658],[-101.1822392,19.6997534],[-101.1825108,19.6963673],[-101.1806084,19.6962021],[-101.1808149,19.6950294],[-101.1790319,19.6947501],[-101.178676,19.6965845],[-101.1762419,19.6961177]],[[-101.1760926,19.696854],[-101.1762419,19.6961177]],[[-101.1758215,19.6980567],[-101.1760926,19.696854]],[[-101.1758215,19.6980567],[-101.1753308,19.7040793]],[[-101.1762357,19.7041523],[-101.1753308,19.7040793]],[[-101.1761448,19.705008],[-101.1762357,19.7041523]],[[-101.1760847,19.7056031],[-101.1761448,19.705008]],[[-101.1760847,19.7056031],[-101.175194,19.7132475],[-101.1758977,19.7145497],[-101.1743567,19.7163302]],[[-101.1747219,19.7166223],[-101.1743567,19.7163302]],[[-101.1750079,19.7168647],[-101.1747219,19.7166223]],[[-101.1750966,19.7169256],[-101.1750079,19.7168647]],[[-101.1751539,19.7169778],[-101.1750966,19.7169256]],[[-101.1750309,19.7171199],[-101.1751539,19.7169778]],[[-101.1750309,19.7171199],[-101.1720951,19.7148898]],[[-101.1723814,19.7154571],[-101.1764827,19.7185121]],[[-101.1765598,19.7185836],[-101.1791831,19.7205525],[-101.1794464,19.7203461],[-101.180723,19.7201339],[-101.1823142,19.7194044],[-101.184075,19.7195613]],[[-101.1831144,19.7235389],[-101.1829327,19.7225252],[-101.1830151,19.7217682],[-101.184075,19.7195613]],[[-101.1831144,19.7235389],[-101.1795993,19.7207913]],[[-101.1787378,19.7214388],[-101.1795993,19.7207913]],[[-101.1787378,19.7214388],[-101.1784314,19.7220345],[-101.1773712,19.7215652]],[[-101.1751746,19.7238202],[-101.176977,19.7222999],[-101.1773712,19.7215652]],[[-101.1751746,19.7238202],[-101.1735919,19.7249939],[-101.1727591,19.7260945],[-101.1728731,19.7271953],[-101.1739208,19.7297399],[-101.1740985,19.7313479],[-101.1753938,19.7327546],[-101.1761987,19.7341665],[-101.1773117,19.7346794],[-101.1795219,19.7346447]],[[-101.1797388,19.733409],[-101.1795219,19.7346447]],[[-101.1801862,19.7333969],[-101.1797388,19.733409]],[[-101.1818726,19.7333515],[-101.1801862,19.7333969]]]}},{"type":"Feature","id":"Sin nombre — Ciudad Tres Marías ↔ Heroes de la Nación","properties":{"ref":"Sin nombre — Ciudad Tres Marías ↔ Heroes de la Nación","nombre":"Sin nombre — Ciudad Tres Marías ↔ Heroes de la Nación","variantes":1,"osmid":18097026,"paradas":0,"sin_nombre":true},"geometry":{"type":"MultiLineString","coordinates":[[[-101.143723,19.702817],[-101.1473537,19.7021777]],[[-101.1474213,19.7025071],[-101.1473537,19.7021777]],[[-101.1474213,19.7025071],[-101.1478794,19.702488],[-101.1483462,19.7035124]],[[-101.1487407,19.7034427],[-101.1483462,19.7035124]],[[-101.1491817,19.7043907],[-101.1487407,19.7034427]],[[-101.1496648,19.704025],[-101.1491817,19.7043907]],[[-101.1497288,19.7039747],[-101.1496648,19.704025]],[[-101.1497288,19.7039747],[-101.1490758,19.7022761]],[[-101.1486179,19.7023547],[-101.1490758,19.7022761]],[[-101.1486179,19.7023547],[-101.1482678,19.7006198]],[[-101.1491677,19.7004663],[-101.1482678,19.7006198]],[[-101.1491677,19.7004663],[-101.1489519,19.6993973],[-101.1492096,19.6985676],[-101.1495859,19.6976113],[-101.1503123,19.6972044],[-101.1515589,19.697945],[-101.1546403,19.7003728]],[[-101.1547999,19.7002098],[-101.1546403,19.7003728]],[[-101.1547999,19.7002098],[-101.1513198,19.6974251]],[[-101.1495126,19.6956725],[-101.1496873,19.6936738],[-101.150803,19.690253],[-101.1518477,19.6889394],[-101.1534016,19.6875006],[-101.1576469,19.6877926],[-101.16363,19.6884989],[-101.1721972,19.6903747],[-101.1737821,19.6835788],[-101.1765155,19.6841562]],[[-101.1774973,19.6843642],[-101.1765155,19.6841562]],[[-101.1773564,19.6851781],[-101.1774973,19.6843642]],[[-101.1773564,19.6851781],[-101.1806336,19.6857378],[-101.1787619,19.6961692],[-101.1823824,19.6967468]],[[-101.1820879,19.6982545],[-101.1816481,19.7005294],[-101.1968525,19.7010504],[-101.2034108,19.7015618]],[[-101.203891,19.7021446],[-101.2034108,19.7015618]],[[-101.203891,19.7021446],[-101.2041507,19.7025095],[-101.2124116,19.7019589],[-101.2157623,19.7037409],[-101.2161295,19.7037738],[-101.21551,19.7058167],[-101.2152277,19.7076131],[-101.2156251,19.7092827],[-101.2156491,19.710401],[-101.2161117,19.7114114],[-101.2160519,19.7121992]],[[-101.2161277,19.7122095],[-101.2160519,19.7121992]],[[-101.2161277,19.7122095],[-101.2166926,19.7120737],[-101.2171347,19.7113781],[-101.2184918,19.7105439]],[[-101.2184346,19.7104824],[-101.2184918,19.7105439]],[[-101.2184346,19.7104824],[-101.2204293,19.7100777]],[[-101.2202831,19.7095228],[-101.2204293,19.7100777]],[[-101.2201437,19.7089831],[-101.2202831,19.7095228]],[[-101.2201437,19.7089831],[-101.2258004,19.707849],[-101.2265215,19.7105756]],[[-101.2266835,19.7105436],[-101.2265215,19.7105756]],[[-101.2284438,19.7102084],[-101.2266835,19.7105436]],[[-101.2285919,19.7107279],[-101.2284438,19.7102084]],[[-101.2285919,19.7107279],[-101.2292806,19.7106324],[-101.2308736,19.7117424],[-101.230407,19.7124361],[-101.2288947,19.7115331],[-101.2287308,19.7112658],[-101.2269578,19.7116281]],[[-101.2269953,19.7117701],[-101.2269578,19.7116281]],[[-101.2267867,19.7116302],[-101.2269953,19.7117701]],[[-101.2267867,19.7116302],[-101.2272383,19.7132251],[-101.2294644,19.7150416],[-101.2293115,19.7157966],[-101.2297983,19.7163464],[-101.2278661,19.719185],[-101.2305405,19.7207576]],[[-101.2293993,19.7224598],[-101.2305405,19.7207576]],[[-101.2290668,19.7229395],[-101.2293993,19.7224598]],[[-101.2297353,19.7233395],[-101.2290668,19.7229395]],[[-101.228926,19.7245548],[-101.2297353,19.7233395]],[[-101.2295746,19.7249694],[-101.228926,19.7245548]],[[-101.2290125,19.7257139],[-101.2295746,19.7249694]],[[-101.2290125,19.7257139],[-101.2335778,19.7267828],[-101.2331241,19.729075]],[[-101.2342115,19.7293889],[-101.2331241,19.729075]]]}},{"type":"Feature","id":"Sin nombre — Ciudad Peluche ↔ La Aldea (3)","properties":{"ref":"Sin nombre — Ciudad Peluche ↔ La Aldea (3)","nombre":"Sin nombre — Ciudad Peluche ↔ La Aldea (3)","variantes":1,"osmid":18097066,"paradas":0,"sin_nombre":true},"geometry":{"type":"MultiLineString","coordinates":[[[-101.1838376,19.670334],[-101.1821608,19.6699388],[-101.1822991,19.6694032],[-101.1851084,19.6700767],[-101.1847538,19.6715],[-101.1845999,19.6714633]],[[-101.1845562,19.671636],[-101.1845999,19.6714633]],[[-101.1897929,19.673371],[-101.1888476,19.6733467],[-101.1845562,19.671636]],[[-101.1897929,19.673371],[-101.1904411,19.6733664]],[[-101.1904377,19.6727388],[-101.1904411,19.6733664]],[[-101.1904344,19.6721124],[-101.1904377,19.6727388]],[[-101.1902883,19.6698712],[-101.1904912,19.6703937],[-101.1904344,19.6721124]],[[-101.1938884,19.6705653],[-101.1918074,19.6704788],[-101.1902883,19.6698712]],[[-101.1947203,19.6707756],[-101.1938884,19.6705653]],[[-101.1953607,19.6703759],[-101.1947203,19.6707756]],[[-101.1955496,19.6712132],[-101.1953607,19.6703759]],[[-101.1955496,19.6712132],[-101.1963675,19.6709884],[-101.1982107,19.6710042],[-101.1977286,19.6741462],[-101.1972325,19.6752347],[-101.1966815,19.675857],[-101.1966473,19.6793304],[-101.1974535,19.6796081],[-101.1975386,19.6801694],[-101.1970733,19.6805305],[-101.1960997,19.680653],[-101.195142,19.6810847],[-101.1930741,19.6813096],[-101.1924663,19.6815459],[-101.191316,19.6831182],[-101.1907749,19.6833764],[-101.1907358,19.6853709],[-101.1894397,19.6852367],[-101.1892703,19.6886903]],[[-101.1880449,19.6885042],[-101.1892703,19.6886903]],[[-101.1879814,19.6900174],[-101.1880449,19.6885042]],[[-101.187979,19.6901006],[-101.1879814,19.6900174]],[[-101.1879724,19.6903262],[-101.187979,19.6901006]],[[-101.1879698,19.6904159],[-101.1879724,19.6903262]],[[-101.1879593,19.6907763],[-101.1879698,19.6904159]],[[-101.1879593,19.6907763],[-101.1839821,19.6901094],[-101.1835846,19.6965182]],[[-101.1837106,19.6983102],[-101.1897366,19.698353],[-101.1897944,19.7008948]],[[-101.1897863,19.7013573],[-101.1897247,19.7037997]],[[-101.1896726,19.7038007],[-101.1897247,19.7037997]],[[-101.1896726,19.7038007],[-101.189585,19.7051595],[-101.1891116,19.7069041],[-101.1905865,19.7062828],[-101.1909551,19.7063455],[-101.1903839,19.7078982],[-101.1888242,19.7103845],[-101.1884456,19.7104083],[-101.1882074,19.7115425],[-101.1881637,19.7122693],[-101.1890169,19.7152631],[-101.1887191,19.7164466],[-101.1884688,19.7203689],[-101.188215,19.7212755],[-101.1875961,19.7222386],[-101.1842228,19.7250633],[-101.1835006,19.7263441],[-101.1831607,19.7280006],[-101.1826088,19.7350298],[-101.182199,19.7363276],[-101.1814266,19.7370696],[-101.1787298,19.7384054],[-101.1775504,19.7393803],[-101.1681537,19.7573992],[-101.1675659,19.758018],[-101.1668918,19.7583521],[-101.1650851,19.7582852],[-101.1652457,19.7585975],[-101.1658272,19.7584556],[-101.1685781,19.7586931],[-101.1686352,19.7584897],[-101.1683872,19.7583734],[-101.1682905,19.7578738],[-101.1709773,19.7523715]],[[-101.1755726,19.7523248],[-101.1709773,19.7523715]],[[-101.1778523,19.7522135],[-101.1755726,19.7523248]],[[-101.1779206,19.7522152],[-101.1778523,19.7522135]],[[-101.1779206,19.7522152],[-101.1784736,19.7495669]],[[-101.1789173,19.7496617],[-101.1784736,19.7495669]],[[-101.1789173,19.7496617],[-101.1782866,19.7522241]],[[-101.1802472,19.7522177],[-101.1782866,19.7522241]],[[-101.1821948,19.7555371],[-101.1802472,19.7522177]],[[-101.1818594,19.7590732],[-101.1821948,19.7555371]],[[-101.1818594,19.7590732],[-101.1816849,19.7591724],[-101.1817816,19.7593814],[-101.1832116,19.7595023]]]}},{"type":"Feature","id":"Sin nombre — Heroes de la Nación ↔ Jesús del Monte","properties":{"ref":"Sin nombre — Heroes de la Nación ↔ Jesús del Monte","nombre":"Sin nombre — Heroes de la Nación ↔ Jesús del Monte","variantes":1,"osmid":18097083,"paradas":0,"sin_nombre":true},"geometry":{"type":"MultiLineString","coordinates":[[[-101.2496433,19.7189285],[-101.248729,19.7188481]],[[-101.2488256,19.7165422],[-101.248729,19.7188481]],[[-101.2493971,19.7162775],[-101.2488256,19.7165422]],[[-101.2493971,19.7162775],[-101.2495226,19.7157204],[-101.2492015,19.7141447],[-101.2495129,19.7132072]],[[-101.250295,19.7134072],[-101.2495129,19.7132072]],[[-101.250295,19.7134072],[-101.2504976,19.7128096],[-101.249686,19.7108504],[-101.248046,19.7115348],[-101.2478657,19.7112247],[-101.2459299,19.7117241],[-101.2455625,19.7103339],[-101.2444607,19.7105989],[-101.2440607,19.7090833],[-101.2427338,19.709807],[-101.2424248,19.7057292],[-101.2435242,19.7054271],[-101.2441969,19.7049779],[-101.2446161,19.7044152],[-101.2448457,19.7036485],[-101.2448034,19.7030903],[-101.2440155,19.7012082],[-101.2438647,19.7001351],[-101.2436959,19.6998983],[-101.2431281,19.7000382],[-101.2430137,19.7003377],[-101.2434393,19.7008861],[-101.2444136,19.7031851],[-101.2443278,19.7040336],[-101.2440274,19.7045336],[-101.243273,19.7050829],[-101.2382292,19.7063517],[-101.2360588,19.7076581],[-101.2313141,19.714193],[-101.2241305,19.7247743],[-101.2232929,19.7223173],[-101.2211718,19.7213259],[-101.2168954,19.7183642],[-101.216376,19.7177398],[-101.2156866,19.7151568],[-101.2157592,19.7136143],[-101.2162987,19.7115643],[-101.2157549,19.7103896],[-101.2157268,19.7092609],[-101.2153337,19.7076095],[-101.2162684,19.7036385],[-101.2125891,19.7017717],[-101.2075193,19.7021489],[-101.2076201,19.7015263],[-101.207013,19.7013209],[-101.205907,19.702244],[-101.2042815,19.7023201],[-101.203891,19.7021446],[-101.2034108,19.7015618],[-101.2013987,19.6986417]],[[-101.1973714,19.6976316],[-101.2013987,19.6986417]],[[-101.1968819,19.6973484],[-101.1973714,19.6976316]],[[-101.1962107,19.69708],[-101.1968819,19.6973484]],[[-101.1952683,19.6968507],[-101.1962107,19.69708]],[[-101.1952683,19.6968507],[-101.1951188,19.6962549],[-101.1943004,19.6961633]],[[-101.1925813,19.6960189],[-101.1943004,19.6961633]],[[-101.1916736,19.6959116],[-101.1925813,19.6960189]],[[-101.1899216,19.6959258],[-101.1916736,19.6959116]],[[-101.1893666,19.6959538],[-101.1899216,19.6959258]],[[-101.1889708,19.6959309],[-101.1893666,19.6959538]],[[-101.1877626,19.6957796],[-101.1889708,19.6959309]],[[-101.1870661,19.6955766],[-101.1877626,19.6957796]],[[-101.1819135,19.6939954],[-101.1870661,19.6955766]],[[-101.1810424,19.6938419],[-101.1819135,19.6939954]],[[-101.1792282,19.6935399],[-101.1810424,19.6938419]],[[-101.1795759,19.6914013],[-101.1792282,19.6935399]],[[-101.1796977,19.6907699],[-101.1795759,19.6914013]],[[-101.1797139,19.6906713],[-101.1796977,19.6907699]],[[-101.1798414,19.6899791],[-101.1797139,19.6906713]],[[-101.1800748,19.6886953],[-101.1798414,19.6899791]],[[-101.1801526,19.6882916],[-101.1800748,19.6886953]],[[-101.1801615,19.6882453],[-101.1801526,19.6882916]],[[-101.1802089,19.6879997],[-101.1801615,19.6882453]],[[-101.1802219,19.6879322],[-101.1802089,19.6879997]],[[-101.1802859,19.6876003],[-101.1802219,19.6879322]],[[-101.1805696,19.6860743],[-101.1802859,19.6876003]],[[-101.1806336,19.6857378],[-101.1805696,19.6860743]],[[-101.1807915,19.684892],[-101.1806336,19.6857378]],[[-101.1813595,19.6818493],[-101.1807915,19.684892]],[[-101.1813362,19.6812716],[-101.1813595,19.6818493]],[[-101.1813171,19.6811893],[-101.1813362,19.6812716]],[[-101.1813171,19.6811893],[-101.1741276,19.6816773]],[[-101.1709637,19.6818867],[-101.1688915,19.6821833],[-101.1676261,19.6827822],[-101.1604303,19.6878695],[-101.1539256,19.6871483],[-101.1530844,19.687325],[-101.1507282,19.6897735],[-101.1490175,19.6943439],[-101.147797,19.6944211],[-101.1464013,19.6937447]]]}},{"type":"Feature","id":"Sin nombre — Ciudad Tres Marías ↔ Heroes de la Nación (2)","properties":{"ref":"Sin nombre — Ciudad Tres Marías ↔ Heroes de la Nación (2)","nombre":"Sin nombre — Ciudad Tres Marías ↔ Heroes de la Nación (2)","variantes":1,"osmid":18097097,"paradas":0,"sin_nombre":true},"geometry":{"type":"MultiLineString","coordinates":[[[-101.143723,19.702817],[-101.1473537,19.7021777]],[[-101.1474213,19.7025071],[-101.1473537,19.7021777]],[[-101.1474213,19.7025071],[-101.1478794,19.702488],[-101.1483462,19.7035124]],[[-101.1487407,19.7034427],[-101.1483462,19.7035124]],[[-101.1491817,19.7043907],[-101.1487407,19.7034427]],[[-101.1496648,19.704025],[-101.1491817,19.7043907]],[[-101.1497288,19.7039747],[-101.1496648,19.704025]],[[-101.1497288,19.7039747],[-101.1490758,19.7022761]],[[-101.1486179,19.7023547],[-101.1490758,19.7022761]],[[-101.1486179,19.7023547],[-101.1482678,19.7006198]],[[-101.1491677,19.7004663],[-101.1482678,19.7006198]],[[-101.1491677,19.7004663],[-101.1489519,19.6993973],[-101.1492096,19.6985676],[-101.1495859,19.6976113],[-101.1503123,19.6972044],[-101.1515589,19.697945],[-101.1546403,19.7003728]],[[-101.1547999,19.7002098],[-101.1546403,19.7003728]],[[-101.1547999,19.7002098],[-101.1513198,19.6974251]],[[-101.1495126,19.6956725],[-101.1496873,19.6936738],[-101.150803,19.690253],[-101.1518477,19.6889394],[-101.1534016,19.6875006],[-101.1576469,19.6877926],[-101.16363,19.6884989],[-101.1721972,19.6903747],[-101.1737821,19.6835788],[-101.1765155,19.6841562]],[[-101.1774973,19.6843642],[-101.1765155,19.6841562]],[[-101.1773564,19.6851781],[-101.1774973,19.6843642]],[[-101.1773564,19.6851781],[-101.1806336,19.6857378],[-101.1787619,19.6961692],[-101.1823824,19.6967468],[-101.1816481,19.7005294],[-101.1968525,19.7010504],[-101.2034108,19.7015618]],[[-101.203891,19.7021446],[-101.2034108,19.7015618]],[[-101.203891,19.7021446],[-101.2041507,19.7025095],[-101.2124116,19.7019589],[-101.2157623,19.7037409],[-101.2161295,19.7037738],[-101.21551,19.7058167],[-101.2152277,19.7076131],[-101.2156251,19.7092827],[-101.2156491,19.710401],[-101.2161117,19.7114114],[-101.2160519,19.7121992]],[[-101.2161277,19.7122095],[-101.2160519,19.7121992]],[[-101.2161277,19.7122095],[-101.2166926,19.7120737],[-101.2171347,19.7113781],[-101.2184918,19.7105439]],[[-101.2184346,19.7104824],[-101.2184918,19.7105439]],[[-101.2184346,19.7104824],[-101.2204293,19.7100777]],[[-101.2202831,19.7095228],[-101.2204293,19.7100777]],[[-101.2201437,19.7089831],[-101.2202831,19.7095228]],[[-101.2201437,19.7089831],[-101.2258004,19.707849],[-101.2272383,19.7132251],[-101.2294644,19.7150416],[-101.2293115,19.7157966],[-101.2297983,19.7163464],[-101.2278661,19.719185],[-101.2283546,19.7194901],[-101.235638,19.7088685],[-101.2367445,19.7076513]]]}},{"type":"Feature","id":"Sin nombre — Ciudad Peluche ↔ Constituyentes de Apatzingan de 1814","properties":{"ref":"Sin nombre — Ciudad Peluche ↔ Constituyentes de Apatzingan de 1814","nombre":"Sin nombre — Ciudad Peluche ↔ Constituyentes de Apatzingan de 1814","variantes":1,"osmid":18178684,"paradas":0,"sin_nombre":true},"geometry":{"type":"MultiLineString","coordinates":[[[-101.1882649,19.5829073],[-101.1885277,19.5830692],[-101.1891392,19.5843703],[-101.1899825,19.5872421],[-101.1900768,19.5888137],[-101.1905168,19.5896439],[-101.1912061,19.5902782],[-101.1935422,19.602925],[-101.1942315,19.604316],[-101.1935864,19.6123141],[-101.1951488,19.6143126],[-101.1970156,19.6153637],[-101.197886,19.6169213],[-101.1986754,19.6176753],[-101.1989374,19.6184953],[-101.19973,19.6190802],[-101.2004569,19.6201464],[-101.2010215,19.6211222],[-101.2014897,19.6229129],[-101.2016346,19.6245652],[-101.2014202,19.625404],[-101.2017455,19.6258771],[-101.2019071,19.6266573],[-101.2021734,19.6271118],[-101.2031477,19.6278605],[-101.2046279,19.6295169],[-101.204395,19.6301671],[-101.2040342,19.6303553],[-101.2036294,19.6302929],[-101.2022704,19.6292375],[-101.2013513,19.6294511],[-101.2011033,19.6296788],[-101.2009962,19.6307523],[-101.2006045,19.6312623],[-101.2008974,19.6329868],[-101.1992474,19.6347842],[-101.1988419,19.6358906],[-101.1982442,19.6366334],[-101.1975013,19.6382477],[-101.1977695,19.6386468],[-101.1992179,19.6390737],[-101.1994029,19.6396598],[-101.1993627,19.6410871],[-101.1990382,19.6412639],[-101.1985232,19.6410138],[-101.1981852,19.6411452],[-101.1975844,19.6423577],[-101.1976163,19.6426196],[-101.198291,19.6429007],[-101.1996294,19.642249],[-101.2006421,19.6422895],[-101.2034263,19.6437799],[-101.2042872,19.644515],[-101.2046172,19.6452198],[-101.2046037,19.6460282],[-101.204247,19.6465814],[-101.2023668,19.6477939],[-101.2013449,19.6475741],[-101.2010505,19.6478342],[-101.2011181,19.6490441],[-101.2025576,19.6510267],[-101.202804,19.6522346],[-101.202218,19.6571274],[-101.2020732,19.6576801],[-101.2017395,19.6580459]],[[-101.200432,19.6591729],[-101.2017395,19.6580459]],[[-101.200432,19.6591729],[-101.199459,19.6602581],[-101.1982514,19.6608625],[-101.19771,19.6616109]],[[-101.1972548,19.662449],[-101.19771,19.6616109]],[[-101.1974117,19.663691],[-101.1972548,19.662449]],[[-101.2009637,19.6703565],[-101.2005726,19.6700805],[-101.1996602,19.6698712],[-101.1991964,19.6694394],[-101.1989571,19.6681082],[-101.1974117,19.663691]],[[-101.2009637,19.6703565],[-101.2008311,19.6714734],[-101.2010998,19.671612]],[[-101.2023082,19.6712049],[-101.2010998,19.671612]],[[-101.2036682,19.6707235],[-101.2023082,19.6712049]],[[-101.2036682,19.6707235],[-101.2050227,19.6740455],[-101.2032054,19.6751567],[-101.2026548,19.6757456],[-101.2011483,19.6802817],[-101.2003296,19.6808779],[-101.1984863,19.6811302],[-101.1970075,19.680954],[-101.195744,19.6814293],[-101.1954748,19.6821991],[-101.195641,19.6832139]],[[-101.1955146,19.6833105],[-101.195641,19.6832139]],[[-101.1955146,19.6833105],[-101.1952233,19.6955497]]]}},{"type":"Feature","id":"Sin nombre — Fraccionamiento La Campiña ↔ Heroes de la Nación","properties":{"ref":"Sin nombre — Fraccionamiento La Campiña ↔ Heroes de la Nación","nombre":"Sin nombre — Fraccionamiento La Campiña ↔ Heroes de la Nación","variantes":1,"osmid":18178728,"paradas":0,"sin_nombre":true},"geometry":{"type":"MultiLineString","coordinates":[[[-101.2309138,19.6793688],[-101.2316591,19.6776653]],[[-101.2287314,19.6847216],[-101.2309138,19.6793688]],[[-101.2287314,19.6847216],[-101.2274762,19.6836347],[-101.226188,19.6848053],[-101.2256808,19.6848102],[-101.2257479,19.6874878]],[[-101.2239329,19.6870308],[-101.2257479,19.6874878]],[[-101.2237205,19.6869095],[-101.2239329,19.6870308]],[[-101.2236107,19.6869362],[-101.2237205,19.6869095]],[[-101.2236896,19.6885277],[-101.2236107,19.6869362]],[[-101.223587,19.6886058],[-101.2236896,19.6885277]],[[-101.223587,19.6886058],[-101.222069,19.6898983],[-101.2228938,19.6907392],[-101.2189936,19.6941583],[-101.2173487,19.6924447]],[[-101.2169766,19.6928045],[-101.2173487,19.6924447]],[[-101.2169766,19.6928045],[-101.2129115,19.6906382],[-101.2141744,19.6879644]],[[-101.2140774,19.6879274],[-101.2141744,19.6879644]],[[-101.2140774,19.6879274],[-101.2105048,19.6954835]],[[-101.2104565,19.6954775],[-101.2105048,19.6954835]],[[-101.2088911,19.695284],[-101.2104565,19.6954775]],[[-101.2087644,19.6952684],[-101.2088911,19.695284]],[[-101.2086397,19.6952531],[-101.2087644,19.6952684]],[[-101.2066533,19.6950086],[-101.2086397,19.6952531]],[[-101.2053147,19.6948442],[-101.2066533,19.6950086]],[[-101.2053147,19.6948442],[-101.2054843,19.693478]],[[-101.2055758,19.6927327],[-101.2054843,19.693478]],[[-101.2048296,19.6926209],[-101.2055758,19.6927327]],[[-101.2044383,19.6925622],[-101.2048296,19.6926209]],[[-101.2034631,19.692416],[-101.2044383,19.6925622]],[[-101.2034631,19.692416],[-101.2031857,19.6943319],[-101.2029141,19.6948278]],[[-101.2028789,19.6948912],[-101.2029141,19.6948278]],[[-101.2027053,19.6951625],[-101.2028789,19.6948912]],[[-101.2026796,19.6952057],[-101.2027053,19.6951625]],[[-101.2025374,19.6954333],[-101.2026796,19.6952057]],[[-101.1977045,19.6955039],[-101.2025374,19.6954333]],[[-101.1969057,19.6955104],[-101.1977045,19.6955039]],[[-101.1969057,19.6955104],[-101.1968819,19.6973484]],[[-101.1962107,19.69708],[-101.1968819,19.6973484]],[[-101.1962107,19.69708],[-101.1959156,19.7056275],[-101.1981126,19.7055978],[-101.1979739,19.7072054]],[[-101.1978031,19.7090216],[-101.1979739,19.7072054]],[[-101.197412,19.7132017],[-101.1978031,19.7090216]],[[-101.1973966,19.713413],[-101.197412,19.7132017]],[[-101.197429,19.7134768],[-101.1973966,19.713413]],[[-101.197429,19.7134768],[-101.1967663,19.7201172],[-101.1942819,19.7201157],[-101.1944037,19.723032],[-101.1930841,19.7232031],[-101.192881,19.7235643],[-101.1958642,19.7246729],[-101.2076676,19.7261794],[-101.2069123,19.7297707]],[[-101.206801,19.7298871],[-101.2069123,19.7297707]],[[-101.2063129,19.729851],[-101.206801,19.7298871]],[[-101.2063129,19.729851],[-101.2055769,19.7336247],[-101.2039275,19.7338088]],[[-101.2038689,19.7341985],[-101.2039275,19.7338088]],[[-101.2038689,19.7341985],[-101.202871,19.7344982]],[[-101.2030883,19.7367726],[-101.202871,19.7344982]],[[-101.2031163,19.7368429],[-101.2030883,19.7367726]],[[-101.203359,19.7399706],[-101.2031163,19.7368429]],[[-101.2064357,19.7411356],[-101.2042944,19.7401007],[-101.203359,19.7399706]],[[-101.2058093,19.7438549],[-101.2064357,19.7411356]],[[-101.2058093,19.7438549],[-101.2049797,19.7432719]],[[-101.2049985,19.743186],[-101.2049797,19.7432719]],[[-101.2049985,19.743186],[-101.2040892,19.7425044],[-101.2036804,19.7424857]],[[-101.2043629,19.7464962],[-101.2036804,19.7424857]],[[-101.2043629,19.7464962],[-101.2068251,19.7453457]],[[-101.2091727,19.7470422],[-101.2068251,19.7453457]],[[-101.2091727,19.7470422],[-101.211435,19.7488162]]]}},{"type":"Feature","id":"Sin nombre — La Aldea ↔ Constituyentes de Apatzingan de 1814","properties":{"ref":"Sin nombre — La Aldea ↔ Constituyentes de Apatzingan de 1814","nombre":"Sin nombre — La Aldea ↔ Constituyentes de Apatzingan de 1814","variantes":1,"osmid":18178773,"paradas":0,"sin_nombre":true},"geometry":{"type":"MultiLineString","coordinates":[[[-101.1635948,19.7367432],[-101.1636256,19.7351906]],[[-101.1640766,19.7351956],[-101.1636256,19.7351906]],[[-101.1649533,19.7352025],[-101.1640766,19.7351956]],[[-101.1654232,19.7352128],[-101.1649533,19.7352025]],[[-101.1662737,19.735227],[-101.1654232,19.7352128]],[[-101.1667002,19.7351563],[-101.1662737,19.735227]],[[-101.1667002,19.7351563],[-101.1667267,19.7352273]],[[-101.1676094,19.7351573],[-101.1667267,19.7352273]],[[-101.1676094,19.7351573],[-101.167697,19.7355241]],[[-101.1681726,19.7355247],[-101.167697,19.7355241]],[[-101.1681726,19.7355247],[-101.1684888,19.7369952],[-101.1688068,19.7375999],[-101.1685312,19.7391009]],[[-101.1698318,19.7393444],[-101.1685312,19.7391009]],[[-101.1708923,19.7395248],[-101.1698318,19.7393444]],[[-101.1711447,19.7395398],[-101.1708923,19.7395248]],[[-101.1716726,19.7390362],[-101.1711447,19.7395398]],[[-101.1716726,19.7390362],[-101.1721542,19.739477],[-101.1730953,19.7385379]],[[-101.1737092,19.7390726],[-101.1730953,19.7385379]],[[-101.1737092,19.7390726],[-101.1747272,19.7380662],[-101.1763063,19.7389493],[-101.1775504,19.7393803],[-101.1681537,19.7573992],[-101.1675659,19.758018],[-101.1668918,19.7583521],[-101.1652767,19.7581968],[-101.1650568,19.758343],[-101.1652457,19.7585975],[-101.1658272,19.7584556],[-101.1685019,19.7587336],[-101.1686352,19.7584897],[-101.1683872,19.7583734],[-101.1682905,19.7578738],[-101.1697532,19.7547267],[-101.1779595,19.7390841],[-101.1785493,19.7386228],[-101.1815447,19.7371782],[-101.1825491,19.7359358],[-101.1833061,19.728013],[-101.1836309,19.7263878],[-101.1845243,19.7249235],[-101.1875167,19.7222242],[-101.1883108,19.7207716],[-101.1888175,19.7164571],[-101.1891241,19.7152871],[-101.188283,19.7116953],[-101.1887582,19.7105863],[-101.1905797,19.7076536],[-101.1913488,19.7056004],[-101.1917792,19.6929804]],[[-101.1936978,19.6924442],[-101.1917974,19.6923945]],[[-101.1952485,19.6924847],[-101.1936978,19.6924442]],[[-101.1953633,19.6924877],[-101.1952485,19.6924847]],[[-101.1954247,19.6922721],[-101.1996612,19.6934811],[-101.2026796,19.6952057],[-101.2029141,19.6948278]],[[-101.2032678,19.6938834],[-101.2029141,19.6948278]],[[-101.2034631,19.692416],[-101.2032678,19.6938834]],[[-101.2036367,19.6910942],[-101.2034631,19.692416]],[[-101.2036367,19.6910942],[-101.2121315,19.6922971],[-101.2179914,19.6801801],[-101.2177582,19.6801229],[-101.2175999,19.680501]]]}},{"type":"Feature","id":"Sin nombre — La Aldea ↔ Fracc. Misión del Valle","properties":{"ref":"Sin nombre — La Aldea ↔ Fracc. Misión del Valle","nombre":"Sin nombre — La Aldea ↔ Fracc. Misión del Valle","variantes":1,"osmid":18179084,"paradas":0,"sin_nombre":true},"geometry":{"type":"MultiLineString","coordinates":[[[-101.1824115,19.7164719],[-101.1861547,19.7136355],[-101.1883223,19.7128553],[-101.1890169,19.7152631],[-101.1887191,19.7164466],[-101.1884688,19.7203689],[-101.188215,19.7212755],[-101.1875961,19.7222386],[-101.1842228,19.7250633],[-101.1833999,19.7266358],[-101.1824198,19.7359071],[-101.1819552,19.7366394],[-101.1814266,19.7370696],[-101.1787298,19.7384054],[-101.1775504,19.7393803],[-101.166848,19.7600081],[-101.1657545,19.7612487],[-101.1596646,19.7670049],[-101.1586033,19.7683079],[-101.1572961,19.771148],[-101.1566695,19.7746626],[-101.1567168,19.775959],[-101.158284,19.784269],[-101.1659126,19.8081485],[-101.1672493,19.8156873],[-101.167422,19.8179135],[-101.1672658,19.819892],[-101.165486,19.8317207],[-101.164869,19.83305],[-101.162795,19.835664],[-101.162441,19.8380923],[-101.162108,19.8389402],[-101.160163,19.841047],[-101.158912,19.841831],[-101.156653,19.842021],[-101.155796,19.842334],[-101.1501588,19.8467815],[-101.1493783,19.8475813],[-101.1486876,19.8486951],[-101.1464936,19.8547814]],[[-101.1371387,19.8557079],[-101.1368342,19.8550558],[-101.1363535,19.8546654],[-101.1366995,19.8544245],[-101.1435887,19.8538461],[-101.1464936,19.8547814]],[[-101.1370763,19.8557565],[-101.1371387,19.8557079]],[[-101.1367086,19.856046],[-101.1370763,19.8557565]],[[-101.1194273,19.8423024],[-101.119943,19.842624],[-101.1212312,19.8429517],[-101.1222618,19.8436872],[-101.1242259,19.8469688],[-101.1246785,19.848662],[-101.1268008,19.8507273],[-101.1273681,19.8525349],[-101.1278133,19.8531782],[-101.1298629,19.8536604],[-101.1312338,19.8546547],[-101.1332166,19.8541911],[-101.1346865,19.8543715],[-101.1359719,19.8551605],[-101.1367086,19.856046]],[[-101.1161999,19.8397102],[-101.1178067,19.8404738],[-101.1194273,19.8423024]]]}},{"type":"Feature","id":"Sin nombre — San Nicolás Obispo ↔ Constituyentes de Apatzingan de 1814","properties":{"ref":"Sin nombre — San Nicolás Obispo ↔ Constituyentes de Apatzingan de 1814","nombre":"Sin nombre — San Nicolás Obispo ↔ Constituyentes de Apatzingan de 1814","variantes":1,"osmid":18179085,"paradas":0,"sin_nombre":true},"geometry":{"type":"MultiLineString","coordinates":[[[-101.3387623,19.6473366],[-101.3384861,19.647574],[-101.3377243,19.6477168],[-101.3365991,19.6489419],[-101.3366488,19.649346],[-101.337617,19.650011],[-101.3379657,19.6510246],[-101.3368486,19.652376],[-101.3368291,19.6528761],[-101.3365448,19.6531489],[-101.3361499,19.6530428],[-101.3345902,19.6515449],[-101.3338948,19.6514717],[-101.3328776,19.6517508],[-101.3323706,19.6513441],[-101.33146,19.6510549],[-101.32916,19.6512963],[-101.3265167,19.6511079],[-101.3248459,19.6517567],[-101.3237058,19.6513795],[-101.3227284,19.6518032],[-101.3216433,19.651862],[-101.3204958,19.6523594],[-101.3200542,19.6529065]],[[-101.3168763,19.6506205],[-101.3200542,19.6529065]],[[-101.3149134,19.6529884],[-101.3168763,19.6506205]],[[-101.3149134,19.6529884],[-101.312733,19.6514948],[-101.3091142,19.6510292],[-101.3072774,19.6512623],[-101.3061049,19.6509679],[-101.3045287,19.6498515],[-101.3030957,19.6482198],[-101.3025095,19.647999],[-101.3004643,19.648551],[-101.2996072,19.6491483],[-101.2962957,19.6490295],[-101.292599,19.6485378],[-101.2913455,19.6485756],[-101.2821113,19.6507589],[-101.2814217,19.6507654],[-101.2806416,19.6504932],[-101.2799127,19.6506567],[-101.2795196,19.6549928],[-101.2796636,19.6563874],[-101.2833786,19.6654432],[-101.2832303,19.6660798],[-101.2815969,19.6693218],[-101.2810851,19.6697427],[-101.2792026,19.6702639],[-101.2788422,19.670645],[-101.2794776,19.6912401],[-101.2644131,19.6960159],[-101.2526781,19.6978838],[-101.2429822,19.7001137]],[[-101.2397384,19.7010717],[-101.2243418,19.7047432],[-101.219922,19.7053965],[-101.2127257,19.7018057],[-101.2116883,19.7018157]],[[-101.2115903,19.7018535],[-101.2075193,19.7021489],[-101.2076201,19.7015263],[-101.207013,19.7013209],[-101.205907,19.702244],[-101.2042815,19.7023201],[-101.203891,19.7021446],[-101.2034108,19.7015618],[-101.2013987,19.6986417]],[[-101.1973714,19.6976316],[-101.2013987,19.6986417]],[[-101.1968819,19.6973484],[-101.1973714,19.6976316]],[[-101.1962107,19.69708],[-101.1968819,19.6973484]],[[-101.1952683,19.6968507],[-101.1962107,19.69708]],[[-101.1952683,19.6968507],[-101.1951188,19.6962549],[-101.1943004,19.6961633]],[[-101.1925813,19.6960189],[-101.1943004,19.6961633]],[[-101.1916736,19.6959116],[-101.1925813,19.6960189]],[[-101.1899216,19.6959258],[-101.1916736,19.6959116]],[[-101.1893666,19.6959538],[-101.1899216,19.6959258]],[[-101.1889708,19.6959309],[-101.1893666,19.6959538]],[[-101.1877626,19.6957796],[-101.1889708,19.6959309]],[[-101.1877626,19.6957796],[-101.1878828,19.6932098],[-101.1890126,19.6934901]]]}},{"type":"Feature","id":"Sin nombre — La Aldea ↔ Irapeo","properties":{"ref":"Sin nombre — La Aldea ↔ Irapeo","nombre":"Sin nombre — La Aldea ↔ Irapeo","variantes":1,"osmid":18180824,"paradas":0,"sin_nombre":true},"geometry":{"type":"MultiLineString","coordinates":[[[-101.1824115,19.7164719],[-101.1821329,19.716109],[-101.1778166,19.7191984],[-101.1666075,19.7106781],[-101.1663325,19.7098703],[-101.1654755,19.7095862],[-101.1630778,19.706787],[-101.1514599,19.6976079],[-101.1495126,19.6956725],[-101.1495481,19.6945941],[-101.1472998,19.6942725],[-101.1454953,19.6930124],[-101.1441639,19.6923317],[-101.143047,19.6919277],[-101.1413391,19.691969],[-101.1404637,19.691143],[-101.1393216,19.6904544],[-101.1371957,19.6900982],[-101.1367464,19.6897238],[-101.1365451,19.6885744],[-101.1361455,19.6879559],[-101.1336264,19.6864503],[-101.1310615,19.6856421],[-101.1299798,19.686072]],[[-101.1290971,19.6865168],[-101.128122,19.6870848]],[[-101.1212862,19.6880642],[-101.1262657,19.6877395]],[[-101.1133663,19.6886383],[-101.1212862,19.6880642]],[[-101.1088026,19.688765],[-101.1097632,19.6888994],[-101.1133663,19.6886383]],[[-101.1082436,19.6885782],[-101.1088026,19.688765]],[[-101.0796806,19.6867578],[-101.0859641,19.6888773],[-101.0882304,19.6893439],[-101.0898529,19.6890238],[-101.0934967,19.6892732],[-101.0961038,19.6886974],[-101.0972679,19.6888842],[-101.0990784,19.6898363],[-101.0999091,19.6899759],[-101.1030284,19.688809],[-101.1049634,19.6874602],[-101.1082436,19.6885782]],[[-101.0742322,19.683551],[-101.0796806,19.6867578]],[[-101.0651981,19.6817343],[-101.0717404,19.6823817],[-101.0727062,19.6827016],[-101.0742322,19.683551]],[[-101.059263,19.6811885],[-101.0651981,19.6817343]],[[-101.059263,19.6811885],[-101.0573315,19.6810191],[-101.0559879,19.6815768]],[[-101.0501645,19.6850304],[-101.0559879,19.6815768]],[[-101.0065345,19.6737177],[-101.0056398,19.6761608],[-101.005531,19.6773099],[-101.0058412,19.6813235],[-101.0073779,19.6819595],[-101.0083676,19.6819001],[-101.0087997,19.6824246],[-101.0086066,19.6831924],[-101.0087755,19.6834828],[-101.0104063,19.6840839],[-101.0106717,19.6847072],[-101.0117338,19.6856163],[-101.0135713,19.6862027],[-101.0133094,19.6882731],[-101.0141371,19.6889903],[-101.0147206,19.6891903],[-101.015469,19.6892244],[-101.0166058,19.6883792],[-101.0176817,19.688114],[-101.0184179,19.6883741],[-101.0200471,19.6883842],[-101.0213576,19.6893439],[-101.0220121,19.6894247],[-101.0246943,19.6884145],[-101.0256599,19.6883337],[-101.0268615,19.6878589],[-101.0306729,19.6854168],[-101.0313944,19.6852249],[-101.0353375,19.6855108],[-101.0413132,19.6874246],[-101.0474718,19.686425],[-101.0501645,19.6850304]],[[-101.0070723,19.6725547],[-101.0065345,19.6737177]],[[-100.9549858,19.6526317],[-100.9562029,19.6528073],[-100.9571289,19.6525604],[-100.9578907,19.6516087],[-100.9587409,19.6509709],[-100.9595107,19.6496087],[-100.9616257,19.6489539],[-100.962828,19.6481298],[-100.9652138,19.649185],[-100.9663048,19.6494079],[-100.966921,19.6500034],[-100.96789,19.6496492],[-100.9687295,19.6497294],[-100.9700431,19.6494452],[-100.9703797,19.6496902],[-100.9710315,19.6507764],[-100.9728628,19.6517887],[-100.9752459,19.652621],[-100.9771047,19.6523867],[-100.9786242,19.6518705],[-100.9792266,19.6515332],[-100.9802268,19.6505137],[-100.9811079,19.650083],[-100.9829591,19.6500592],[-100.984415,19.6492387],[-100.9854215,19.6495276],[-100.9863549,19.649096],[-100.9889835,19.6484834],[-100.9897982,19.6500135],[-100.989754,19.6506848],[-100.9894066,19.6515588],[-100.9894744,19.651891],[-100.9911709,19.6525604],[-100.9942178,19.654912],[-100.9948857,19.6565652],[-100.9956931,19.6578257],[-100.9973386,19.6580391],[-100.9989975,19.6588095],[-101.0000557,19.6588701],[-101.0012801,19.6597138],[-101.00196,19.6605725],[-101.0025381,19.6609299],[-101.0029397,19.6634223],[-101.003798,19.6641017],[-101.0053859,19.6663004],[-101.0062395,19.6670032],[-101.0065895,19.6684656],[-101.0060886,19.6707444],[-101.0070723,19.6725547]],[[-100.9545218,19.6525578],[-100.9549858,19.6526317]],[[-100.8806518,19.6829272],[-100.881553,19.6826103],[-100.882355,19.6827959],[-100.8836022,19.6823135],[-100.8841185,19.6814473],[-100.8854583,19.6815622],[-100.8863119,19.6812989],[-100.8866023,19.6814883],[-100.8869308,19.6824966],[-100.8875276,19.6829664],[-100.8876751,19.6835864],[-100.8880681,19.6839109],[-100.8884262,19.68395],[-100.8886743,19.6837455],[-100.8891651,19.6824196],[-100.8901696,19.6819019],[-100.8902098,19.6816304],[-100.8898196,19.6808449],[-100.8899429,19.6804724],[-100.8903064,19.6802451],[-100.8916743,19.6807496],[-100.8923073,19.6814208],[-100.8932997,19.6817971],[-100.8937061,19.6816708],[-100.8941205,19.6807786],[-100.8946154,19.6806947],[-100.8949982,19.6809567],[-100.896116,19.6827479],[-100.896745,19.6831583],[-100.8978595,19.6834929],[-100.8993588,19.6833035],[-100.9000053,19.6825661],[-100.9005672,19.6822883],[-100.9020625,19.6825383],[-100.9027813,19.6824057],[-100.9031126,19.6816001],[-100.9042418,19.6807906],[-100.904561,19.680038],[-100.9050545,19.6794963],[-100.905135,19.6784684],[-100.9062347,19.6782979],[-100.9066772,19.6777991],[-100.9069844,19.6762093],[-100.9058002,19.675439],[-100.9052289,19.6744969],[-100.9057356,19.674105],[-100.9070179,19.6740676],[-100.9074195,19.6737247],[-100.9074362,19.6721425],[-100.907962,19.6716353],[-100.9082101,19.6709484],[-100.9072459,19.6690604],[-100.9056364,19.6687732],[-100.9051698,19.6682699],[-100.9053029,19.6676943],[-100.9064546,19.6676852],[-100.9086902,19.6688205],[-100.9091181,19.6688356],[-100.9098838,19.6666092],[-100.9092535,19.6653476],[-100.9098,19.6649807],[-100.9114851,19.6665473],[-100.9126834,19.6673726],[-100.9144211,19.667502],[-100.9145643,19.6677616],[-100.914522,19.6686582],[-100.9148305,19.6689505],[-100.9151993,19.6688558],[-100.916077,19.667814],[-100.916698,19.667915],[-100.9177856,19.6694102],[-100.9176113,19.6697853],[-100.9170493,19.6700164],[-100.9168737,19.6703965],[-100.9170789,19.6714617],[-100.9167872,19.6719845],[-100.9170145,19.6723476],[-100.9188417,19.671617],[-100.9202284,19.6700082],[-100.9218052,19.6696363],[-100.9228758,19.6702948],[-100.9232607,19.6702488],[-100.9234035,19.6698642],[-100.9230106,19.6694115],[-100.9229609,19.6688773],[-100.9232929,19.668315],[-100.9240363,19.6678968],[-100.9239279,19.6657163],[-100.9242806,19.6653488],[-100.9253347,19.6649131],[-100.9261099,19.6640815],[-100.9258148,19.6638637],[-100.9239306,19.6634381],[-100.9232895,19.6629115],[-100.9221402,19.6626286],[-100.9219055,19.6622042],[-100.9228939,19.6612671],[-100.923842,19.6592282],[-100.9246809,19.6585032],[-100.9245424,19.6572128],[-100.9261896,19.6566606],[-100.9269427,19.6553275],[-100.9275537,19.6554951],[-100.9284139,19.6561289],[-100.9293101,19.6557112],[-100.9294707,19.6554646],[-100.9292452,19.6543836],[-100.930799,19.6539983],[-100.9311497,19.6531717],[-100.9320395,19.6530836],[-100.9334665,19.653728],[-100.9354399,19.6537529],[-100.9395913,19.6509917],[-100.9401063,19.6509892],[-100.9406642,19.6515954],[-100.9410457,19.6517325],[-100.9416412,19.6511067],[-100.942877,19.65149],[-100.9437789,19.6508048],[-100.9454674,19.6503211],[-100.9459528,19.650544],[-100.9462331,19.6513315],[-100.9467039,19.6517615],[-100.9484453,19.6519491],[-100.948908,19.6521676],[-100.949325,19.6532424],[-100.9496094,19.6535101],[-100.9499265,19.6534842],[-100.9509089,19.6526418],[-100.9515553,19.6524499],[-100.9545218,19.6525578]],[[-100.8575727,19.6752761],[-100.8585128,19.6762055],[-100.8609,19.6777095],[-100.8618334,19.6793991],[-100.8629425,19.6790543],[-100.8641696,19.6790291],[-100.8646671,19.6792046],[-100.8659975,19.6817061],[-100.8693892,19.6841357],[-100.8707517,19.684171],[-100.8709435,19.6838566],[-100.8709355,19.6829903],[-100.8712909,19.6827125],[-100.8729954,19.6832416],[-100.8732871,19.6831362],[-100.8736264,19.6826197],[-100.8739255,19.6825869],[-100.8742198,19.6827972],[-100.8748823,19.6842708],[-100.874586,19.6850524],[-100.8746865,19.6853289],[-100.8758902,19.6854527],[-100.8771562,19.6863852],[-100.8779494,19.6861548],[-100.8787407,19.6864427],[-100.8791015,19.6863126],[-100.8792798,19.6859073],[-100.8784564,19.6848605],[-100.8785959,19.6842278],[-100.8788869,19.6838503],[-100.8797318,19.6836394],[-100.8806518,19.6829272]],[[-100.8570235,19.6746895],[-100.8575727,19.6752761]],[[-100.7744435,19.6351524],[-100.7746978,19.6327884],[-100.7733084,19.6258978],[-100.7735471,19.6242809],[-100.7741493,19.6224493],[-100.7732722,19.6190196],[-100.7733805,19.6183477],[-100.7736343,19.6181025],[-100.7743585,19.6180267],[-100.7749249,19.6182548],[-100.7755975,19.6194037],[-100.7751546,19.6211382],[-100.7754877,19.6223065],[-100.7753583,19.624214],[-100.7754991,19.6248393],[-100.7779631,19.6271844],[-100.7790497,19.6293627],[-100.7798423,19.6302457],[-100.7800904,19.6319519],[-100.7811432,19.6329564],[-100.7805665,19.6340458],[-100.7806731,19.634498],[-100.7821148,19.6348669],[-100.7831729,19.6358079],[-100.7838941,19.6361695],[-100.7847822,19.6370723],[-100.7846797,19.6375845],[-100.783482,19.638156],[-100.7833064,19.6388236],[-100.7835729,19.6396455],[-100.7847226,19.6400393],[-100.7852332,19.6404094],[-100.7855755,19.6410349],[-100.7855292,19.6414198],[-100.7849351,19.6418947],[-100.7848419,19.6422086],[-100.7852583,19.6426962],[-100.7862923,19.6430182],[-100.7862833,19.6433498],[-100.7858598,19.6440148],[-100.7865994,19.6446072],[-100.786924,19.6452008],[-100.7862829,19.6460028],[-100.7862977,19.6463334],[-100.788998,19.6475797],[-100.7898811,19.6487985],[-100.7902171,19.6489305],[-100.791184,19.648246],[-100.7922911,19.6467745],[-100.7927417,19.6467786],[-100.7932714,19.6479113],[-100.7927625,19.6491193],[-100.7929315,19.6501474],[-100.7927927,19.6508383],[-100.7934967,19.6521941],[-100.7971922,19.6545881],[-100.7974268,19.6548429],[-100.7975972,19.6558473],[-100.7984615,19.6567395],[-100.7991777,19.6568942],[-100.7995126,19.657886],[-100.8010009,19.6587224],[-100.8020168,19.6585013],[-100.8024587,19.6586238],[-100.8026712,19.6590236],[-100.8026394,19.6597501],[-100.8037301,19.6615321],[-100.8061071,19.6627785],[-100.8061467,19.6636578],[-100.8049665,19.6647793],[-100.8046722,19.6647742],[-100.80419,19.6642792],[-100.8036295,19.6640714],[-100.8029136,19.6642138],[-100.8014543,19.6662277],[-100.8006227,19.6667115],[-100.8006629,19.667269],[-100.8013548,19.6674422],[-100.8019698,19.6663585],[-100.8032949,19.665854],[-100.8039916,19.6669969],[-100.8030514,19.6690992],[-100.8031943,19.6694418],[-100.8036677,19.6694809],[-100.80498,19.6684328],[-100.8059543,19.6681821],[-100.8069474,19.6687062],[-100.8070721,19.6699545],[-100.8093895,19.6703624],[-100.8096906,19.6699128],[-100.8088544,19.6686171],[-100.8089657,19.6671434],[-100.8093268,19.6662758],[-100.8099414,19.6658445],[-100.8104262,19.6650653],[-100.8107594,19.664898],[-100.8112992,19.6649914],[-100.8115789,19.6653987],[-100.8111866,19.666452],[-100.8125565,19.6677167],[-100.8133977,19.6696208],[-100.8138084,19.6699438],[-100.8142537,19.6697386],[-100.8141109,19.6683848],[-100.8146044,19.6673827],[-100.8150449,19.6674547],[-100.8155789,19.6681207],[-100.8164538,19.6679983],[-100.8170868,19.6690134],[-100.8177087,19.6705916],[-100.8182418,19.671217],[-100.8184104,19.6720218],[-100.8187551,19.6721304],[-100.819084,19.6719687],[-100.8194404,19.6701319],[-100.8189093,19.6683797],[-100.81896,19.667765],[-100.819203,19.667473],[-100.8198099,19.6673],[-100.8213166,19.6673227],[-100.8216392,19.6677597],[-100.8222608,19.6700284],[-100.8220958,19.6708429],[-100.8214796,19.6717099],[-100.8214742,19.6720256],[-100.8216955,19.6721916],[-100.822653,19.6722365],[-100.8232572,19.6727953],[-100.8232686,19.673147],[-100.8225558,19.6739211],[-100.823341,19.6757502],[-100.8233591,19.676506],[-100.8242811,19.6774796],[-100.8263585,19.6781489],[-100.8283983,19.6795418],[-100.8294806,19.6800507],[-100.829897,19.6813706],[-100.8294799,19.6821134],[-100.8294142,19.6829626],[-100.8290407,19.6833717],[-100.8292834,19.6838459],[-100.8302678,19.6839968],[-100.831564,19.6848649],[-100.8322372,19.6848876],[-100.8327582,19.6845738],[-100.8332129,19.684594],[-100.8338834,19.684971],[-100.8344118,19.6856124],[-100.8354311,19.6857955],[-100.8363765,19.6853188],[-100.8369224,19.6843263],[-100.8375286,19.6840397],[-100.8379497,19.6835207],[-100.8385766,19.6832738],[-100.8389233,19.6826721],[-100.8398192,19.6820483],[-100.8404113,19.6818652],[-100.8406238,19.681314],[-100.8408941,19.6811171],[-100.8414077,19.6810969],[-100.8416927,19.6814372],[-100.8412562,19.6829392],[-100.8415666,19.6833629],[-100.84296,19.6828174],[-100.8445043,19.6803581],[-100.8450897,19.6805337],[-100.8456463,19.6811701],[-100.8467802,19.6806113],[-100.8481085,19.6807376],[-100.8486403,19.6812629],[-100.84906,19.6811916],[-100.8492719,19.6808689],[-100.8493464,19.679776],[-100.8499646,19.6793937],[-100.8502771,19.6789142],[-100.8501899,19.6779368],[-100.8507679,19.6763141],[-100.8508095,19.6745323],[-100.851233,19.6740615],[-100.8516219,19.6739937],[-100.8528289,19.6745158],[-100.8536842,19.6738194],[-100.855557,19.6739529],[-100.8570235,19.6746895]]]}},{"type":"Feature","id":"Sin nombre — Joya de La Huerta ↔ Constituyentes de Apatzingan de 1814","properties":{"ref":"Sin nombre — Joya de La Huerta ↔ Constituyentes de Apatzingan de 1814","nombre":"Sin nombre — Joya de La Huerta ↔ Constituyentes de Apatzingan de 1814","variantes":1,"osmid":18180845,"paradas":0,"sin_nombre":true},"geometry":{"type":"MultiLineString","coordinates":[[[-101.5085482,19.4859901],[-101.5103902,19.4866703],[-101.5123616,19.487109],[-101.5116926,19.4890934],[-101.512477,19.4906705],[-101.5108116,19.4944796],[-101.5078354,19.4965997],[-101.5064594,19.4990725],[-101.5030074,19.5003973],[-101.4985965,19.5012595],[-101.4929793,19.5019267],[-101.4928701,19.502262],[-101.4915524,19.5033713],[-101.491148,19.5051063],[-101.4897808,19.5069624],[-101.4861444,19.5075107],[-101.4857409,19.5078044],[-101.4849058,19.5112475],[-101.4837448,19.5185181],[-101.4834592,19.5306181],[-101.4809927,19.5302275],[-101.4788786,19.530536],[-101.4765505,19.5314937],[-101.4736256,19.5335914],[-101.461493,19.539916],[-101.4572024,19.5408812],[-101.4498832,19.5447145],[-101.432582,19.5496416],[-101.431484,19.550435],[-101.4304522,19.5521998],[-101.4298589,19.5527903],[-101.4238882,19.5560868],[-101.4185118,19.5584746],[-101.4100434,19.5597554],[-101.4057761,19.5601764],[-101.4036879,19.5599898],[-101.3642205,19.5473648],[-101.3631812,19.547174],[-101.3578556,19.5471538],[-101.3554604,19.5456587],[-101.3494494,19.5442883]],[[-101.3388425,19.5522994],[-101.3379624,19.5539384],[-101.3342482,19.5563086],[-101.3327906,19.5576179],[-101.291009,19.5992176],[-101.2784031,19.6254558],[-101.2775024,19.6267829],[-101.2731918,19.6314342],[-101.272672,19.632315],[-101.2717981,19.6351583],[-101.2703736,19.6372406],[-101.2691174,19.6379429],[-101.266438,19.6381165],[-101.2609676,19.6396635],[-101.2579383,19.639625],[-101.2565647,19.6400702],[-101.2506929,19.644276],[-101.2500671,19.6449244],[-101.2448113,19.6527599],[-101.2406459,19.6585539],[-101.2385312,19.6597773],[-101.2267775,19.6646543],[-101.2256955,19.6652485],[-101.2246627,19.6661769],[-101.2234215,19.6682756],[-101.208181,19.7003275],[-101.2077228,19.7006947],[-101.2080024,19.7010446],[-101.2139578,19.7006501]],[[-101.2140396,19.7006956],[-101.2139578,19.7006501]],[[-101.2140396,19.7006956],[-101.2175487,19.6975784],[-101.2163316,19.6963888],[-101.2145573,19.6979426]],[[-101.213559,19.6972435],[-101.2145573,19.6979426]],[[-101.213559,19.6972435],[-101.2105136,19.6999906],[-101.2090498,19.6985027],[-101.20809,19.7004708],[-101.2072159,19.7013236],[-101.2069133,19.7014106],[-101.2059698,19.6985271],[-101.2044759,19.696292],[-101.2029141,19.6948278]],[[-101.2028789,19.6948912],[-101.2029141,19.6948278]],[[-101.2027053,19.6951625],[-101.2028789,19.6948912]],[[-101.2026796,19.6952057],[-101.2027053,19.6951625]],[[-101.2025374,19.6954333],[-101.2026796,19.6952057]],[[-101.1977045,19.6955039],[-101.2025374,19.6954333]],[[-101.1969057,19.6955104],[-101.1977045,19.6955039]],[[-101.1969736,19.6933751],[-101.1969057,19.6955104]],[[-101.1969736,19.6933751],[-101.1993445,19.6933605],[-101.2018521,19.6946087],[-101.2036444,19.6959929],[-101.2054408,19.6985101],[-101.2061708,19.6985411],[-101.2077831,19.7008332]]]}},{"type":"Feature","id":"Sin nombre — Jesús del Monte ↔ Ciudad Tres Marías","properties":{"ref":"Sin nombre — Jesús del Monte ↔ Ciudad Tres Marías","nombre":"Sin nombre — Jesús del Monte ↔ Ciudad Tres Marías","variantes":1,"osmid":18180851,"paradas":0,"sin_nombre":true},"geometry":{"type":"LineString","coordinates":[[-101.1491649,19.6945523],[-101.1472998,19.6942725],[-101.1453135,19.692909],[-101.1434302,19.6920771],[-101.1380028,19.6922056],[-101.1350956,19.6915412],[-101.1341567,19.6906778],[-101.1336994,19.6905995],[-101.1332394,19.6909455],[-101.1330524,19.6919831],[-101.1293356,19.6947761],[-101.1284021,19.6960793],[-101.1274311,19.6964531],[-101.125205,19.6962256],[-101.1235955,19.696789],[-101.120224,19.6989999],[-101.119137,19.7005472],[-101.117779,19.701981],[-101.1167465,19.7026008],[-101.1152487,19.7016493],[-101.1153089,19.7006476],[-101.1150421,19.7002738],[-101.1142333,19.6998206],[-101.1123611,19.6997928],[-101.1120929,19.6995958],[-101.1120862,19.6992461],[-101.1129374,19.6972713],[-101.1132795,19.6968534],[-101.1131798,19.6967156]]}},{"type":"Feature","id":"Sin nombre — Irapeo ↔ La Aldea","properties":{"ref":"Sin nombre — Irapeo ↔ La Aldea","nombre":"Sin nombre — Irapeo ↔ La Aldea","variantes":1,"osmid":18180875,"paradas":0,"sin_nombre":true},"geometry":{"type":"MultiLineString","coordinates":[[[-100.7744435,19.6351524],[-100.7746978,19.6327884],[-100.7733084,19.6258978],[-100.7735471,19.6242809],[-100.7741493,19.6224493],[-100.7732722,19.6190196],[-100.7733805,19.6183477],[-100.7736343,19.6181025],[-100.7743585,19.6180267],[-100.7749249,19.6182548],[-100.7755975,19.6194037],[-100.7751546,19.6211382],[-100.7754877,19.6223065],[-100.7753583,19.624214],[-100.7754991,19.6248393],[-100.7779631,19.6271844],[-100.7790497,19.6293627],[-100.7798423,19.6302457],[-100.7800904,19.6319519],[-100.7811432,19.6329564],[-100.7805665,19.6340458],[-100.7806731,19.634498],[-100.7821148,19.6348669],[-100.7831729,19.6358079],[-100.7838941,19.6361695],[-100.7847822,19.6370723],[-100.7846797,19.6375845],[-100.783482,19.638156],[-100.7833064,19.6388236],[-100.7835729,19.6396455],[-100.7847226,19.6400393],[-100.7852332,19.6404094],[-100.7855755,19.6410349],[-100.7855292,19.6414198],[-100.7849351,19.6418947],[-100.7848419,19.6422086],[-100.7852583,19.6426962],[-100.7862923,19.6430182],[-100.7862833,19.6433498],[-100.7858598,19.6440148],[-100.7865994,19.6446072],[-100.786924,19.6452008],[-100.7862829,19.6460028],[-100.7862977,19.6463334],[-100.788998,19.6475797],[-100.7898811,19.6487985],[-100.7902171,19.6489305],[-100.791184,19.648246],[-100.7922911,19.6467745],[-100.7927417,19.6467786],[-100.7932714,19.6479113],[-100.7927625,19.6491193],[-100.7929315,19.6501474],[-100.7927927,19.6508383],[-100.7934967,19.6521941],[-100.7971922,19.6545881],[-100.7974268,19.6548429],[-100.7975972,19.6558473],[-100.7984615,19.6567395],[-100.7991777,19.6568942],[-100.7995126,19.657886],[-100.8010009,19.6587224],[-100.8020168,19.6585013],[-100.8024587,19.6586238],[-100.8026712,19.6590236],[-100.8026394,19.6597501],[-100.8037301,19.6615321],[-100.8061071,19.6627785],[-100.8061467,19.6636578],[-100.8049665,19.6647793],[-100.8046722,19.6647742],[-100.80419,19.6642792],[-100.8036295,19.6640714],[-100.8029136,19.6642138],[-100.8014543,19.6662277],[-100.8006227,19.6667115],[-100.8006629,19.667269],[-100.8013548,19.6674422],[-100.8019698,19.6663585],[-100.8032949,19.665854],[-100.8039916,19.6669969],[-100.8030514,19.6690992],[-100.8031943,19.6694418],[-100.8036677,19.6694809],[-100.80498,19.6684328],[-100.8059543,19.6681821],[-100.8069474,19.6687062],[-100.8070721,19.6699545],[-100.8093895,19.6703624],[-100.8096906,19.6699128],[-100.8088544,19.6686171],[-100.8089657,19.6671434],[-100.8093268,19.6662758],[-100.8099414,19.6658445],[-100.8104262,19.6650653],[-100.8107594,19.664898],[-100.8112992,19.6649914],[-100.8115789,19.6653987],[-100.8111866,19.666452],[-100.8125565,19.6677167],[-100.8133977,19.6696208],[-100.8138084,19.6699438],[-100.8142537,19.6697386],[-100.8141109,19.6683848],[-100.8146044,19.6673827],[-100.8150449,19.6674547],[-100.8155789,19.6681207],[-100.8164538,19.6679983],[-100.8170868,19.6690134],[-100.8177087,19.6705916],[-100.8182418,19.671217],[-100.8184104,19.6720218],[-100.8187551,19.6721304],[-100.819084,19.6719687],[-100.8194404,19.6701319],[-100.8189093,19.6683797],[-100.81896,19.667765],[-100.8194057,19.6673795],[-100.8212174,19.6672678],[-100.8216392,19.6677597],[-100.8222608,19.6700284],[-100.8220958,19.6708429],[-100.8214796,19.6717099],[-100.8214742,19.6720256],[-100.8216955,19.6721916],[-100.822653,19.6722365],[-100.8232572,19.6727953],[-100.8232686,19.673147],[-100.8225558,19.6739211],[-100.8233175,19.6756764],[-100.8234027,19.676566],[-100.8242811,19.6774796],[-100.8263585,19.6781489],[-100.8283983,19.6795418],[-100.8294806,19.6800507],[-100.8298943,19.6814201],[-100.8294799,19.6821134],[-100.8294142,19.6829626],[-100.8290407,19.6833717],[-100.8291956,19.6837972],[-100.8302678,19.6839968],[-100.831564,19.6848649],[-100.8322372,19.6848876],[-100.8327582,19.6845738],[-100.8332129,19.684594],[-100.8338834,19.684971],[-100.8344118,19.6856124],[-100.8352366,19.6858176],[-100.8363765,19.6853188],[-100.8369224,19.6843263],[-100.8375286,19.6840397],[-100.8379497,19.6835207],[-100.8385766,19.6832738],[-100.8389233,19.6826721],[-100.8398192,19.6820483],[-100.8404113,19.6818652],[-100.8406238,19.681314],[-100.8408941,19.6811171],[-100.8414077,19.6810969],[-100.8416927,19.6814372],[-100.8412562,19.6829392],[-100.8415666,19.6833629],[-100.84296,19.6828174],[-100.8445043,19.6803581],[-100.8450897,19.6805337],[-100.8456463,19.6811701],[-100.8467802,19.6806113],[-100.8481085,19.6807376],[-100.8486403,19.6812629],[-100.84906,19.6811916],[-100.8492719,19.6808689],[-100.8493464,19.679776],[-100.8499646,19.6793937],[-100.8502771,19.6789142],[-100.8501899,19.6779368],[-100.8507679,19.6763141],[-100.8508632,19.6744123],[-100.8515572,19.6739836],[-100.852914,19.6745023],[-100.8534951,19.6738939],[-100.8538143,19.6738106],[-100.855673,19.6739732],[-100.8568089,19.6744881],[-100.8584015,19.6761215],[-100.8609,19.6777095],[-100.8618334,19.6793991],[-100.8629425,19.6790543],[-100.8641696,19.6790291],[-100.8646671,19.6792046],[-100.8659975,19.6817061],[-100.8692122,19.6840713],[-100.8707517,19.684171],[-100.8709435,19.6838566],[-100.8709355,19.6829903],[-100.8712909,19.6827125],[-100.8729954,19.6832416],[-100.8732871,19.6831362],[-100.8736264,19.6826197],[-100.8740844,19.6826481],[-100.8748823,19.6842708],[-100.8746275,19.6852803],[-100.8758902,19.6854527],[-100.8771562,19.6863852],[-100.8779494,19.6861548],[-100.8787407,19.6864427],[-100.879202,19.6861876],[-100.8792168,19.6856572],[-100.8784403,19.6847999],[-100.8788225,19.6838932],[-100.8797318,19.6836394],[-100.8810228,19.6827575],[-100.881553,19.6826103],[-100.882355,19.6827959],[-100.8836022,19.6823135],[-100.8841963,19.6814258],[-100.8853758,19.6815666],[-100.8864326,19.6813406],[-100.8868785,19.6824221],[-100.8875276,19.6829664],[-100.8876751,19.6835864],[-100.8880681,19.6839109],[-100.8885039,19.6839185],[-100.8891651,19.6824196],[-100.8901696,19.6819019],[-100.8902098,19.6816304],[-100.8898196,19.6808449],[-100.8899429,19.6804724],[-100.8903064,19.6802451],[-100.8916743,19.6807496],[-100.8923073,19.6814208],[-100.8932997,19.6817971],[-100.8937061,19.6816708],[-100.8941205,19.6807786],[-100.8946154,19.6806947],[-100.8950298,19.6810009],[-100.8958599,19.6824966],[-100.8965533,19.6830763],[-100.8978595,19.6834929],[-100.899153,19.6833717],[-100.9004411,19.6823186],[-100.9020625,19.6825383],[-100.9027813,19.6824057],[-100.9031126,19.6816001],[-100.9042418,19.6807906],[-100.904561,19.680038],[-100.9050545,19.6794963],[-100.905135,19.6784684],[-100.9063058,19.6782651],[-100.9067135,19.6777196],[-100.9069844,19.6762093],[-100.9058002,19.675439],[-100.9052289,19.6744969],[-100.9057356,19.674105],[-100.9070179,19.6740676],[-100.9074195,19.6737247],[-100.9074362,19.6721425],[-100.907962,19.6716353],[-100.9082121,19.6708776],[-100.9072459,19.6690604],[-100.9059826,19.6689354],[-100.9053308,19.6685048],[-100.9051296,19.6681309],[-100.9053029,19.6676943],[-100.9064546,19.6676852],[-100.9086902,19.6688205],[-100.9091181,19.6688356],[-100.9098838,19.6666092],[-100.9092535,19.6653476],[-100.9098,19.6649807],[-100.9114851,19.6665473],[-100.9126834,19.6673726],[-100.9144211,19.667502],[-100.9145643,19.6677616],[-100.914522,19.6686582],[-100.9148305,19.6689505],[-100.9151993,19.6688558],[-100.916077,19.667814],[-100.916698,19.667915],[-100.9177856,19.6694102],[-100.9176113,19.6697853],[-100.9170493,19.6700164],[-100.9168737,19.6703965],[-100.9170789,19.6714617],[-100.9167872,19.6719845],[-100.9170145,19.6723476],[-100.9188417,19.671617],[-100.9202284,19.6700082],[-100.9218052,19.6696363],[-100.9228758,19.6702948],[-100.9232607,19.6702488],[-100.9234035,19.6698642],[-100.9230106,19.6694115],[-100.9229609,19.6688773],[-100.9232929,19.668315],[-100.9240363,19.6678968],[-100.9239279,19.6657163],[-100.9242806,19.6653488],[-100.9253347,19.6649131],[-100.9261099,19.6640815],[-100.9258148,19.6638637],[-100.9239306,19.6634381],[-100.9232895,19.6629115],[-100.9221402,19.6626286],[-100.9219055,19.6622042],[-100.9228939,19.6612671],[-100.923842,19.6592282],[-100.9246809,19.6585032],[-100.9245424,19.6572128],[-100.9261896,19.6566606],[-100.9269427,19.6553275],[-100.9275537,19.6554951],[-100.9284139,19.6561289],[-100.9293101,19.6557112],[-100.9294707,19.6554646],[-100.9292452,19.6543836],[-100.930799,19.6539983],[-100.9311497,19.6531717],[-100.9320395,19.6530836],[-100.9334665,19.653728],[-100.9354399,19.6537529],[-100.9395913,19.6509917],[-100.9401063,19.6509892],[-100.9406642,19.6515954],[-100.9410457,19.6517325],[-100.9416412,19.6511067],[-100.942877,19.65149],[-100.9437789,19.6508048],[-100.9454674,19.6503211],[-100.9459528,19.650544],[-100.9462331,19.6513315],[-100.9467039,19.6517615],[-100.9484453,19.6519491],[-100.948908,19.6521676],[-100.9493914,19.6533579],[-100.9497287,19.6535373],[-100.9509089,19.6526418],[-100.9521192,19.6523614],[-100.956333,19.6527953],[-100.9571289,19.6525604],[-100.9578907,19.6516087],[-100.9587409,19.6509709],[-100.9595107,19.6496087],[-100.9616257,19.6489539],[-100.962828,19.6481298],[-100.9652138,19.649185],[-100.9663048,19.6494079],[-100.966921,19.6500034],[-100.96789,19.6496492],[-100.9687295,19.6497294],[-100.9700431,19.6494452],[-100.9703797,19.6496902],[-100.9710315,19.6507764],[-100.9728628,19.6517887],[-100.9747933,19.6525408],[-100.9755088,19.6526153],[-100.9771047,19.6523867],[-100.9787871,19.6517988],[-100.9802268,19.6505137],[-100.9811079,19.650083],[-100.9829591,19.6500592],[-100.984415,19.6492387],[-100.9854215,19.6495276],[-100.9863549,19.649096],[-100.9888876,19.6484638],[-100.9892115,19.6486766],[-100.9897982,19.6500135],[-100.989754,19.6506848],[-100.9894066,19.6515588],[-100.9894744,19.651891],[-100.9911709,19.6525604],[-100.9942178,19.654912],[-100.9948857,19.6565652],[-100.9956931,19.6578257],[-100.9973386,19.6580391],[-100.9989975,19.6588095],[-101.0000557,19.6588701],[-101.0012801,19.6597138],[-101.00196,19.6605725],[-101.0025381,19.6609299],[-101.0029397,19.6634223],[-101.003798,19.6641017],[-101.0054664,19.6663888],[-101.0061812,19.666887],[-101.0065701,19.6681834],[-101.0060625,19.6705701],[-101.0070026,19.67234],[-101.0070629,19.6727656],[-101.0062578,19.6742489],[-101.0056398,19.6761608],[-101.0055138,19.6776964],[-101.0057241,19.6785197],[-101.0057379,19.6810912],[-101.0060035,19.6814624],[-101.0073779,19.6819595],[-101.0083676,19.6819001],[-101.0087997,19.6824246],[-101.0086066,19.6831924],[-101.0087755,19.6834828],[-101.0104063,19.6840839],[-101.0106717,19.6847072],[-101.0117338,19.6856163],[-101.0135713,19.6862027],[-101.013245,19.688061],[-101.0134489,19.6884448],[-101.0143195,19.6890812],[-101.015469,19.6892244],[-101.0166058,19.6883792],[-101.0176817,19.688114],[-101.0184179,19.6883741],[-101.0200471,19.6883842],[-101.0213576,19.6893439],[-101.0220121,19.6894247],[-101.0246943,19.6884145],[-101.0256599,19.6883337],[-101.0268615,19.6878589],[-101.0306729,19.6854168],[-101.0313944,19.6852249],[-101.0353375,19.6855108],[-101.0413132,19.6874246],[-101.0468263,19.6865533],[-101.0484695,19.6860411],[-101.0559879,19.6815768],[-101.0573673,19.6810806],[-101.0722044,19.6824979],[-101.0796806,19.6867578],[-101.0859641,19.6888773],[-101.0882304,19.6893439],[-101.0898529,19.6890238],[-101.0934967,19.6892732],[-101.0961038,19.6886974],[-101.0972679,19.6888842],[-101.0990784,19.6898363],[-101.0999091,19.6899759],[-101.1030284,19.688809],[-101.1049634,19.6874602],[-101.1090122,19.6888287],[-101.1097632,19.6888994],[-101.1266938,19.6876919],[-101.1308147,19.6857722],[-101.1312086,19.6857439],[-101.1336364,19.6865955],[-101.1359005,19.6878811],[-101.1364089,19.6884911],[-101.1365571,19.6895787],[-101.1369793,19.6901169],[-101.1397778,19.6909171],[-101.1405002,19.6913192],[-101.1412887,19.6921739],[-101.1428887,19.6921703],[-101.143802,19.6923637],[-101.1452544,19.6930593],[-101.1473704,19.6945314],[-101.1491252,19.6948326],[-101.1491255,19.6959092],[-101.149686,19.6967138],[-101.1515589,19.697945],[-101.1626011,19.7066853],[-101.1633302,19.7073764],[-101.1651384,19.709769],[-101.1653401,19.7104132],[-101.1659718,19.7106366],[-101.1718156,19.7150209]],[[-101.1723814,19.7154571],[-101.1788438,19.7201719],[-101.1801217,19.7202021],[-101.1819448,19.7192964],[-101.1828499,19.7191787],[-101.1839049,19.7194396],[-101.1879818,19.7213994]],[[-101.1881365,19.7210635],[-101.1879818,19.7213994]],[[-101.1881365,19.7210635],[-101.185074,19.7196146],[-101.1829569,19.7189401],[-101.1820584,19.7189963],[-101.1798113,19.7200225],[-101.1785745,19.7197644],[-101.1784282,19.7196604],[-101.1785027,19.7193809],[-101.1819528,19.7168197]]]}},{"type":"Feature","id":"Sin nombre — Constituyentes de Apatzingan de 1814 ↔ Ciudad Peluche","properties":{"ref":"Sin nombre — Constituyentes de Apatzingan de 1814 ↔ Ciudad Peluche","nombre":"Sin nombre — Constituyentes de Apatzingan de 1814 ↔ Ciudad Peluche","variantes":1,"osmid":18180905,"paradas":0,"sin_nombre":true},"geometry":{"type":"MultiLineString","coordinates":[[[-101.1959622,19.6822115],[-101.1961093,19.681604],[-101.1969686,19.6810611],[-101.1988893,19.6812238],[-101.2002102,19.6809903],[-101.2009607,19.6806],[-101.2013769,19.6799338],[-101.2023075,19.6769782]],[[-101.2022154,19.6769578],[-101.2023075,19.6769782]],[[-101.2013168,19.6778573],[-101.2016331,19.6777171],[-101.2022154,19.6769578]],[[-101.1974953,19.6777278],[-101.2013168,19.6778573]],[[-101.1966655,19.6776997],[-101.1974953,19.6777278]],[[-101.1966655,19.6776997],[-101.1966473,19.6793304]],[[-101.1924456,19.6784547],[-101.1936338,19.6783431],[-101.1966473,19.6793304]],[[-101.1929218,19.6773038],[-101.1924456,19.6784547]],[[-101.1929218,19.6773038],[-101.1925331,19.6757325],[-101.1917558,19.6743905],[-101.1911207,19.6743786],[-101.1911279,19.673963],[-101.1904495,19.6739568]],[[-101.1904411,19.6733664],[-101.1904495,19.6739568]],[[-101.1904377,19.6727388],[-101.1904411,19.6733664]],[[-101.1904344,19.6721124],[-101.1904377,19.6727388]],[[-101.1902883,19.6698712],[-101.1904912,19.6703937],[-101.1904344,19.6721124]],[[-101.1888485,19.6681274],[-101.189518,19.6683353],[-101.1897241,19.6690808],[-101.1902883,19.6698712]],[[-101.188766,19.6681098],[-101.1888485,19.6681274]],[[-101.1887229,19.6681236],[-101.188766,19.6681098]],[[-101.1841019,19.6684919],[-101.1845667,19.6688017],[-101.1869514,19.6681397],[-101.1881134,19.6683608],[-101.1887229,19.6681236]],[[-101.1849177,19.6674123],[-101.1840626,19.6678449],[-101.1841019,19.6684919]],[[-101.1906053,19.66547],[-101.187805,19.6662935],[-101.1871491,19.6667064],[-101.1849177,19.6674123]],[[-101.191366,19.6645989],[-101.1906053,19.66547]],[[-101.1918888,19.6637178],[-101.191366,19.6645989]]]}},{"type":"Feature","id":"Sin nombre — Ciudad Peluche ↔ Constituyentes de Apatzingan de 1814 (2)","properties":{"ref":"Sin nombre — Ciudad Peluche ↔ Constituyentes de Apatzingan de 1814 (2)","nombre":"Sin nombre — Ciudad Peluche ↔ Constituyentes de Apatzingan de 1814 (2)","variantes":1,"osmid":18180909,"paradas":0,"sin_nombre":true},"geometry":{"type":"MultiLineString","coordinates":[[[-101.1918888,19.6637178],[-101.1906053,19.66547],[-101.1874135,19.6664274],[-101.1871491,19.6667064],[-101.1849791,19.6673436],[-101.1840347,19.6679192],[-101.1841019,19.6684919],[-101.184399,19.6687916],[-101.1861758,19.6684651],[-101.1869514,19.6681397],[-101.1881134,19.6683608],[-101.188766,19.6681098],[-101.189518,19.6683353],[-101.1897241,19.6690808],[-101.1904722,19.6701821],[-101.1904495,19.6739568]],[[-101.1911279,19.673963],[-101.1904495,19.6739568]],[[-101.1911207,19.6743786],[-101.1911279,19.673963]],[[-101.1929218,19.6773038],[-101.1925331,19.6757325],[-101.1920463,19.6748332],[-101.1917558,19.6743905],[-101.1911207,19.6743786]],[[-101.1929218,19.6773038],[-101.1924456,19.6784547],[-101.1936338,19.6783431],[-101.1972804,19.6795104],[-101.1975286,19.6793904],[-101.1974953,19.6777278],[-101.2014134,19.677846],[-101.2022154,19.6769578],[-101.2012341,19.6801132],[-101.2007042,19.6807068],[-101.1984863,19.6811302],[-101.1970075,19.680954],[-101.195744,19.6814293]]]}},{"type":"Feature","id":"Sin nombre — Zona Ciudad Peluche","properties":{"ref":"Sin nombre — Zona Ciudad Peluche","nombre":"Sin nombre — Zona Ciudad Peluche","variantes":1,"osmid":18180946,"paradas":0,"sin_nombre":true},"geometry":{"type":"MultiLineString","coordinates":[[[-101.1920779,19.6823402],[-101.1921825,19.6819613]],[[-101.1972804,19.6795104],[-101.1975065,19.6796687],[-101.1975755,19.6800555],[-101.1970733,19.6805305],[-101.1960997,19.680653],[-101.195142,19.6810847],[-101.1927646,19.6813992],[-101.1921825,19.6819613]],[[-101.1966473,19.6793304],[-101.1972804,19.6795104]],[[-101.1924456,19.6784547],[-101.1936338,19.6783431],[-101.1966473,19.6793304]],[[-101.1929218,19.6773038],[-101.1924456,19.6784547]],[[-101.1904892,19.6767599],[-101.1929218,19.6773038]],[[-101.1904495,19.6739568],[-101.1904892,19.6767599]],[[-101.1904411,19.6733664],[-101.1904495,19.6739568]],[[-101.1904377,19.6727388],[-101.1904411,19.6733664]],[[-101.1904344,19.6721124],[-101.1904377,19.6727388]],[[-101.1902883,19.6698712],[-101.1904912,19.6703937],[-101.1904344,19.6721124]],[[-101.1888485,19.6681274],[-101.189518,19.6683353],[-101.1897241,19.6690808],[-101.1902883,19.6698712]],[[-101.188766,19.6681098],[-101.1888485,19.6681274]],[[-101.1887229,19.6681236],[-101.188766,19.6681098]],[[-101.1841019,19.6684919],[-101.1845667,19.6688017],[-101.1869514,19.6681397],[-101.1881134,19.6683608],[-101.1887229,19.6681236]],[[-101.1849177,19.6674123],[-101.1840626,19.6678449],[-101.1841019,19.6684919]],[[-101.1906053,19.66547],[-101.187805,19.6662935],[-101.1871491,19.6667064],[-101.1849177,19.6674123]],[[-101.191366,19.6645989],[-101.1906053,19.66547]],[[-101.191366,19.6645989],[-101.1907504,19.6644966],[-101.1877102,19.663068]],[[-101.188098,19.6628354],[-101.1877102,19.663068]],[[-101.1874326,19.6607925],[-101.188098,19.6628354]],[[-101.1869981,19.659465],[-101.1874326,19.6607925]],[[-101.1869981,19.659465],[-101.1862258,19.6571112],[-101.1840898,19.658237],[-101.1838085,19.6577931],[-101.1823759,19.658576]],[[-101.1821282,19.6582221],[-101.1823759,19.658576]],[[-101.1815603,19.6575548],[-101.1821282,19.6582221]],[[-101.1809908,19.6565455],[-101.1815603,19.6575548]],[[-101.1809908,19.6565455],[-101.1809043,19.6545602]]]}},{"type":"Feature","id":"Sin nombre — Constituyentes de Apatzingan de 1814 ↔ La Aldea","properties":{"ref":"Sin nombre — Constituyentes de Apatzingan de 1814 ↔ La Aldea","nombre":"Sin nombre — Constituyentes de Apatzingan de 1814 ↔ La Aldea","variantes":1,"osmid":18180960,"paradas":0,"sin_nombre":true},"geometry":{"type":"MultiLineString","coordinates":[[[-101.2175693,19.6839586],[-101.2162826,19.6831823],[-101.2140675,19.687833],[-101.2072327,19.6865662],[-101.2046608,19.6864059],[-101.2045774,19.6855883]],[[-101.2040593,19.6856123],[-101.2045774,19.6855883]],[[-101.2041164,19.6863752],[-101.2040593,19.6856123]],[[-101.2041164,19.6863752],[-101.203709,19.6861913],[-101.20262,19.685108],[-101.1991668,19.6849425],[-101.1977716,19.6838531],[-101.1956587,19.6880665]],[[-101.1956363,19.6880659],[-101.1956587,19.6880665]],[[-101.1956363,19.6880659],[-101.1957578,19.6826683],[-101.1959622,19.6822115],[-101.1957684,19.6819619],[-101.1954822,19.6821299],[-101.195641,19.6832139]],[[-101.1955146,19.6833105],[-101.195641,19.6832139]],[[-101.1955146,19.6833105],[-101.1952233,19.6955497],[-101.1951188,19.6962549],[-101.1943004,19.6961633],[-101.1940774,19.7029512]],[[-101.1941278,19.7029519],[-101.1940774,19.7029512]],[[-101.1941278,19.7029519],[-101.1940284,19.707346],[-101.1968284,19.7073299]],[[-101.196829,19.7072524],[-101.1968284,19.7073299]],[[-101.196829,19.7072524],[-101.19771,19.7069858],[-101.1979739,19.7072054]],[[-101.1978031,19.7090216],[-101.1979739,19.7072054]],[[-101.197412,19.7132017],[-101.1978031,19.7090216]],[[-101.1973966,19.713413],[-101.197412,19.7132017]],[[-101.197429,19.7134768],[-101.1973966,19.713413]],[[-101.197429,19.7134768],[-101.1967663,19.7201172],[-101.1942819,19.7201157],[-101.1944037,19.723032],[-101.1930841,19.7232031],[-101.192881,19.7235643],[-101.1958642,19.7246729],[-101.2043057,19.7257493]],[[-101.2039492,19.726999],[-101.2043057,19.7257493]],[[-101.2030057,19.7267513],[-101.2039492,19.726999]],[[-101.2023518,19.7292655],[-101.2030057,19.7267513]],[[-101.2023303,19.7315024],[-101.2023518,19.7292655]],[[-101.2005395,19.7314602],[-101.2023303,19.7315024]],[[-101.1994661,19.7314313],[-101.2005395,19.7314602]],[[-101.1993458,19.7314183],[-101.1994661,19.7314313]],[[-101.1993458,19.7314183],[-101.1992262,19.7325359]],[[-101.1990367,19.7331474],[-101.1992262,19.7325359]],[[-101.1990108,19.7332141],[-101.1990367,19.7331474]],[[-101.1986168,19.734367],[-101.1990108,19.7332141]],[[-101.1995762,19.7397085],[-101.1991131,19.7363766],[-101.1986168,19.734367]],[[-101.1995762,19.7397085],[-101.1996268,19.740209],[-101.2009604,19.7419799],[-101.2037694,19.7466053],[-101.2010468,19.7470103]],[[-101.2004211,19.7465358],[-101.2010468,19.7470103]],[[-101.2004211,19.7465358],[-101.1989712,19.746894]],[[-101.1984989,19.7475017],[-101.1989712,19.746894]],[[-101.1984989,19.7475017],[-101.1973858,19.7487204],[-101.1969459,19.7497664]],[[-101.1967489,19.7518062],[-101.1969459,19.7497664]],[[-101.1967423,19.7518633],[-101.1967489,19.7518062]],[[-101.1967423,19.7518633],[-101.200221,19.7521214],[-101.2001473,19.7532167],[-101.2017054,19.7535174],[-101.20267,19.7548809],[-101.2044125,19.7563847],[-101.2045408,19.7567331],[-101.2034947,19.7629677]],[[-101.2033179,19.7634066],[-101.2034947,19.7629677]],[[-101.2033179,19.7634066],[-101.2017444,19.7636796],[-101.2008043,19.7631041],[-101.1996576,19.7630283],[-101.1990072,19.7627405],[-101.1952951,19.7626036],[-101.1938922,19.7626156],[-101.1945343,19.7627559]]]}}]}